,,,,Time ,Signal,,,,,,,,,,,,,,,,,,,,,,,,,,,,,,,,,,,,,,,,,,,,,,,,,,,,,,,,,,,,,,,,,,,,,,,,,,,,,,,,,,,,,,,,,,,,,,,,,,,,,,,,,,,,,,,,,,,,,,,,,,,,,,,,,,,,,,,,,,,,,,,,,,,,,,,,,,,,,,,,,,,,,,,,,,,,,,,,,,,,,,,,,,,,,,,,,,,,,,,,,,,,,,,,,,,,,,,,,,,,,,,,,,,,,,,,,,,,,,,,,,,,,,,,,,,,,,,
1,LFP1,38,0,30.03121662,7.58E-05,7.24E-05,6.93E-05,6.53E-05,5.95E-05,5.32E-05,4.63E-05,4.06E-05,3.78E-05,3.49E-05,3.23E-05,2.88E-05,2.44E-05,2.08E-05,1.80E-05,1.71E-05,1.52E-05,1.27E-05,9.48E-06,6.17E-06,3.07E-06,6.02E-07,-8.61E-07,-1.83E-06,-1.93E-06,-2.72E-06,-5.63E-06,-1.03E-05,-1.35E-05,-1.57E-05,-1.75E-05,-1.57E-05,-6.99E-06,4.90E-06,1.48E-05,2.38E-05,2.90E-05,3.23E-05,3.21E-05,3.14E-05,2.51E-05,1.51E-05,1.80E-06,-1.00E-05,-1.91E-05,-2.46E-05,-2.64E-05,-2.64E-05,-2.68E-05,-2.89E-05,-3.33E-05,-3.76E-05,-4.21E-05,-4.66E-05,-5.09E-05,-5.47E-05,-5.71E-05,-5.95E-05,-6.25E-05,-6.56E-05,-6.90E-05,-6.95E-05,-6.90E-05,-6.83E-05,-7.05E-05,-7.43E-05,-7.76E-05,-7.79E-05,-7.37E-05,-6.88E-05,-6.78E-05,-7.18E-05,-7.88E-05,-8.59E-05,-9.22E-05,-9.40E-05,-9.51E-05,-9.66E-05,-9.67E-05,-9.49E-05,-9.12E-05,-8.98E-05,-9.23E-05,-9.51E-05,-9.72E-05,-9.77E-05,-9.90E-05,-1.01E-04,-1.05E-04,-1.07E-04,-1.10E-04,-1.12E-04,-1.12E-04,-1.10E-04,-1.07E-04,-1.05E-04,-1.06E-04,-1.07E-04,-1.08E-04,-1.07E-04,-1.06E-04,-1.06E-04,-1.07E-04,-1.08E-04,-1.07E-04,-1.06E-04,-1.05E-04,-1.05E-04,-1.05E-04,-1.08E-04,-1.10E-04,-1.11E-04,-1.10E-04,-1.08E-04,-1.08E-04,-1.09E-04,-1.12E-04,-1.13E-04,-1.14E-04,-1.14E-04,-1.14E-04,-1.16E-04,-1.17E-04,-1.17E-04,-1.16E-04,-1.15E-04,-1.14E-04,-1.13E-04,-1.12E-04,-1.11E-04,-1.14E-04,-1.17E-04,-1.21E-04,-1.24E-04,-1.24E-04,-1.19E-04,-1.17E-04,-1.17E-04,-1.20E-04,-1.24E-04,-1.27E-04,-1.29E-04,-1.29E-04,-1.29E-04,-1.19E-04,-1.04E-04,-9.13E-05,-8.13E-05,-7.38E-05,-6.93E-05,-6.81E-05,-6.91E-05,-7.03E-05,-7.43E-05,-8.56E-05,-1.01E-04,-1.15E-04,-1.22E-04,-1.24E-04,-1.25E-04,-1.25E-04,-1.27E-04,-1.30E-04,-1.33E-04,-1.35E-04,-1.36E-04,-1.36E-04,-1.35E-04,-1.33E-04,-1.33E-04,-1.33E-04,-1.35E-04,-1.37E-04,-1.41E-04,-1.44E-04,-1.47E-04,-1.48E-04,-1.48E-04,-1.47E-04,-1.46E-04,-1.46E-04,-1.46E-04,-1.47E-04,-1.50E-04,-1.54E-04,-1.58E-04,-1.61E-04,-1.63E-04,-1.65E-04,-1.65E-04,-1.66E-04,-1.67E-04,-1.69E-04,-1.73E-04,-1.76E-04,-1.78E-04,-1.76E-04,-1.74E-04,-1.72E-04,-1.68E-04,-1.65E-04,-1.64E-04,-1.65E-04,-1.67E-04,-1.69E-04,-1.69E-04,-1.68E-04,-1.67E-04,-1.65E-04,-1.62E-04,-1.60E-04,-1.59E-04,-1.58E-04,-1.58E-04,-1.58E-04,-1.59E-04,-1.58E-04,-1.59E-04,-1.57E-04,-1.56E-04,-1.54E-04,-1.53E-04,-1.53E-04,-1.50E-04,-1.48E-04,-1.45E-04,-1.44E-04,-1.44E-04,-1.44E-04,-1.45E-04,-1.44E-04,-1.42E-04,-1.44E-04,-1.47E-04,-1.50E-04,-1.52E-04,-1.51E-04,-1.50E-04,-1.47E-04,-1.46E-04,-1.44E-04,-1.42E-04,-1.41E-04,-1.39E-04,-1.33E-04,-1.28E-04,-1.18E-04,-1.02E-04,-8.81E-05,-7.66E-05,-6.81E-05,-6.42E-05,-6.23E-05,-5.83E-05,-5.18E-05,-4.70E-05
2,LFP1,38,0,30.11510277,-4.57E-05,-4.96E-05,-5.79E-05,-6.52E-05,-6.99E-05,-7.09E-05,-6.88E-05,-6.70E-05,-6.59E-05,-6.39E-05,-6.00E-05,-5.75E-05,-5.54E-05,-5.26E-05,-4.97E-05,-4.80E-05,-4.51E-05,-4.30E-05,-4.20E-05,-4.02E-05,-4.22E-05,-4.51E-05,-4.58E-05,-4.39E-05,-4.21E-05,-4.04E-05,-3.98E-05,-3.91E-05,-4.06E-05,-4.38E-05,-4.79E-05,-5.19E-05,-5.66E-05,-6.20E-05,-6.45E-05,-6.68E-05,-6.90E-05,-7.03E-05,-7.22E-05,-7.37E-05,-7.49E-05,-7.39E-05,-7.18E-05,-7.04E-05,-6.97E-05,-6.92E-05,-7.01E-05,-7.24E-05,-7.42E-05,-7.64E-05,-7.82E-05,-8.01E-05,-8.00E-05,-8.06E-05,-8.09E-05,-7.96E-05,-7.91E-05,-7.84E-05,-7.74E-05,-7.52E-05,-7.23E-05,-6.96E-05,-6.62E-05,-6.36E-05,-6.27E-05,-6.18E-05,-5.90E-05,-5.63E-05,-5.68E-05,-5.83E-05,-5.94E-05,-6.16E-05,-6.27E-05,-6.25E-05,-6.10E-05,-5.97E-05,-5.80E-05,-5.54E-05,-5.49E-05,-5.57E-05,-5.54E-05,-5.49E-05,-5.71E-05,-5.74E-05,-5.78E-05,-5.80E-05,-5.96E-05,-5.97E-05,-5.73E-05,-5.49E-05,-5.20E-05,-5.20E-05,-5.32E-05,-5.46E-05,-5.43E-05,-5.15E-05,-5.03E-05,-4.95E-05,-4.98E-05,-4.63E-05,-3.61E-05,-2.44E-05,-1.39E-05,-6.87E-06,-2.19E-06,-1.51E-07,1.69E-06,5.05E-06,7.45E-06,3.53E-06,-4.77E-06,-1.13E-05,-1.82E-05,-2.31E-05,-2.46E-05,-2.41E-05,-2.11E-05,-1.80E-05,-1.67E-05,-1.75E-05,-1.94E-05,-1.97E-05,-2.03E-05,-2.17E-05,-2.20E-05,-2.10E-05,-1.88E-05,-1.73E-05,-1.60E-05,-1.37E-05,-1.21E-05,-1.34E-05,-1.61E-05,-1.89E-05,-1.95E-05,-2.02E-05,-2.10E-05,-2.29E-05,-2.17E-05,-1.93E-05,-1.81E-05,-1.88E-05,-2.20E-05,-2.48E-05,-2.60E-05,-2.74E-05,-2.96E-05,-3.30E-05,-3.66E-05,-4.01E-05,-4.33E-05,-4.58E-05,-4.88E-05,-4.98E-05,-5.11E-05,-5.12E-05,-4.88E-05,-4.71E-05,-4.58E-05,-4.54E-05,-4.56E-05,-4.49E-05,-4.37E-05,-4.39E-05,-4.54E-05,-4.65E-05,-4.47E-05,-4.15E-05,-3.94E-05,-3.75E-05,-3.86E-05,-3.97E-05,-3.96E-05,-3.79E-05,-3.61E-05,-3.46E-05,-3.15E-05,-2.75E-05,-2.46E-05,-2.20E-05,-2.08E-05,-2.03E-05,-2.02E-05,-1.92E-05,-1.87E-05,-2.02E-05,-2.16E-05,-2.25E-05,-2.21E-05,-2.11E-05,-1.98E-05,-1.63E-05,-1.25E-05,-1.04E-05,-8.74E-06,-6.15E-06,-3.89E-06,-4.69E-06,-7.40E-06,-1.02E-05,-1.03E-05,-9.74E-06,-7.09E-06,-3.00E-06,-5.77E-10,9.50E-07,1.58E-06,7.29E-07,-6.42E-07,-8.91E-07,1.26E-06,3.88E-06,5.32E-06,5.90E-06,5.80E-06,1.43E-05,2.90E-05,4.28E-05,5.48E-05,6.31E-05,6.67E-05,6.82E-05,6.80E-05,6.68E-05,6.34E-05,5.48E-05,4.52E-05,3.59E-05,2.73E-05,2.20E-05,2.08E-05,2.17E-05,2.04E-05,2.00E-05,2.12E-05,2.16E-05,2.19E-05,2.10E-05,1.74E-05,1.29E-05,9.76E-06,7.88E-06,8.06E-06,7.65E-06,7.31E-06,6.56E-06,6.77E-06,7.84E-06,9.10E-06,8.01E-06,6.49E-06,5.39E-06,4.35E-06,2.70E-06,3.68E-07,-2.48E-06
3,LFP1,38,0,30.19898891,-4.65E-06,-5.42E-06,-6.78E-06,-7.98E-06,-1.00E-05,-1.16E-05,-1.05E-05,-8.95E-06,-6.70E-06,-4.45E-06,-1.82E-06,-2.62E-07,-1.71E-06,-2.14E-06,-1.96E-06,-9.34E-07,1.31E-06,1.47E-06,8.60E-07,-7.96E-07,-2.56E-06,-2.97E-06,-3.51E-06,-3.67E-06,-2.94E-06,-3.15E-06,-4.70E-06,-6.06E-06,-5.34E-06,-2.70E-06,-9.77E-07,6.63E-07,1.81E-06,2.30E-06,2.93E-06,4.20E-06,6.48E-06,7.32E-06,3.97E-06,9.01E-08,-1.63E-06,-3.11E-06,-5.01E-06,-6.16E-06,-5.50E-06,-3.84E-06,-2.49E-06,-1.82E-06,-1.64E-06,-1.41E-06,-2.33E-06,-2.61E-06,-2.35E-06,-2.50E-06,-5.25E-06,-7.53E-06,-7.59E-06,-6.02E-06,-6.51E-06,-4.20E-06,2.51E-06,9.71E-06,1.52E-05,1.82E-05,1.93E-05,2.74E-05,3.94E-05,5.14E-05,6.00E-05,6.40E-05,6.69E-05,6.94E-05,7.06E-05,6.79E-05,6.12E-05,5.27E-05,4.53E-05,3.96E-05,3.76E-05,3.89E-05,3.93E-05,3.82E-05,4.03E-05,4.33E-05,4.73E-05,5.12E-05,5.30E-05,5.22E-05,5.14E-05,5.14E-05,5.18E-05,5.20E-05,5.48E-05,5.73E-05,5.79E-05,5.83E-05,5.95E-05,5.99E-05,5.84E-05,5.64E-05,5.66E-05,5.72E-05,5.92E-05,6.31E-05,6.46E-05,6.44E-05,6.31E-05,6.15E-05,5.79E-05,5.42E-05,5.12E-05,4.92E-05,4.68E-05,4.59E-05,4.65E-05,4.85E-05,5.01E-05,5.08E-05,5.22E-05,5.25E-05,5.34E-05,5.52E-05,5.58E-05,5.61E-05,5.89E-05,6.06E-05,6.27E-05,6.50E-05,6.80E-05,7.08E-05,7.47E-05,7.82E-05,8.00E-05,8.30E-05,8.61E-05,8.90E-05,9.16E-05,9.47E-05,9.58E-05,9.55E-05,9.36E-05,9.21E-05,9.15E-05,9.36E-05,9.82E-05,1.03E-04,1.07E-04,1.10E-04,1.12E-04,1.13E-04,1.11E-04,1.09E-04,1.06E-04,1.05E-04,1.05E-04,1.07E-04,1.10E-04,1.11E-04,1.11E-04,1.11E-04,1.12E-04,1.12E-04,1.13E-04,1.15E-04,1.16E-04,1.15E-04,1.14E-04,1.13E-04,1.14E-04,1.15E-04,1.17E-04,1.23E-04,1.36E-04,1.53E-04,1.67E-04,1.78E-04,1.86E-04,1.93E-04,1.98E-04,1.99E-04,1.96E-04,1.88E-04,1.77E-04,1.68E-04,1.63E-04,1.60E-04,1.57E-04,1.56E-04,1.56E-04,1.57E-04,1.58E-04,1.60E-04,1.65E-04,1.70E-04,1.72E-04,1.72E-04,1.75E-04,1.78E-04,1.79E-04,1.83E-04,1.89E-04,1.94E-04,1.95E-04,1.93E-04,1.91E-04,1.91E-04,1.92E-04,1.90E-04,1.90E-04,1.90E-04,1.91E-04,1.94E-04,1.98E-04,2.00E-04,2.01E-04,2.00E-04,1.97E-04,1.97E-04,2.00E-04,2.09E-04,2.35E-04,2.68E-04,3.00E-04,3.25E-04,3.39E-04,3.44E-04,3.44E-04,3.41E-04,3.34E-04,3.29E-04,3.25E-04,3.22E-04,3.15E-04,3.00E-04,2.82E-04,2.64E-04,2.50E-04,2.41E-04,2.38E-04,2.35E-04,2.34E-04,2.35E-04,2.37E-04,2.41E-04,2.47E-04,2.55E-04,2.60E-04,2.61E-04,2.61E-04,2.62E-04,2.62E-04,2.62E-04,2.62E-04,2.60E-04,2.58E-04,2.59E-04
4,LFP1,38,0,30.28287482,2.61E-04,2.65E-04,2.69E-04,2.68E-04,2.67E-04,2.65E-04,2.65E-04,2.64E-04,2.62E-04,2.60E-04,2.61E-04,2.62E-04,2.63E-04,2.63E-04,2.61E-04,2.59E-04,2.58E-04,2.55E-04,2.55E-04,2.55E-04,2.55E-04,2.56E-04,2.58E-04,2.62E-04,2.74E-04,2.92E-04,3.09E-04,3.23E-04,3.32E-04,3.37E-04,3.40E-04,3.43E-04,3.44E-04,3.39E-04,3.32E-04,3.24E-04,3.15E-04,3.11E-04,3.10E-04,3.11E-04,3.15E-04,3.19E-04,3.24E-04,3.27E-04,3.30E-04,3.29E-04,3.27E-04,3.27E-04,3.29E-04,3.32E-04,3.35E-04,3.37E-04,3.39E-04,3.41E-04,3.43E-04,3.45E-04,3.45E-04,3.44E-04,3.43E-04,3.40E-04,3.38E-04,3.39E-04,3.36E-04,3.34E-04,3.32E-04,3.31E-04,3.29E-04,3.27E-04,3.26E-04,3.25E-04,3.24E-04,3.22E-04,3.22E-04,3.20E-04,3.21E-04,3.23E-04,3.25E-04,3.27E-04,3.29E-04,3.34E-04,3.39E-04,3.43E-04,3.44E-04,3.44E-04,3.44E-04,3.45E-04,3.48E-04,3.51E-04,3.54E-04,3.56E-04,3.57E-04,3.59E-04,3.61E-04,3.63E-04,3.66E-04,3.70E-04,3.72E-04,3.72E-04,3.71E-04,3.69E-04,3.67E-04,3.65E-04,3.64E-04,3.63E-04,3.62E-04,3.64E-04,3.64E-04,3.66E-04,3.66E-04,3.66E-04,3.64E-04,3.63E-04,3.62E-04,3.60E-04,3.60E-04,3.62E-04,3.60E-04,3.57E-04,3.57E-04,3.57E-04,3.59E-04,3.60E-04,3.61E-04,3.62E-04,3.64E-04,3.65E-04,3.66E-04,3.66E-04,3.73E-04,3.88E-04,4.05E-04,4.19E-04,4.29E-04,4.35E-04,4.39E-04,4.40E-04,4.39E-04,4.34E-04,4.28E-04,4.20E-04,4.15E-04,4.12E-04,4.09E-04,4.10E-04,4.13E-04,4.15E-04,4.17E-04,4.19E-04,4.23E-04,4.27E-04,4.30E-04,4.31E-04,4.36E-04,4.39E-04,4.40E-04,4.40E-04,4.39E-04,4.37E-04,4.35E-04,4.35E-04,4.38E-04,4.40E-04,4.41E-04,4.40E-04,4.39E-04,4.37E-04,4.36E-04,4.35E-04,4.36E-04,4.37E-04,4.37E-04,4.37E-04,4.36E-04,4.35E-04,4.35E-04,4.36E-04,4.38E-04,4.41E-04,4.44E-04,4.46E-04,4.46E-04,4.46E-04,4.48E-04,4.48E-04,4.50E-04,4.53E-04,4.55E-04,4.58E-04,4.61E-04,4.62E-04,4.63E-04,4.65E-04,4.68E-04,4.72E-04,4.77E-04,4.80E-04,4.82E-04,4.83E-04,4.83E-04,4.83E-04,4.83E-04,4.84E-04,4.83E-04,4.84E-04,4.85E-04,4.84E-04,4.84E-04,4.84E-04,4.83E-04,4.83E-04,4.84E-04,4.83E-04,4.79E-04,4.75E-04,4.71E-04,4.69E-04,4.68E-04,4.68E-04,4.68E-04,4.66E-04,4.63E-04,4.59E-04,4.56E-04,4.54E-04,4.51E-04,4.50E-04,4.49E-04,4.48E-04,4.48E-04,4.47E-04,4.43E-04,4.39E-04,4.40E-04,4.42E-04,4.44E-04,4.46E-04,4.46E-04,4.45E-04,4.45E-04,4.45E-04,4.44E-04,4.43E-04,4.44E-04,4.52E-04,4.64E-04,4.78E-04,4.91E-04,5.02E-04,5.08E-04,5.08E-04,5.06E-04,5.04E-04,4.99E-04,4.90E-04,4.79E-04,4.69E-04
5,LFP1,38,0,30.36676097,4.61E-04,4.60E-04,4.59E-04,4.60E-04,4.61E-04,4.59E-04,4.58E-04,4.55E-04,4.53E-04,4.56E-04,4.59E-04,4.62E-04,4.64E-04,4.63E-04,4.63E-04,4.63E-04,4.63E-04,4.64E-04,4.68E-04,4.72E-04,4.73E-04,4.74E-04,4.73E-04,4.71E-04,4.68E-04,4.67E-04,4.66E-04,4.64E-04,4.61E-04,4.60E-04,4.57E-04,4.55E-04,4.56E-04,4.58E-04,4.60E-04,4.62E-04,4.65E-04,4.68E-04,4.69E-04,4.69E-04,4.69E-04,4.69E-04,4.70E-04,4.69E-04,4.67E-04,4.64E-04,4.63E-04,4.65E-04,4.67E-04,4.69E-04,4.71E-04,4.70E-04,4.70E-04,4.72E-04,4.75E-04,4.76E-04,4.78E-04,4.80E-04,4.81E-04,4.82E-04,4.86E-04,4.92E-04,4.94E-04,4.94E-04,4.93E-04,4.95E-04,4.97E-04,4.99E-04,4.97E-04,4.98E-04,4.99E-04,5.02E-04,5.07E-04,5.09E-04,5.11E-04,5.09E-04,5.06E-04,5.07E-04,5.08E-04,5.13E-04,5.19E-04,5.23E-04,5.24E-04,5.24E-04,5.24E-04,5.24E-04,5.27E-04,5.31E-04,5.36E-04,5.39E-04,5.42E-04,5.47E-04,5.57E-04,5.68E-04,5.77E-04,5.90E-04,6.06E-04,6.20E-04,6.27E-04,6.30E-04,6.30E-04,6.33E-04,6.38E-04,6.38E-04,6.31E-04,6.23E-04,6.17E-04,6.15E-04,6.15E-04,6.17E-04,6.18E-04,6.19E-04,6.21E-04,6.24E-04,6.29E-04,6.32E-04,6.33E-04,6.32E-04,6.30E-04,6.28E-04,6.25E-04,6.22E-04,6.20E-04,6.18E-04,6.17E-04,6.16E-04,6.13E-04,6.14E-04,6.14E-04,6.15E-04,6.17E-04,6.14E-04,6.11E-04,6.09E-04,6.08E-04,6.07E-04,6.05E-04,6.03E-04,6.02E-04,6.04E-04,6.05E-04,6.06E-04,6.06E-04,6.07E-04,6.06E-04,6.05E-04,6.03E-04,6.03E-04,6.01E-04,5.96E-04,5.92E-04,5.93E-04,5.95E-04,5.96E-04,5.94E-04,5.89E-04,5.82E-04,5.75E-04,5.71E-04,5.68E-04,5.63E-04,5.59E-04,5.58E-04,5.56E-04,5.54E-04,5.52E-04,5.51E-04,5.49E-04,5.47E-04,5.46E-04,5.44E-04,5.44E-04,5.45E-04,5.47E-04,5.49E-04,5.48E-04,5.47E-04,5.45E-04,5.44E-04,5.41E-04,5.40E-04,5.38E-04,5.34E-04,5.31E-04,5.29E-04,5.28E-04,5.27E-04,5.28E-04,5.28E-04,5.28E-04,5.27E-04,5.29E-04,5.34E-04,5.41E-04,5.45E-04,5.50E-04,5.50E-04,5.49E-04,5.49E-04,5.48E-04,5.45E-04,5.41E-04,5.36E-04,5.31E-04,5.24E-04,5.19E-04,5.14E-04,5.12E-04,5.11E-04,5.12E-04,5.13E-04,5.13E-04,5.13E-04,5.14E-04,5.16E-04,5.18E-04,5.19E-04,5.18E-04,5.15E-04,5.11E-04,5.10E-04,5.18E-04,5.33E-04,5.45E-04,5.53E-04,5.60E-04,5.63E-04,5.63E-04,5.62E-04,5.60E-04,5.58E-04,5.57E-04,5.52E-04,5.41E-04,5.29E-04,5.18E-04,5.10E-04,5.06E-04,5.04E-04,5.05E-04,5.08E-04,5.08E-04,5.07E-04,5.05E-04,5.02E-04,5.05E-04,5.10E-04,5.16E-04,5.18E-04,5.17E-04,5.19E-04,5.23E-04,5.24E-04,5.24E-04,5.23E-04,5.22E-04
6,LFP1,38,0,30.45064712,5.22E-04,5.22E-04,5.22E-04,5.24E-04,5.26E-04,5.27E-04,5.33E-04,5.46E-04,5.54E-04,5.56E-04,5.54E-04,5.49E-04,5.41E-04,5.34E-04,5.28E-04,5.25E-04,5.26E-04,5.28E-04,5.30E-04,5.32E-04,5.31E-04,5.30E-04,5.29E-04,5.28E-04,5.28E-04,5.27E-04,5.26E-04,5.25E-04,5.26E-04,5.29E-04,5.31E-04,5.32E-04,5.32E-04,5.31E-04,5.29E-04,5.30E-04,5.31E-04,5.33E-04,5.35E-04,5.37E-04,5.38E-04,5.40E-04,5.39E-04,5.39E-04,5.39E-04,5.36E-04,5.34E-04,5.34E-04,5.34E-04,5.35E-04,5.35E-04,5.38E-04,5.42E-04,5.45E-04,5.46E-04,5.45E-04,5.45E-04,5.45E-04,5.47E-04,5.49E-04,5.50E-04,5.50E-04,5.48E-04,5.46E-04,5.44E-04,5.43E-04,5.44E-04,5.46E-04,5.51E-04,5.58E-04,5.61E-04,5.63E-04,5.65E-04,5.65E-04,5.65E-04,5.65E-04,5.66E-04,5.67E-04,5.68E-04,5.70E-04,5.71E-04,5.70E-04,5.71E-04,5.73E-04,5.76E-04,5.77E-04,5.78E-04,5.79E-04,5.86E-04,6.02E-04,6.18E-04,6.32E-04,6.43E-04,6.50E-04,6.54E-04,6.57E-04,6.60E-04,6.65E-04,6.74E-04,6.81E-04,6.80E-04,6.73E-04,6.63E-04,6.54E-04,6.48E-04,6.45E-04,6.45E-04,6.46E-04,6.49E-04,6.52E-04,6.56E-04,6.61E-04,6.67E-04,6.71E-04,6.73E-04,6.73E-04,6.74E-04,6.73E-04,6.71E-04,6.70E-04,6.71E-04,6.75E-04,6.77E-04,6.77E-04,6.78E-04,6.80E-04,6.83E-04,6.84E-04,6.86E-04,6.86E-04,6.83E-04,6.82E-04,6.83E-04,6.83E-04,6.83E-04,6.83E-04,6.85E-04,6.88E-04,6.91E-04,6.92E-04,6.90E-04,6.88E-04,6.88E-04,6.88E-04,6.90E-04,6.90E-04,6.91E-04,6.89E-04,6.86E-04,6.85E-04,6.86E-04,6.85E-04,6.85E-04,6.86E-04,6.88E-04,6.91E-04,6.97E-04,7.01E-04,7.03E-04,7.03E-04,7.03E-04,7.03E-04,7.06E-04,7.10E-04,7.12E-04,7.12E-04,7.12E-04,7.13E-04,7.13E-04,7.15E-04,7.16E-04,7.15E-04,7.14E-04,7.15E-04,7.17E-04,7.19E-04,7.20E-04,7.20E-04,7.18E-04,7.16E-04,7.15E-04,7.15E-04,7.16E-04,7.17E-04,7.18E-04,7.18E-04,7.18E-04,7.18E-04,7.19E-04,7.20E-04,7.20E-04,7.22E-04,7.25E-04,7.28E-04,7.29E-04,7.28E-04,7.27E-04,7.25E-04,7.26E-04,7.32E-04,7.42E-04,7.52E-04,7.63E-04,7.71E-04,7.78E-04,7.84E-04,7.86E-04,7.87E-04,7.87E-04,7.81E-04,7.70E-04,7.62E-04,7.55E-04,7.50E-04,7.49E-04,7.49E-04,7.49E-04,7.48E-04,7.47E-04,7.47E-04,7.46E-04,7.47E-04,7.48E-04,7.49E-04,7.53E-04,7.58E-04,7.60E-04,7.60E-04,7.59E-04,7.57E-04,7.55E-04,7.55E-04,7.56E-04,7.58E-04,7.59E-04,7.58E-04,7.55E-04,7.53E-04,7.52E-04,7.51E-04,7.52E-04,7.51E-04,7.49E-04,7.47E-04,7.45E-04,7.42E-04,7.37E-04,7.34E-04,7.32E-04,7.28E-04,7.25E-04,7.22E-04,7.19E-04,7.16E-04,7.15E-04,7.15E-04
7,LFP1,38,0,30.53453302,7.15E-04,7.15E-04,7.17E-04,7.16E-04,7.15E-04,7.13E-04,7.13E-04,7.14E-04,7.16E-04,7.17E-04,7.24E-04,7.52E-04,7.87E-04,8.17E-04,8.38E-04,8.48E-04,8.52E-04,8.52E-04,8.49E-04,8.45E-04,8.40E-04,8.33E-04,8.25E-04,8.13E-04,7.93E-04,7.71E-04,7.50E-04,7.36E-04,7.28E-04,7.26E-04,7.33E-04,7.45E-04,7.52E-04,7.54E-04,7.53E-04,7.48E-04,7.43E-04,7.37E-04,7.35E-04,7.34E-04,7.33E-04,7.32E-04,7.32E-04,7.32E-04,7.30E-04,7.28E-04,7.24E-04,7.17E-04,7.13E-04,7.10E-04,7.08E-04,7.06E-04,7.08E-04,7.16E-04,7.25E-04,7.31E-04,7.33E-04,7.33E-04,7.33E-04,7.32E-04,7.30E-04,7.28E-04,7.24E-04,7.16E-04,7.03E-04,6.90E-04,6.80E-04,6.75E-04,6.69E-04,6.68E-04,6.67E-04,6.64E-04,6.61E-04,6.59E-04,6.59E-04,6.59E-04,6.58E-04,6.56E-04,6.57E-04,6.59E-04,6.60E-04,6.59E-04,6.56E-04,6.52E-04,6.50E-04,6.49E-04,6.49E-04,6.48E-04,6.46E-04,6.45E-04,6.44E-04,6.44E-04,6.42E-04,6.41E-04,6.40E-04,6.38E-04,6.35E-04,6.32E-04,6.30E-04,6.26E-04,6.21E-04,6.15E-04,6.09E-04,6.05E-04,6.01E-04,5.99E-04,5.97E-04,5.96E-04,5.95E-04,5.94E-04,5.90E-04,5.85E-04,5.82E-04,5.81E-04,5.79E-04,5.76E-04,5.73E-04,5.71E-04,5.70E-04,5.69E-04,5.69E-04,5.68E-04,5.67E-04,5.65E-04,5.63E-04,5.61E-04,5.61E-04,5.60E-04,5.59E-04,5.56E-04,5.56E-04,5.57E-04,5.55E-04,5.53E-04,5.52E-04,5.53E-04,5.55E-04,5.56E-04,5.55E-04,5.53E-04,5.49E-04,5.43E-04,5.39E-04,5.38E-04,5.37E-04,5.36E-04,5.34E-04,5.30E-04,5.26E-04,5.23E-04,5.20E-04,5.16E-04,5.14E-04,5.14E-04,5.13E-04,5.11E-04,5.09E-04,5.07E-04,5.02E-04,5.02E-04,5.04E-04,5.06E-04,5.04E-04,5.04E-04,5.02E-04,5.00E-04,4.98E-04,4.96E-04,4.93E-04,4.90E-04,4.89E-04,4.88E-04,4.87E-04,4.87E-04,4.86E-04,4.85E-04,4.84E-04,4.83E-04,4.83E-04,4.90E-04,5.00E-04,5.11E-04,5.20E-04,5.25E-04,5.29E-04,5.31E-04,5.29E-04,5.28E-04,5.29E-04,5.30E-04,5.31E-04,5.30E-04,5.26E-04,5.17E-04,5.08E-04,4.98E-04,4.88E-04,4.78E-04,4.70E-04,4.66E-04,4.65E-04,4.65E-04,4.65E-04,4.66E-04,4.66E-04,4.63E-04,4.59E-04,4.58E-04,4.57E-04,4.58E-04,4.56E-04,4.56E-04,4.57E-04,4.56E-04,4.53E-04,4.49E-04,4.43E-04,4.38E-04,4.36E-04,4.37E-04,4.37E-04,4.36E-04,4.36E-04,4.36E-04,4.35E-04,4.34E-04,4.32E-04,4.29E-04,4.27E-04,4.24E-04,4.21E-04,4.17E-04,4.16E-04,4.17E-04,4.18E-04,4.18E-04,4.20E-04,4.21E-04,4.20E-04,4.19E-04,4.20E-04,4.21E-04,4.22E-04,4.21E-04,4.20E-04,4.17E-04,4.14E-04,4.12E-04,4.12E-04,4.12E-04,4.12E-04,4.11E-04,4.09E-04,4.09E-04,4.09E-04,4.08E-04
8,LFP1,38,0,30.61841917,4.07E-04,4.05E-04,4.05E-04,4.05E-04,4.06E-04,4.08E-04,4.08E-04,4.09E-04,4.08E-04,4.09E-04,4.10E-04,4.10E-04,4.08E-04,4.07E-04,4.09E-04,4.08E-04,4.07E-04,4.08E-04,4.08E-04,4.08E-04,4.06E-04,4.02E-04,3.99E-04,3.97E-04,3.94E-04,3.91E-04,3.89E-04,3.90E-04,3.91E-04,3.92E-04,3.91E-04,3.90E-04,3.89E-04,3.88E-04,3.87E-04,3.88E-04,3.92E-04,3.95E-04,3.94E-04,3.99E-04,4.10E-04,4.25E-04,4.35E-04,4.41E-04,4.46E-04,4.50E-04,4.54E-04,4.57E-04,4.60E-04,4.61E-04,4.56E-04,4.47E-04,4.36E-04,4.28E-04,4.22E-04,4.18E-04,4.17E-04,4.16E-04,4.17E-04,4.17E-04,4.16E-04,4.13E-04,4.10E-04,4.10E-04,4.10E-04,4.08E-04,4.05E-04,4.02E-04,4.00E-04,4.00E-04,4.01E-04,4.01E-04,3.98E-04,3.97E-04,3.98E-04,3.99E-04,4.01E-04,4.03E-04,4.06E-04,4.05E-04,4.00E-04,3.93E-04,3.87E-04,3.82E-04,3.77E-04,3.74E-04,3.75E-04,3.73E-04,3.69E-04,3.66E-04,3.62E-04,3.58E-04,3.53E-04,3.47E-04,3.44E-04,3.42E-04,3.42E-04,3.43E-04,3.44E-04,3.46E-04,3.45E-04,3.43E-04,3.40E-04,3.37E-04,3.35E-04,3.33E-04,3.30E-04,3.29E-04,3.27E-04,3.24E-04,3.21E-04,3.18E-04,3.15E-04,3.12E-04,3.09E-04,3.07E-04,3.04E-04,3.01E-04,3.00E-04,2.98E-04,2.97E-04,2.95E-04,2.93E-04,2.88E-04,2.85E-04,2.82E-04,2.78E-04,2.72E-04,2.68E-04,2.64E-04,2.59E-04,2.54E-04,2.49E-04,2.42E-04,2.36E-04,2.32E-04,2.29E-04,2.27E-04,2.26E-04,2.24E-04,2.20E-04,2.14E-04,2.09E-04,2.04E-04,1.97E-04,1.92E-04,1.91E-04,1.98E-04,2.11E-04,2.25E-04,2.36E-04,2.43E-04,2.45E-04,2.44E-04,2.42E-04,2.39E-04,2.36E-04,2.32E-04,2.26E-04,2.16E-04,2.06E-04,1.98E-04,1.91E-04,1.85E-04,1.81E-04,1.76E-04,1.71E-04,1.69E-04,1.70E-04,1.72E-04,1.74E-04,1.77E-04,1.78E-04,1.80E-04,1.83E-04,1.82E-04,1.78E-04,1.73E-04,1.70E-04,1.68E-04,1.66E-04,1.67E-04,1.68E-04,1.67E-04,1.67E-04,1.66E-04,1.63E-04,1.61E-04,1.62E-04,1.61E-04,1.59E-04,1.57E-04,1.52E-04,1.48E-04,1.44E-04,1.40E-04,1.38E-04,1.37E-04,1.35E-04,1.32E-04,1.29E-04,1.29E-04,1.31E-04,1.38E-04,1.45E-04,1.52E-04,1.56E-04,1.60E-04,1.66E-04,1.71E-04,1.73E-04,1.72E-04,1.69E-04,1.66E-04,1.63E-04,1.61E-04,1.61E-04,1.60E-04,1.60E-04,1.60E-04,1.61E-04,1.61E-04,1.61E-04,1.62E-04,1.65E-04,1.66E-04,1.67E-04,1.65E-04,1.62E-04,1.60E-04,1.59E-04,1.61E-04,1.64E-04,1.66E-04,1.64E-04,1.60E-04,1.56E-04,1.52E-04,1.50E-04,1.49E-04,1.50E-04,1.50E-04,1.47E-04,1.42E-04,1.37E-04,1.33E-04,1.29E-04,1.25E-04,1.21E-04,1.15E-04,1.11E-04,1.06E-04,1.01E-04,9.72E-05,9.40E-05,9.20E-05
9,LFP1,38,0,30.70230532,9.02E-05,8.86E-05,8.67E-05,8.93E-05,1.00E-04,1.12E-04,1.22E-04,1.29E-04,1.32E-04,1.30E-04,1.26E-04,1.21E-04,1.18E-04,1.14E-04,1.04E-04,8.91E-05,7.66E-05,6.62E-05,5.66E-05,5.07E-05,4.83E-05,4.69E-05,4.61E-05,4.55E-05,4.31E-05,3.98E-05,3.63E-05,3.06E-05,2.35E-05,1.89E-05,1.56E-05,1.24E-05,1.08E-05,9.11E-06,7.95E-06,5.71E-06,2.83E-06,-8.60E-07,-5.25E-06,-9.31E-06,-1.56E-05,-2.32E-05,-2.80E-05,-3.09E-05,-3.41E-05,-3.84E-05,-4.33E-05,-4.85E-05,-5.34E-05,-5.77E-05,-6.26E-05,-6.66E-05,-7.10E-05,-7.39E-05,-7.59E-05,-7.77E-05,-7.99E-05,-8.46E-05,-8.86E-05,-9.12E-05,-9.42E-05,-9.80E-05,-1.00E-04,-1.01E-04,-1.02E-04,-1.05E-04,-1.08E-04,-1.10E-04,-1.10E-04,-1.10E-04,-1.11E-04,-1.13E-04,-1.15E-04,-1.18E-04,-1.20E-04,-1.21E-04,-1.16E-04,-1.06E-04,-9.59E-05,-8.72E-05,-8.10E-05,-7.70E-05,-7.59E-05,-7.57E-05,-7.53E-05,-7.53E-05,-7.67E-05,-8.30E-05,-9.33E-05,-1.05E-04,-1.14E-04,-1.20E-04,-1.24E-04,-1.27E-04,-1.29E-04,-1.30E-04,-1.33E-04,-1.36E-04,-1.35E-04,-1.31E-04,-1.26E-04,-1.23E-04,-1.25E-04,-1.30E-04,-1.36E-04,-1.42E-04,-1.46E-04,-1.48E-04,-1.51E-04,-1.54E-04,-1.57E-04,-1.59E-04,-1.63E-04,-1.67E-04,-1.73E-04,-1.78E-04,-1.85E-04,-1.93E-04,-1.99E-04,-2.04E-04,-2.08E-04,-2.13E-04,-2.18E-04,-2.25E-04,-2.29E-04,-2.31E-04,-2.24E-04,-2.10E-04,-1.94E-04,-1.83E-04,-1.78E-04,-1.76E-04,-1.77E-04,-1.81E-04,-1.84E-04,-1.88E-04,-1.91E-04,-1.95E-04,-1.99E-04,-2.06E-04,-2.20E-04,-2.36E-04,-2.52E-04,-2.65E-04,-2.71E-04,-2.68E-04,-2.62E-04,-2.56E-04,-2.53E-04,-2.53E-04,-2.53E-04,-2.53E-04,-2.54E-04,-2.54E-04,-2.53E-04,-2.51E-04,-2.52E-04,-2.53E-04,-2.51E-04,-2.50E-04,-2.52E-04,-2.58E-04,-2.63E-04,-2.68E-04,-2.71E-04,-2.73E-04,-2.73E-04,-2.73E-04,-2.73E-04,-2.75E-04,-2.76E-04,-2.80E-04,-2.84E-04,-2.87E-04,-2.90E-04,-2.92E-04,-2.94E-04,-2.96E-04,-2.97E-04,-2.99E-04,-2.99E-04,-3.01E-04,-3.04E-04,-3.05E-04,-3.06E-04,-3.07E-04,-3.10E-04,-3.13E-04,-3.16E-04,-3.20E-04,-3.25E-04,-3.29E-04,-3.34E-04,-3.40E-04,-3.44E-04,-3.46E-04,-3.46E-04,-3.48E-04,-3.51E-04,-3.54E-04,-3.57E-04,-3.58E-04,-3.59E-04,-3.59E-04,-3.60E-04,-3.61E-04,-3.63E-04,-3.64E-04,-3.65E-04,-3.66E-04,-3.70E-04,-3.73E-04,-3.78E-04,-3.83E-04,-3.89E-04,-3.94E-04,-3.96E-04,-3.98E-04,-3.98E-04,-3.96E-04,-3.97E-04,-4.00E-04,-4.03E-04,-4.05E-04,-4.07E-04,-4.10E-04,-4.12E-04,-4.14E-04,-4.15E-04,-4.18E-04,-4.20E-04,-4.19E-04,-4.19E-04,-4.18E-04,-4.16E-04,-4.14E-04,-4.14E-04,-4.17E-04,-4.22E-04,-4.22E-04,-4.22E-04,-4.21E-04,-4.24E-04,-4.28E-04,-4.33E-04,-4.36E-04,-4.39E-04,-4.40E-04,-4.39E-04,-4.32E-04,-4.18E-04,-4.04E-04,-3.92E-04,-3.85E-04,-3.82E-04,-3.82E-04
10,LFP1,38,0,30.78619146,-3.86E-04,-3.90E-04,-3.91E-04,-3.93E-04,-4.00E-04,-4.09E-04,-4.21E-04,-4.33E-04,-4.42E-04,-4.47E-04,-4.47E-04,-4.44E-04,-4.36E-04,-4.21E-04,-4.01E-04,-3.77E-04,-3.58E-04,-3.43E-04,-3.32E-04,-3.26E-04,-3.22E-04,-3.19E-04,-3.18E-04,-3.18E-04,-3.19E-04,-3.19E-04,-3.17E-04,-3.15E-04,-3.13E-04,-3.11E-04,-3.10E-04,-3.11E-04,-3.11E-04,-3.11E-04,-3.09E-04,-3.07E-04,-3.06E-04,-3.07E-04,-3.08E-04,-3.08E-04,-3.09E-04,-3.09E-04,-3.08E-04,-3.08E-04,-3.06E-04,-3.03E-04,-3.00E-04,-2.97E-04,-2.96E-04,-2.94E-04,-2.92E-04,-2.91E-04,-2.89E-04,-2.87E-04,-2.86E-04,-2.87E-04,-2.88E-04,-2.88E-04,-2.88E-04,-2.87E-04,-2.87E-04,-2.89E-04,-2.92E-04,-2.94E-04,-2.95E-04,-2.96E-04,-2.97E-04,-2.99E-04,-3.00E-04,-3.00E-04,-3.02E-04,-3.03E-04,-3.04E-04,-3.07E-04,-3.10E-04,-3.13E-04,-3.14E-04,-3.13E-04,-3.12E-04,-3.11E-04,-3.12E-04,-3.14E-04,-3.15E-04,-3.14E-04,-3.11E-04,-3.07E-04,-3.03E-04,-2.99E-04,-2.95E-04,-2.92E-04,-2.89E-04,-2.88E-04,-2.87E-04,-2.86E-04,-2.85E-04,-2.84E-04,-2.82E-04,-2.81E-04,-2.80E-04,-2.78E-04,-2.75E-04,-2.71E-04,-2.69E-04,-2.70E-04,-2.71E-04,-2.71E-04,-2.67E-04,-2.57E-04,-2.42E-04,-2.28E-04,-2.17E-04,-2.11E-04,-2.07E-04,-2.04E-04,-2.03E-04,-2.03E-04,-2.01E-04,-2.02E-04,-2.08E-04,-2.18E-04,-2.30E-04,-2.38E-04,-2.43E-04,-2.46E-04,-2.46E-04,-2.45E-04,-2.42E-04,-2.39E-04,-2.38E-04,-2.36E-04,-2.29E-04,-2.20E-04,-2.14E-04,-2.12E-04,-2.10E-04,-2.09E-04,-2.07E-04,-2.03E-04,-2.02E-04,-2.02E-04,-2.04E-04,-2.05E-04,-2.05E-04,-2.04E-04,-2.04E-04,-2.06E-04,-2.06E-04,-2.04E-04,-2.01E-04,-2.00E-04,-2.00E-04,-1.99E-04,-1.98E-04,-1.97E-04,-1.97E-04,-1.98E-04,-2.00E-04,-2.04E-04,-2.08E-04,-2.12E-04,-2.15E-04,-2.13E-04,-2.09E-04,-2.08E-04,-2.09E-04,-2.11E-04,-2.14E-04,-2.15E-04,-2.14E-04,-2.11E-04,-2.08E-04,-2.05E-04,-2.06E-04,-2.07E-04,-2.05E-04,-2.07E-04,-2.11E-04,-2.14E-04,-2.15E-04,-2.17E-04,-2.17E-04,-2.17E-04,-2.16E-04,-2.15E-04,-2.14E-04,-2.14E-04,-2.15E-04,-2.16E-04,-2.16E-04,-2.16E-04,-2.14E-04,-2.15E-04,-2.16E-04,-2.19E-04,-2.22E-04,-2.25E-04,-2.30E-04,-2.33E-04,-2.34E-04,-2.37E-04,-2.40E-04,-2.41E-04,-2.41E-04,-2.40E-04,-2.38E-04,-2.37E-04,-2.37E-04,-2.39E-04,-2.41E-04,-2.43E-04,-2.46E-04,-2.49E-04,-2.52E-04,-2.55E-04,-2.56E-04,-2.55E-04,-2.52E-04,-2.49E-04,-2.47E-04,-2.49E-04,-2.52E-04,-2.54E-04,-2.56E-04,-2.59E-04,-2.62E-04,-2.65E-04,-2.67E-04,-2.67E-04,-2.66E-04,-2.61E-04,-2.57E-04,-2.46E-04,-2.16E-04,-1.78E-04,-1.44E-04,-1.20E-04,-1.09E-04,-1.07E-04,-1.09E-04,-1.12E-04,-1.16E-04,-1.20E-04,-1.24E-04,-1.28E-04,-1.31E-04,-1.34E-04,-1.44E-04,-1.54E-04,-1.57E-04,-1.56E-04,-1.54E-04,-1.50E-04,-1.47E-04,-1.44E-04,-1.41E-04,-1.36E-04
11,LFP1,38,0,30.87007737,-1.31E-04,-1.26E-04,-1.22E-04,-1.21E-04,-1.18E-04,-1.13E-04,-1.12E-04,-1.14E-04,-1.18E-04,-1.25E-04,-1.32E-04,-1.37E-04,-1.39E-04,-1.42E-04,-1.42E-04,-1.43E-04,-1.43E-04,-1.45E-04,-1.44E-04,-1.47E-04,-1.50E-04,-1.54E-04,-1.57E-04,-1.59E-04,-1.60E-04,-1.60E-04,-1.59E-04,-1.59E-04,-1.60E-04,-1.59E-04,-1.59E-04,-1.58E-04,-1.58E-04,-1.59E-04,-1.62E-04,-1.63E-04,-1.62E-04,-1.64E-04,-1.66E-04,-1.68E-04,-1.68E-04,-1.68E-04,-1.69E-04,-1.69E-04,-1.69E-04,-1.68E-04,-1.66E-04,-1.66E-04,-1.66E-04,-1.65E-04,-1.64E-04,-1.64E-04,-1.61E-04,-1.58E-04,-1.56E-04,-1.55E-04,-1.54E-04,-1.54E-04,-1.53E-04,-1.49E-04,-1.44E-04,-1.42E-04,-1.42E-04,-1.42E-04,-1.42E-04,-1.40E-04,-1.38E-04,-1.36E-04,-1.36E-04,-1.36E-04,-1.39E-04,-1.42E-04,-1.45E-04,-1.47E-04,-1.49E-04,-1.50E-04,-1.50E-04,-1.50E-04,-1.49E-04,-1.47E-04,-1.47E-04,-1.46E-04,-1.47E-04,-1.46E-04,-1.45E-04,-1.48E-04,-1.51E-04,-1.54E-04,-1.56E-04,-1.54E-04,-1.50E-04,-1.48E-04,-1.48E-04,-1.49E-04,-1.49E-04,-1.49E-04,-1.50E-04,-1.50E-04,-1.51E-04,-1.52E-04,-1.54E-04,-1.55E-04,-1.55E-04,-1.53E-04,-1.54E-04,-1.55E-04,-1.56E-04,-1.57E-04,-1.58E-04,-1.55E-04,-1.52E-04,-1.50E-04,-1.48E-04,-1.46E-04,-1.38E-04,-1.25E-04,-1.12E-04,-1.03E-04,-9.73E-05,-9.37E-05,-9.26E-05,-9.42E-05,-9.48E-05,-9.41E-05,-9.64E-05,-1.03E-04,-1.15E-04,-1.29E-04,-1.39E-04,-1.45E-04,-1.49E-04,-1.49E-04,-1.50E-04,-1.50E-04,-1.52E-04,-1.53E-04,-1.55E-04,-1.58E-04,-1.61E-04,-1.63E-04,-1.63E-04,-1.63E-04,-1.63E-04,-1.65E-04,-1.68E-04,-1.68E-04,-1.65E-04,-1.64E-04,-1.64E-04,-1.66E-04,-1.66E-04,-1.66E-04,-1.63E-04,-1.59E-04,-1.57E-04,-1.56E-04,-1.56E-04,-1.56E-04,-1.56E-04,-1.56E-04,-1.56E-04,-1.54E-04,-1.53E-04,-1.54E-04,-1.55E-04,-1.52E-04,-1.48E-04,-1.42E-04,-1.37E-04,-1.34E-04,-1.33E-04,-1.32E-04,-1.31E-04,-1.30E-04,-1.30E-04,-1.31E-04,-1.31E-04,-1.32E-04,-1.34E-04,-1.36E-04,-1.38E-04,-1.39E-04,-1.36E-04,-1.34E-04,-1.32E-04,-1.30E-04,-1.27E-04,-1.26E-04,-1.25E-04,-1.24E-04,-1.22E-04,-1.19E-04,-1.15E-04,-1.12E-04,-1.11E-04,-1.13E-04,-1.13E-04,-1.11E-04,-1.09E-04,-1.06E-04,-1.02E-04,-9.97E-05,-9.97E-05,-1.01E-04,-1.02E-04,-1.03E-04,-1.02E-04,-9.91E-05,-9.73E-05,-9.63E-05,-9.55E-05,-9.50E-05,-9.38E-05,-9.21E-05,-8.96E-05,-8.55E-05,-8.01E-05,-7.61E-05,-7.26E-05,-7.02E-05,-6.96E-05,-6.97E-05,-6.94E-05,-7.17E-05,-7.65E-05,-8.04E-05,-8.15E-05,-8.10E-05,-8.05E-05,-7.91E-05,-7.71E-05,-7.49E-05,-7.39E-05,-7.41E-05,-7.42E-05,-7.52E-05,-7.66E-05,-7.65E-05,-7.09E-05,-5.87E-05,-4.57E-05,-3.40E-05,-2.66E-05,-2.14E-05,-1.87E-05,-1.83E-05,-1.96E-05,-1.89E-05,-1.74E-05,-1.57E-05,-1.48E-05,-1.80E-05,-2.71E-05,-3.87E-05,-4.93E-05,-5.64E-05
12,LFP1,38,0,30.95396352,-6.05E-05,-6.48E-05,-6.73E-05,-6.68E-05,-6.78E-05,-6.93E-05,-7.17E-05,-7.21E-05,-7.16E-05,-6.89E-05,-6.53E-05,-6.24E-05,-5.95E-05,-5.83E-05,-5.96E-05,-6.32E-05,-6.73E-05,-7.04E-05,-7.38E-05,-7.75E-05,-7.94E-05,-7.94E-05,-7.89E-05,-7.97E-05,-8.01E-05,-8.15E-05,-8.19E-05,-8.33E-05,-8.40E-05,-8.73E-05,-8.97E-05,-9.35E-05,-9.77E-05,-1.02E-04,-1.07E-04,-1.10E-04,-1.12E-04,-1.16E-04,-1.18E-04,-1.17E-04,-1.16E-04,-1.16E-04,-1.16E-04,-1.16E-04,-1.16E-04,-1.17E-04,-1.17E-04,-1.16E-04,-1.15E-04,-1.14E-04,-1.14E-04,-1.15E-04,-1.17E-04,-1.19E-04,-1.20E-04,-1.21E-04,-1.24E-04,-1.29E-04,-1.32E-04,-1.34E-04,-1.34E-04,-1.34E-04,-1.32E-04,-1.31E-04,-1.28E-04,-1.27E-04,-1.25E-04,-1.25E-04,-1.26E-04,-1.29E-04,-1.31E-04,-1.32E-04,-1.33E-04,-1.36E-04,-1.36E-04,-1.37E-04,-1.38E-04,-1.36E-04,-1.32E-04,-1.32E-04,-1.33E-04,-1.37E-04,-1.42E-04,-1.45E-04,-1.49E-04,-1.51E-04,-1.52E-04,-1.51E-04,-1.51E-04,-1.51E-04,-1.53E-04,-1.57E-04,-1.61E-04,-1.65E-04,-1.68E-04,-1.70E-04,-1.72E-04,-1.73E-04,-1.72E-04,-1.70E-04,-1.71E-04,-1.73E-04,-1.75E-04,-1.77E-04,-1.78E-04,-1.77E-04,-1.72E-04,-1.60E-04,-1.47E-04,-1.35E-04,-1.29E-04,-1.28E-04,-1.30E-04,-1.31E-04,-1.35E-04,-1.39E-04,-1.41E-04,-1.46E-04,-1.55E-04,-1.69E-04,-1.84E-04,-1.97E-04,-2.03E-04,-2.06E-04,-2.07E-04,-2.07E-04,-2.09E-04,-2.10E-04,-2.11E-04,-2.07E-04,-2.00E-04,-1.96E-04,-1.96E-04,-1.98E-04,-2.00E-04,-2.03E-04,-2.06E-04,-2.11E-04,-2.14E-04,-2.15E-04,-2.16E-04,-2.19E-04,-2.22E-04,-2.24E-04,-2.26E-04,-2.27E-04,-2.28E-04,-2.30E-04,-2.32E-04,-2.33E-04,-2.34E-04,-2.36E-04,-2.39E-04,-2.42E-04,-2.45E-04,-2.47E-04,-2.50E-04,-2.54E-04,-2.58E-04,-2.61E-04,-2.63E-04,-2.63E-04,-2.65E-04,-2.67E-04,-2.68E-04,-2.68E-04,-2.69E-04,-2.70E-04,-2.71E-04,-2.72E-04,-2.76E-04,-2.80E-04,-2.82E-04,-2.84E-04,-2.85E-04,-2.85E-04,-2.86E-04,-2.87E-04,-2.87E-04,-2.89E-04,-2.92E-04,-2.93E-04,-2.92E-04,-2.92E-04,-2.91E-04,-2.91E-04,-2.94E-04,-2.99E-04,-3.02E-04,-3.02E-04,-3.02E-04,-3.02E-04,-3.02E-04,-3.02E-04,-3.04E-04,-3.06E-04,-3.08E-04,-3.11E-04,-3.10E-04,-3.08E-04,-3.08E-04,-3.10E-04,-3.12E-04,-3.14E-04,-3.14E-04,-3.12E-04,-3.10E-04,-3.10E-04,-3.10E-04,-3.13E-04,-3.15E-04,-3.16E-04,-3.16E-04,-3.15E-04,-3.14E-04,-3.12E-04,-3.07E-04,-3.00E-04,-2.90E-04,-2.80E-04,-2.73E-04,-2.66E-04,-2.62E-04,-2.58E-04,-2.53E-04,-2.50E-04,-2.52E-04,-2.63E-04,-2.77E-04,-2.87E-04,-2.93E-04,-2.97E-04,-3.00E-04,-3.00E-04,-2.98E-04,-2.95E-04,-2.92E-04,-2.90E-04,-2.91E-04,-2.94E-04,-2.97E-04,-3.00E-04,-3.02E-04,-3.02E-04,-3.02E-04,-3.01E-04,-2.99E-04,-2.96E-04,-2.92E-04,-2.90E-04,-2.90E-04,-2.91E-04,-2.92E-04,-2.93E-04,-2.93E-04,-2.93E-04
13,LFP1,38,0,31.03784966,-2.94E-04,-2.97E-04,-2.99E-04,-2.99E-04,-2.98E-04,-2.99E-04,-3.00E-04,-3.02E-04,-3.03E-04,-3.05E-04,-3.07E-04,-3.08E-04,-3.11E-04,-3.12E-04,-3.14E-04,-3.14E-04,-3.13E-04,-3.10E-04,-3.04E-04,-2.97E-04,-2.90E-04,-2.85E-04,-2.83E-04,-2.82E-04,-2.80E-04,-2.80E-04,-2.79E-04,-2.77E-04,-2.73E-04,-2.69E-04,-2.68E-04,-2.71E-04,-2.75E-04,-2.78E-04,-2.83E-04,-2.86E-04,-2.87E-04,-2.87E-04,-2.86E-04,-2.83E-04,-2.80E-04,-2.77E-04,-2.75E-04,-2.75E-04,-2.74E-04,-2.76E-04,-2.78E-04,-2.80E-04,-2.82E-04,-2.83E-04,-2.84E-04,-2.86E-04,-2.89E-04,-2.90E-04,-2.90E-04,-2.89E-04,-2.88E-04,-2.86E-04,-2.85E-04,-2.87E-04,-2.90E-04,-2.93E-04,-2.95E-04,-2.95E-04,-2.97E-04,-3.01E-04,-3.04E-04,-3.04E-04,-3.02E-04,-3.02E-04,-3.01E-04,-3.02E-04,-3.00E-04,-2.99E-04,-3.00E-04,-3.02E-04,-3.03E-04,-3.04E-04,-3.05E-04,-3.06E-04,-3.05E-04,-3.03E-04,-3.00E-04,-2.98E-04,-2.98E-04,-2.99E-04,-3.00E-04,-3.01E-04,-3.01E-04,-3.02E-04,-3.04E-04,-3.05E-04,-3.02E-04,-2.98E-04,-2.95E-04,-2.92E-04,-2.91E-04,-2.92E-04,-2.93E-04,-2.94E-04,-2.93E-04,-2.91E-04,-2.90E-04,-2.91E-04,-2.92E-04,-2.94E-04,-2.96E-04,-2.98E-04,-2.93E-04,-2.81E-04,-2.67E-04,-2.56E-04,-2.49E-04,-2.44E-04,-2.40E-04,-2.36E-04,-2.33E-04,-2.34E-04,-2.37E-04,-2.38E-04,-2.39E-04,-2.41E-04,-2.43E-04,-2.45E-04,-2.47E-04,-2.49E-04,-2.47E-04,-2.46E-04,-2.51E-04,-2.61E-04,-2.73E-04,-2.81E-04,-2.85E-04,-2.87E-04,-2.86E-04,-2.85E-04,-2.85E-04,-2.87E-04,-2.87E-04,-2.85E-04,-2.85E-04,-2.86E-04,-2.89E-04,-2.89E-04,-2.88E-04,-2.89E-04,-2.92E-04,-2.94E-04,-2.95E-04,-2.98E-04,-3.02E-04,-3.04E-04,-3.05E-04,-3.06E-04,-3.08E-04,-3.08E-04,-3.10E-04,-3.13E-04,-3.14E-04,-3.15E-04,-3.16E-04,-3.17E-04,-3.19E-04,-3.19E-04,-3.22E-04,-3.25E-04,-3.27E-04,-3.30E-04,-3.32E-04,-3.34E-04,-3.33E-04,-3.32E-04,-3.32E-04,-3.32E-04,-3.32E-04,-3.32E-04,-3.31E-04,-3.29E-04,-3.29E-04,-3.28E-04,-3.26E-04,-3.25E-04,-3.21E-04,-3.20E-04,-3.20E-04,-3.20E-04,-3.18E-04,-3.19E-04,-3.22E-04,-3.22E-04,-3.24E-04,-3.25E-04,-3.24E-04,-3.17E-04,-3.08E-04,-3.02E-04,-2.99E-04,-2.98E-04,-3.00E-04,-3.02E-04,-3.03E-04,-3.03E-04,-3.02E-04,-3.02E-04,-3.02E-04,-3.05E-04,-3.06E-04,-3.07E-04,-3.09E-04,-3.10E-04,-3.13E-04,-3.16E-04,-3.18E-04,-3.18E-04,-3.19E-04,-3.21E-04,-3.22E-04,-3.21E-04,-3.18E-04,-3.14E-04,-3.12E-04,-3.12E-04,-3.12E-04,-3.11E-04,-3.11E-04,-3.11E-04,-3.10E-04,-3.08E-04,-3.06E-04,-3.03E-04,-2.97E-04,-2.90E-04,-2.79E-04,-2.66E-04,-2.55E-04,-2.47E-04,-2.42E-04,-2.40E-04,-2.41E-04,-2.43E-04,-2.42E-04,-2.39E-04,-2.38E-04,-2.45E-04,-2.54E-04,-2.63E-04,-2.72E-04,-2.79E-04,-2.84E-04,-2.85E-04,-2.87E-04,-2.88E-04,-2.89E-04,-2.92E-04,-2.93E-04,-2.95E-04
14,LFP1,38,0,31.12173557,-3.00E-04,-3.05E-04,-3.05E-04,-3.04E-04,-3.03E-04,-3.00E-04,-3.00E-04,-3.02E-04,-3.02E-04,-3.02E-04,-3.01E-04,-3.03E-04,-3.05E-04,-3.07E-04,-3.09E-04,-3.12E-04,-3.12E-04,-3.12E-04,-3.13E-04,-3.17E-04,-3.21E-04,-3.24E-04,-3.25E-04,-3.27E-04,-3.28E-04,-3.20E-04,-2.94E-04,-2.59E-04,-2.26E-04,-2.06E-04,-1.96E-04,-1.94E-04,-1.97E-04,-2.05E-04,-2.12E-04,-2.16E-04,-2.18E-04,-2.19E-04,-2.29E-04,-2.46E-04,-2.66E-04,-2.85E-04,-3.00E-04,-3.12E-04,-3.17E-04,-3.17E-04,-3.13E-04,-3.06E-04,-3.02E-04,-3.01E-04,-3.02E-04,-3.04E-04,-3.06E-04,-3.08E-04,-3.08E-04,-3.07E-04,-3.06E-04,-3.07E-04,-3.07E-04,-3.07E-04,-3.10E-04,-3.14E-04,-3.19E-04,-3.24E-04,-3.28E-04,-3.32E-04,-3.33E-04,-3.34E-04,-3.36E-04,-3.40E-04,-3.48E-04,-3.57E-04,-3.65E-04,-3.67E-04,-3.68E-04,-3.71E-04,-3.72E-04,-3.72E-04,-3.74E-04,-3.77E-04,-3.79E-04,-3.81E-04,-3.82E-04,-3.81E-04,-3.79E-04,-3.76E-04,-3.77E-04,-3.79E-04,-3.79E-04,-3.79E-04,-3.76E-04,-3.69E-04,-3.54E-04,-3.36E-04,-3.22E-04,-3.12E-04,-3.04E-04,-2.99E-04,-2.96E-04,-2.94E-04,-2.93E-04,-2.95E-04,-2.98E-04,-3.08E-04,-3.20E-04,-3.31E-04,-3.39E-04,-3.45E-04,-3.49E-04,-3.51E-04,-3.52E-04,-3.49E-04,-3.46E-04,-3.46E-04,-3.48E-04,-3.48E-04,-3.46E-04,-3.47E-04,-3.50E-04,-3.54E-04,-3.57E-04,-3.59E-04,-3.61E-04,-3.64E-04,-3.65E-04,-3.66E-04,-3.68E-04,-3.67E-04,-3.66E-04,-3.66E-04,-3.69E-04,-3.74E-04,-3.78E-04,-3.81E-04,-3.84E-04,-3.87E-04,-3.91E-04,-3.93E-04,-3.94E-04,-3.95E-04,-3.95E-04,-3.94E-04,-3.92E-04,-3.89E-04,-3.86E-04,-3.84E-04,-3.84E-04,-3.82E-04,-3.81E-04,-3.81E-04,-3.81E-04,-3.82E-04,-3.84E-04,-3.87E-04,-3.90E-04,-3.90E-04,-3.90E-04,-3.89E-04,-3.88E-04,-3.86E-04,-3.85E-04,-3.85E-04,-3.86E-04,-3.87E-04,-3.87E-04,-3.87E-04,-3.86E-04,-3.86E-04,-3.87E-04,-3.88E-04,-3.88E-04,-3.89E-04,-3.90E-04,-3.92E-04,-3.94E-04,-3.95E-04,-3.94E-04,-3.93E-04,-3.94E-04,-3.99E-04,-4.00E-04,-4.01E-04,-4.04E-04,-4.06E-04,-4.08E-04,-4.09E-04,-4.10E-04,-4.11E-04,-4.12E-04,-4.13E-04,-4.13E-04,-4.13E-04,-4.11E-04,-4.09E-04,-4.07E-04,-4.03E-04,-4.01E-04,-4.00E-04,-4.00E-04,-4.00E-04,-4.01E-04,-4.04E-04,-3.99E-04,-3.86E-04,-3.72E-04,-3.61E-04,-3.54E-04,-3.49E-04,-3.47E-04,-3.47E-04,-3.47E-04,-3.47E-04,-3.51E-04,-3.60E-04,-3.72E-04,-3.84E-04,-3.94E-04,-4.00E-04,-4.04E-04,-4.08E-04,-4.13E-04,-4.17E-04,-4.19E-04,-4.21E-04,-4.24E-04,-4.27E-04,-4.30E-04,-4.32E-04,-4.32E-04,-4.34E-04,-4.36E-04,-4.36E-04,-4.36E-04,-4.37E-04,-4.42E-04,-4.47E-04,-4.51E-04,-4.57E-04,-4.61E-04,-4.64E-04,-4.66E-04,-4.67E-04,-4.67E-04,-4.71E-04,-4.74E-04,-4.74E-04,-4.74E-04,-4.76E-04,-4.75E-04,-4.73E-04,-4.71E-04,-4.69E-04,-4.68E-04,-4.69E-04,-4.73E-04,-4.76E-04
15,LFP1,38,0,31.20562172,-4.79E-04,-4.82E-04,-4.84E-04,-4.80E-04,-4.78E-04,-4.77E-04,-4.77E-04,-4.81E-04,-4.87E-04,-4.93E-04,-4.98E-04,-5.04E-04,-5.07E-04,-5.09E-04,-5.10E-04,-5.12E-04,-5.12E-04,-5.13E-04,-5.16E-04,-5.18E-04,-5.20E-04,-5.22E-04,-5.22E-04,-5.24E-04,-5.25E-04,-5.24E-04,-5.20E-04,-5.13E-04,-5.04E-04,-4.96E-04,-4.91E-04,-4.91E-04,-4.90E-04,-4.91E-04,-4.95E-04,-4.97E-04,-4.99E-04,-5.01E-04,-4.99E-04,-4.99E-04,-5.01E-04,-5.05E-04,-5.06E-04,-5.05E-04,-5.00E-04,-4.96E-04,-4.93E-04,-4.89E-04,-4.88E-04,-4.91E-04,-4.96E-04,-4.98E-04,-4.99E-04,-5.00E-04,-4.95E-04,-4.84E-04,-4.69E-04,-4.53E-04,-4.42E-04,-4.36E-04,-4.35E-04,-4.37E-04,-4.40E-04,-4.47E-04,-4.57E-04,-4.67E-04,-4.73E-04,-4.73E-04,-4.73E-04,-4.74E-04,-4.78E-04,-4.81E-04,-4.82E-04,-4.84E-04,-4.85E-04,-4.86E-04,-4.88E-04,-4.88E-04,-4.87E-04,-4.87E-04,-4.88E-04,-4.92E-04,-4.97E-04,-5.01E-04,-5.05E-04,-5.08E-04,-5.08E-04,-5.03E-04,-4.99E-04,-4.95E-04,-4.92E-04,-4.91E-04,-4.93E-04,-4.99E-04,-5.05E-04,-5.12E-04,-5.15E-04,-5.18E-04,-5.20E-04,-5.19E-04,-5.15E-04,-5.13E-04,-5.14E-04,-5.15E-04,-5.15E-04,-5.17E-04,-5.20E-04,-5.25E-04,-5.29E-04,-5.34E-04,-5.38E-04,-5.39E-04,-5.39E-04,-5.38E-04,-5.37E-04,-5.37E-04,-5.39E-04,-5.41E-04,-5.37E-04,-5.34E-04,-5.30E-04,-5.30E-04,-5.34E-04,-5.36E-04,-5.39E-04,-5.41E-04,-5.41E-04,-5.40E-04,-5.40E-04,-5.41E-04,-5.40E-04,-5.39E-04,-5.37E-04,-5.37E-04,-5.40E-04,-5.45E-04,-5.50E-04,-5.54E-04,-5.57E-04,-5.60E-04,-5.64E-04,-5.67E-04,-5.67E-04,-5.62E-04,-5.60E-04,-5.61E-04,-5.59E-04,-5.55E-04,-5.53E-04,-5.53E-04,-5.53E-04,-5.54E-04,-5.56E-04,-5.60E-04,-5.64E-04,-5.64E-04,-5.64E-04,-5.67E-04,-5.70E-04,-5.72E-04,-5.72E-04,-5.64E-04,-5.49E-04,-5.34E-04,-5.26E-04,-5.25E-04,-5.24E-04,-5.24E-04,-5.22E-04,-5.21E-04,-5.21E-04,-5.23E-04,-5.31E-04,-5.44E-04,-5.55E-04,-5.63E-04,-5.68E-04,-5.67E-04,-5.64E-04,-5.63E-04,-5.66E-04,-5.73E-04,-5.79E-04,-5.83E-04,-5.85E-04,-5.83E-04,-5.81E-04,-5.80E-04,-5.81E-04,-5.81E-04,-5.78E-04,-5.76E-04,-5.75E-04,-5.78E-04,-5.82E-04,-5.86E-04,-5.87E-04,-5.87E-04,-5.86E-04,-5.85E-04,-5.85E-04,-5.87E-04,-5.90E-04,-5.92E-04,-5.93E-04,-5.94E-04,-5.91E-04,-5.89E-04,-5.88E-04,-5.87E-04,-5.88E-04,-5.90E-04,-5.92E-04,-5.93E-04,-5.94E-04,-5.96E-04,-5.98E-04,-5.98E-04,-5.99E-04,-5.99E-04,-5.97E-04,-5.94E-04,-5.93E-04,-5.93E-04,-5.91E-04,-5.92E-04,-5.93E-04,-5.93E-04,-5.90E-04,-5.86E-04,-5.82E-04,-5.81E-04,-5.83E-04,-5.84E-04,-5.86E-04,-5.91E-04,-5.95E-04,-5.96E-04,-5.96E-04,-5.94E-04,-5.91E-04,-5.88E-04,-5.88E-04,-5.90E-04,-5.90E-04,-5.90E-04,-5.88E-04,-5.86E-04,-5.87E-04,-5.89E-04,-5.89E-04,-5.88E-04,-5.89E-04,-5.89E-04,-5.92E-04,-5.96E-04
16,LFP1,38,0,31.28950787,-5.99E-04,-5.99E-04,-5.98E-04,-5.94E-04,-5.91E-04,-5.88E-04,-5.87E-04,-5.86E-04,-5.85E-04,-5.85E-04,-5.84E-04,-5.81E-04,-5.79E-04,-5.77E-04,-5.75E-04,-5.73E-04,-5.72E-04,-5.70E-04,-5.68E-04,-5.67E-04,-5.67E-04,-5.62E-04,-5.51E-04,-5.36E-04,-5.22E-04,-5.12E-04,-5.06E-04,-5.04E-04,-5.02E-04,-5.00E-04,-4.98E-04,-4.97E-04,-5.02E-04,-5.12E-04,-5.23E-04,-5.34E-04,-5.43E-04,-5.48E-04,-5.48E-04,-5.46E-04,-5.46E-04,-5.47E-04,-5.48E-04,-5.48E-04,-5.47E-04,-5.46E-04,-5.48E-04,-5.50E-04,-5.52E-04,-5.51E-04,-5.51E-04,-5.53E-04,-5.53E-04,-5.54E-04,-5.54E-04,-5.55E-04,-5.56E-04,-5.58E-04,-5.61E-04,-5.62E-04,-5.63E-04,-5.62E-04,-5.60E-04,-5.58E-04,-5.52E-04,-5.46E-04,-5.39E-04,-5.33E-04,-5.26E-04,-5.22E-04,-5.19E-04,-5.16E-04,-5.16E-04,-5.15E-04,-5.14E-04,-5.14E-04,-5.13E-04,-5.14E-04,-5.15E-04,-5.18E-04,-5.22E-04,-5.25E-04,-5.29E-04,-5.31E-04,-5.33E-04,-5.31E-04,-5.30E-04,-5.27E-04,-5.23E-04,-5.22E-04,-5.22E-04,-5.25E-04,-5.27E-04,-5.28E-04,-5.28E-04,-5.28E-04,-5.29E-04,-5.31E-04,-5.33E-04,-5.35E-04,-5.36E-04,-5.36E-04,-5.36E-04,-5.38E-04,-5.41E-04,-5.44E-04,-5.48E-04,-5.50E-04,-5.51E-04,-5.51E-04,-5.51E-04,-5.50E-04,-5.50E-04,-5.51E-04,-5.53E-04,-5.55E-04,-5.55E-04,-5.56E-04,-5.56E-04,-5.58E-04,-5.60E-04,-5.60E-04,-5.59E-04,-5.59E-04,-5.59E-04,-5.60E-04,-5.59E-04,-5.55E-04,-5.55E-04,-5.54E-04,-5.50E-04,-5.48E-04,-5.51E-04,-5.57E-04,-5.63E-04,-5.68E-04,-5.71E-04,-5.75E-04,-5.78E-04,-5.78E-04,-5.76E-04,-5.72E-04,-5.67E-04,-5.64E-04,-5.60E-04,-5.54E-04,-5.49E-04,-5.41E-04,-5.31E-04,-5.22E-04,-5.18E-04,-5.16E-04,-5.15E-04,-5.16E-04,-5.16E-04,-5.17E-04,-5.18E-04,-5.18E-04,-5.18E-04,-5.20E-04,-5.23E-04,-5.26E-04,-5.31E-04,-5.38E-04,-5.44E-04,-5.52E-04,-5.59E-04,-5.63E-04,-5.67E-04,-5.68E-04,-5.68E-04,-5.69E-04,-5.72E-04,-5.75E-04,-5.77E-04,-5.78E-04,-5.80E-04,-5.82E-04,-5.83E-04,-5.83E-04,-5.84E-04,-5.83E-04,-5.81E-04,-5.78E-04,-5.79E-04,-5.81E-04,-5.81E-04,-5.81E-04,-5.82E-04,-5.81E-04,-5.79E-04,-5.78E-04,-5.78E-04,-5.78E-04,-5.79E-04,-5.82E-04,-5.83E-04,-5.82E-04,-5.81E-04,-5.81E-04,-5.81E-04,-5.80E-04,-5.81E-04,-5.80E-04,-5.80E-04,-5.80E-04,-5.80E-04,-5.82E-04,-5.84E-04,-5.84E-04,-5.83E-04,-5.83E-04,-5.83E-04,-5.84E-04,-5.86E-04,-5.87E-04,-5.89E-04,-5.91E-04,-5.91E-04,-5.90E-04,-5.90E-04,-5.89E-04,-5.88E-04,-5.88E-04,-5.88E-04,-5.85E-04,-5.82E-04,-5.80E-04,-5.77E-04,-5.74E-04,-5.73E-04,-5.74E-04,-5.76E-04,-5.77E-04,-5.79E-04,-5.78E-04,-5.78E-04,-5.78E-04,-5.77E-04,-5.75E-04,-5.74E-04,-5.75E-04,-5.76E-04,-5.77E-04,-5.76E-04,-5.75E-04,-5.74E-04,-5.74E-04,-5.73E-04,-5.74E-04,-5.75E-04,-5.75E-04,-5.74E-04,-5.73E-04,-5.75E-04,-5.76E-04
17,LFP1,38,0,31.37339401,-5.76E-04,-5.75E-04,-5.73E-04,-5.71E-04,-5.74E-04,-5.76E-04,-5.78E-04,-5.79E-04,-5.80E-04,-5.82E-04,-5.85E-04,-5.87E-04,-5.88E-04,-5.89E-04,-5.89E-04,-5.88E-04,-5.82E-04,-5.70E-04,-5.57E-04,-5.46E-04,-5.39E-04,-5.31E-04,-5.25E-04,-5.22E-04,-5.23E-04,-5.24E-04,-5.27E-04,-5.30E-04,-5.35E-04,-5.37E-04,-5.43E-04,-5.51E-04,-5.57E-04,-5.63E-04,-5.68E-04,-5.72E-04,-5.76E-04,-5.81E-04,-5.84E-04,-5.85E-04,-5.86E-04,-5.87E-04,-5.85E-04,-5.86E-04,-5.87E-04,-5.87E-04,-5.89E-04,-5.91E-04,-5.94E-04,-5.97E-04,-6.00E-04,-6.03E-04,-6.03E-04,-6.02E-04,-6.03E-04,-6.05E-04,-6.05E-04,-6.08E-04,-6.10E-04,-6.11E-04,-6.11E-04,-6.13E-04,-6.17E-04,-6.20E-04,-6.21E-04,-6.22E-04,-6.25E-04,-6.27E-04,-6.28E-04,-6.29E-04,-6.28E-04,-6.28E-04,-6.28E-04,-6.31E-04,-6.32E-04,-6.34E-04,-6.38E-04,-6.41E-04,-6.40E-04,-6.40E-04,-6.40E-04,-6.40E-04,-6.43E-04,-6.46E-04,-6.46E-04,-6.44E-04,-6.39E-04,-6.37E-04,-6.36E-04,-6.35E-04,-6.33E-04,-6.30E-04,-6.25E-04,-6.22E-04,-6.19E-04,-6.15E-04,-6.12E-04,-6.11E-04,-6.11E-04,-6.10E-04,-6.10E-04,-6.12E-04,-6.12E-04,-6.11E-04,-6.09E-04,-6.07E-04,-6.04E-04,-6.01E-04,-5.98E-04,-5.97E-04,-5.98E-04,-5.88E-04,-5.60E-04,-5.24E-04,-4.91E-04,-4.68E-04,-4.58E-04,-4.56E-04,-4.61E-04,-4.68E-04,-4.75E-04,-4.82E-04,-4.86E-04,-4.88E-04,-4.97E-04,-5.13E-04,-5.31E-04,-5.44E-04,-5.53E-04,-5.58E-04,-5.62E-04,-5.63E-04,-5.63E-04,-5.59E-04,-5.51E-04,-5.37E-04,-5.24E-04,-5.12E-04,-5.03E-04,-4.96E-04,-4.90E-04,-4.87E-04,-4.88E-04,-4.89E-04,-4.90E-04,-4.93E-04,-4.97E-04,-5.05E-04,-5.14E-04,-5.24E-04,-5.32E-04,-5.36E-04,-5.38E-04,-5.42E-04,-5.44E-04,-5.44E-04,-5.45E-04,-5.48E-04,-5.53E-04,-5.57E-04,-5.61E-04,-5.65E-04,-5.70E-04,-5.74E-04,-5.75E-04,-5.75E-04,-5.74E-04,-5.74E-04,-5.76E-04,-5.76E-04,-5.76E-04,-5.78E-04,-5.79E-04,-5.79E-04,-5.78E-04,-5.78E-04,-5.78E-04,-5.78E-04,-5.76E-04,-5.74E-04,-5.75E-04,-5.79E-04,-5.81E-04,-5.80E-04,-5.78E-04,-5.78E-04,-5.75E-04,-5.72E-04,-5.69E-04,-5.68E-04,-5.69E-04,-5.71E-04,-5.72E-04,-5.70E-04,-5.65E-04,-5.62E-04,-5.59E-04,-5.57E-04,-5.59E-04,-5.61E-04,-5.64E-04,-5.66E-04,-5.68E-04,-5.70E-04,-5.72E-04,-5.73E-04,-5.75E-04,-5.75E-04,-5.75E-04,-5.73E-04,-5.72E-04,-5.72E-04,-5.75E-04,-5.77E-04,-5.78E-04,-5.79E-04,-5.79E-04,-5.79E-04,-5.82E-04,-5.84E-04,-5.85E-04,-5.86E-04,-5.87E-04,-5.85E-04,-5.82E-04,-5.79E-04,-5.77E-04,-5.79E-04,-5.81E-04,-5.83E-04,-5.85E-04,-5.86E-04,-5.86E-04,-5.84E-04,-5.83E-04,-5.82E-04,-5.81E-04,-5.80E-04,-5.78E-04,-5.78E-04,-5.78E-04,-5.77E-04,-5.75E-04,-5.76E-04,-5.75E-04,-5.75E-04,-5.76E-04,-5.75E-04,-5.74E-04,-5.74E-04,-5.74E-04,-5.75E-04,-5.74E-04,-5.75E-04,-5.75E-04,-5.73E-04
18,LFP1,38,0,31.45727992,-5.72E-04,-5.70E-04,-5.70E-04,-5.70E-04,-5.70E-04,-5.69E-04,-5.67E-04,-5.60E-04,-5.47E-04,-5.34E-04,-5.23E-04,-5.15E-04,-5.10E-04,-5.06E-04,-5.05E-04,-5.04E-04,-5.02E-04,-4.98E-04,-4.95E-04,-4.92E-04,-4.88E-04,-4.85E-04,-4.86E-04,-4.93E-04,-5.04E-04,-5.14E-04,-5.20E-04,-5.24E-04,-5.25E-04,-5.25E-04,-5.25E-04,-5.24E-04,-5.23E-04,-5.21E-04,-5.19E-04,-5.19E-04,-5.18E-04,-5.18E-04,-5.17E-04,-5.18E-04,-5.20E-04,-5.21E-04,-5.22E-04,-5.20E-04,-5.20E-04,-5.21E-04,-5.20E-04,-5.20E-04,-5.19E-04,-5.18E-04,-5.17E-04,-5.18E-04,-5.18E-04,-5.17E-04,-5.16E-04,-5.16E-04,-5.18E-04,-5.20E-04,-5.22E-04,-5.21E-04,-5.19E-04,-5.19E-04,-5.23E-04,-5.25E-04,-5.26E-04,-5.24E-04,-5.22E-04,-5.21E-04,-5.19E-04,-5.15E-04,-5.14E-04,-5.12E-04,-5.10E-04,-5.10E-04,-5.09E-04,-5.08E-04,-5.07E-04,-5.08E-04,-5.07E-04,-5.06E-04,-5.05E-04,-5.03E-04,-4.99E-04,-4.95E-04,-4.92E-04,-4.90E-04,-4.90E-04,-4.88E-04,-4.85E-04,-4.81E-04,-4.77E-04,-4.74E-04,-4.72E-04,-4.70E-04,-4.71E-04,-4.72E-04,-4.72E-04,-4.72E-04,-4.72E-04,-4.71E-04,-4.68E-04,-4.64E-04,-4.61E-04,-4.60E-04,-4.60E-04,-4.60E-04,-4.61E-04,-4.62E-04,-4.62E-04,-4.63E-04,-4.65E-04,-4.66E-04,-4.67E-04,-4.67E-04,-4.66E-04,-4.62E-04,-4.59E-04,-4.57E-04,-4.55E-04,-4.53E-04,-4.50E-04,-4.49E-04,-4.49E-04,-4.48E-04,-4.47E-04,-4.46E-04,-4.45E-04,-4.46E-04,-4.46E-04,-4.46E-04,-4.45E-04,-4.43E-04,-4.40E-04,-4.36E-04,-4.32E-04,-4.29E-04,-4.16E-04,-3.96E-04,-3.77E-04,-3.61E-04,-3.51E-04,-3.44E-04,-3.38E-04,-3.35E-04,-3.34E-04,-3.35E-04,-3.39E-04,-3.49E-04,-3.61E-04,-3.72E-04,-3.80E-04,-3.88E-04,-3.93E-04,-3.94E-04,-3.94E-04,-3.94E-04,-3.94E-04,-3.91E-04,-3.86E-04,-3.83E-04,-3.82E-04,-3.83E-04,-3.85E-04,-3.86E-04,-3.85E-04,-3.83E-04,-3.82E-04,-3.80E-04,-3.77E-04,-3.75E-04,-3.71E-04,-3.67E-04,-3.63E-04,-3.61E-04,-3.62E-04,-3.64E-04,-3.67E-04,-3.69E-04,-3.69E-04,-3.68E-04,-3.67E-04,-3.66E-04,-3.63E-04,-3.62E-04,-3.62E-04,-3.61E-04,-3.59E-04,-3.58E-04,-3.57E-04,-3.56E-04,-3.58E-04,-3.60E-04,-3.60E-04,-3.57E-04,-3.53E-04,-3.52E-04,-3.52E-04,-3.51E-04,-3.53E-04,-3.55E-04,-3.55E-04,-3.54E-04,-3.51E-04,-3.48E-04,-3.46E-04,-3.45E-04,-3.45E-04,-3.46E-04,-3.45E-04,-3.43E-04,-3.39E-04,-3.32E-04,-3.23E-04,-3.14E-04,-3.07E-04,-2.99E-04,-2.93E-04,-2.89E-04,-2.88E-04,-2.90E-04,-2.90E-04,-2.88E-04,-2.86E-04,-2.83E-04,-2.80E-04,-2.81E-04,-2.80E-04,-2.80E-04,-2.80E-04,-2.81E-04,-2.83E-04,-2.84E-04,-2.85E-04,-2.84E-04,-2.81E-04,-2.78E-04,-2.74E-04,-2.71E-04,-2.67E-04,-2.64E-04,-2.61E-04,-2.58E-04,-2.55E-04,-2.54E-04,-2.55E-04,-2.56E-04,-2.58E-04,-2.56E-04,-2.50E-04,-2.46E-04,-2.44E-04,-2.41E-04,-2.36E-04,-2.33E-04,-2.32E-04,-2.33E-04
19,LFP1,38,0,31.54116607,-2.33E-04,-2.35E-04,-2.36E-04,-2.33E-04,-2.20E-04,-2.04E-04,-1.92E-04,-1.86E-04,-1.82E-04,-1.80E-04,-1.78E-04,-1.78E-04,-1.79E-04,-1.86E-04,-2.00E-04,-2.15E-04,-2.29E-04,-2.40E-04,-2.48E-04,-2.52E-04,-2.53E-04,-2.52E-04,-2.53E-04,-2.52E-04,-2.51E-04,-2.51E-04,-2.52E-04,-2.53E-04,-2.53E-04,-2.52E-04,-2.51E-04,-2.50E-04,-2.49E-04,-2.46E-04,-2.46E-04,-2.51E-04,-2.58E-04,-2.63E-04,-2.66E-04,-2.66E-04,-2.66E-04,-2.66E-04,-2.69E-04,-2.71E-04,-2.72E-04,-2.77E-04,-2.82E-04,-2.85E-04,-2.85E-04,-2.85E-04,-2.88E-04,-2.92E-04,-2.96E-04,-3.00E-04,-3.04E-04,-3.05E-04,-3.05E-04,-3.05E-04,-3.07E-04,-3.08E-04,-3.09E-04,-3.11E-04,-3.11E-04,-3.13E-04,-3.15E-04,-3.15E-04,-3.13E-04,-3.10E-04,-3.07E-04,-3.06E-04,-3.08E-04,-3.12E-04,-3.18E-04,-3.21E-04,-3.26E-04,-3.31E-04,-3.34E-04,-3.36E-04,-3.38E-04,-3.38E-04,-3.37E-04,-3.38E-04,-3.39E-04,-3.43E-04,-3.44E-04,-3.44E-04,-3.45E-04,-3.47E-04,-3.49E-04,-3.49E-04,-3.46E-04,-3.42E-04,-3.39E-04,-3.37E-04,-3.38E-04,-3.39E-04,-3.42E-04,-3.45E-04,-3.46E-04,-3.46E-04,-3.45E-04,-3.48E-04,-3.50E-04,-3.48E-04,-3.49E-04,-3.51E-04,-3.54E-04,-3.57E-04,-3.59E-04,-3.59E-04,-3.58E-04,-3.58E-04,-3.59E-04,-3.58E-04,-3.59E-04,-3.62E-04,-3.55E-04,-3.38E-04,-3.21E-04,-3.07E-04,-2.97E-04,-2.92E-04,-2.90E-04,-2.88E-04,-2.92E-04,-3.01E-04,-3.14E-04,-3.27E-04,-3.35E-04,-3.43E-04,-3.48E-04,-3.52E-04,-3.54E-04,-3.55E-04,-3.55E-04,-3.54E-04,-3.51E-04,-3.49E-04,-3.48E-04,-3.48E-04,-3.47E-04,-3.47E-04,-3.47E-04,-3.47E-04,-3.47E-04,-3.50E-04,-3.52E-04,-3.57E-04,-3.63E-04,-3.66E-04,-3.68E-04,-3.71E-04,-3.73E-04,-3.75E-04,-3.80E-04,-3.86E-04,-3.91E-04,-3.93E-04,-3.96E-04,-3.98E-04,-4.01E-04,-4.05E-04,-4.08E-04,-4.12E-04,-4.15E-04,-4.19E-04,-4.23E-04,-4.24E-04,-4.27E-04,-4.31E-04,-4.35E-04,-4.37E-04,-4.38E-04,-4.40E-04,-4.42E-04,-4.44E-04,-4.45E-04,-4.46E-04,-4.49E-04,-4.52E-04,-4.55E-04,-4.57E-04,-4.60E-04,-4.62E-04,-4.63E-04,-4.62E-04,-4.63E-04,-4.66E-04,-4.70E-04,-4.73E-04,-4.74E-04,-4.75E-04,-4.77E-04,-4.78E-04,-4.80E-04,-4.82E-04,-4.84E-04,-4.83E-04,-4.81E-04,-4.79E-04,-4.79E-04,-4.79E-04,-4.80E-04,-4.82E-04,-4.83E-04,-4.87E-04,-4.91E-04,-4.94E-04,-4.98E-04,-5.00E-04,-5.00E-04,-5.00E-04,-5.00E-04,-5.01E-04,-5.05E-04,-5.10E-04,-5.15E-04,-5.20E-04,-5.26E-04,-5.33E-04,-5.35E-04,-5.33E-04,-5.32E-04,-5.31E-04,-5.30E-04,-5.27E-04,-5.24E-04,-5.15E-04,-5.00E-04,-4.86E-04,-4.78E-04,-4.73E-04,-4.70E-04,-4.70E-04,-4.72E-04,-4.75E-04,-4.82E-04,-4.94E-04,-5.07E-04,-5.20E-04,-5.28E-04,-5.35E-04,-5.40E-04,-5.44E-04,-5.50E-04,-5.55E-04,-5.59E-04,-5.59E-04,-5.60E-04,-5.61E-04,-5.60E-04,-5.61E-04,-5.63E-04,-5.63E-04,-5.64E-04,-5.65E-04
20,LFP1,38,0,31.62505221,-5.66E-04,-5.67E-04,-5.70E-04,-5.74E-04,-5.79E-04,-5.85E-04,-5.91E-04,-5.95E-04,-5.97E-04,-5.97E-04,-5.97E-04,-5.97E-04,-5.99E-04,-6.01E-04,-6.01E-04,-6.02E-04,-6.02E-04,-6.04E-04,-6.04E-04,-6.05E-04,-6.08E-04,-6.09E-04,-6.09E-04,-6.13E-04,-6.15E-04,-6.15E-04,-6.13E-04,-6.11E-04,-6.10E-04,-6.09E-04,-6.07E-04,-6.06E-04,-6.06E-04,-6.08E-04,-6.11E-04,-6.14E-04,-6.10E-04,-5.86E-04,-5.50E-04,-5.16E-04,-4.92E-04,-4.76E-04,-4.71E-04,-4.73E-04,-4.78E-04,-4.84E-04,-4.91E-04,-4.96E-04,-4.98E-04,-5.01E-04,-5.13E-04,-5.34E-04,-5.57E-04,-5.76E-04,-5.90E-04,-5.99E-04,-6.04E-04,-6.03E-04,-6.01E-04,-5.98E-04,-5.96E-04,-5.96E-04,-5.98E-04,-6.01E-04,-6.01E-04,-5.99E-04,-5.99E-04,-6.02E-04,-6.05E-04,-6.07E-04,-6.12E-04,-6.19E-04,-6.24E-04,-6.27E-04,-6.29E-04,-6.31E-04,-6.34E-04,-6.37E-04,-6.39E-04,-6.33E-04,-6.17E-04,-6.02E-04,-5.90E-04,-5.84E-04,-5.82E-04,-5.82E-04,-5.85E-04,-5.91E-04,-6.01E-04,-6.13E-04,-6.26E-04,-6.39E-04,-6.49E-04,-6.55E-04,-6.59E-04,-6.61E-04,-6.60E-04,-6.57E-04,-6.53E-04,-6.47E-04,-6.47E-04,-6.49E-04,-6.52E-04,-6.56E-04,-6.58E-04,-6.59E-04,-6.59E-04,-6.58E-04,-6.55E-04,-6.52E-04,-6.49E-04,-6.47E-04,-6.48E-04,-6.50E-04,-6.52E-04,-6.54E-04,-6.52E-04,-6.47E-04,-6.42E-04,-6.39E-04,-6.40E-04,-6.45E-04,-6.52E-04,-6.57E-04,-6.60E-04,-6.63E-04,-6.66E-04,-6.67E-04,-6.69E-04,-6.71E-04,-6.72E-04,-6.72E-04,-6.72E-04,-6.73E-04,-6.76E-04,-6.80E-04,-6.82E-04,-6.82E-04,-6.83E-04,-6.84E-04,-6.84E-04,-6.83E-04,-6.83E-04,-6.84E-04,-6.84E-04,-6.87E-04,-6.88E-04,-6.87E-04,-6.85E-04,-6.81E-04,-6.78E-04,-6.75E-04,-6.72E-04,-6.68E-04,-6.67E-04,-6.67E-04,-6.67E-04,-6.68E-04,-6.68E-04,-6.67E-04,-6.66E-04,-6.66E-04,-6.66E-04,-6.64E-04,-6.61E-04,-6.59E-04,-6.58E-04,-6.60E-04,-6.63E-04,-6.63E-04,-6.64E-04,-6.65E-04,-6.68E-04,-6.70E-04,-6.70E-04,-6.68E-04,-6.67E-04,-6.66E-04,-6.65E-04,-6.68E-04,-6.69E-04,-6.69E-04,-6.69E-04,-6.70E-04,-6.71E-04,-6.73E-04,-6.73E-04,-6.75E-04,-6.77E-04,-6.80E-04,-6.80E-04,-6.79E-04,-6.77E-04,-6.68E-04,-6.53E-04,-6.37E-04,-6.23E-04,-6.14E-04,-6.09E-04,-6.09E-04,-6.10E-04,-6.13E-04,-6.14E-04,-6.18E-04,-6.27E-04,-6.36E-04,-6.44E-04,-6.51E-04,-6.56E-04,-6.58E-04,-6.59E-04,-6.60E-04,-6.59E-04,-6.55E-04,-6.49E-04,-6.47E-04,-6.44E-04,-6.43E-04,-6.41E-04,-6.41E-04,-6.41E-04,-6.43E-04,-6.46E-04,-6.51E-04,-6.56E-04,-6.59E-04,-6.60E-04,-6.62E-04,-6.64E-04,-6.66E-04,-6.68E-04,-6.69E-04,-6.71E-04,-6.72E-04,-6.74E-04,-6.76E-04,-6.78E-04,-6.81E-04,-6.85E-04,-6.87E-04,-6.88E-04,-6.89E-04,-6.90E-04,-6.91E-04,-6.94E-04,-6.97E-04,-6.99E-04,-7.00E-04,-7.03E-04,-7.04E-04,-7.04E-04,-7.03E-04,-7.00E-04,-6.97E-04,-6.96E-04,-6.95E-04
21,LFP1,38,0,31.70893812,-6.94E-04,-6.92E-04,-6.91E-04,-6.90E-04,-6.90E-04,-6.89E-04,-6.88E-04,-6.88E-04,-6.88E-04,-6.90E-04,-6.91E-04,-6.88E-04,-6.84E-04,-6.80E-04,-6.76E-04,-6.73E-04,-6.71E-04,-6.70E-04,-6.69E-04,-6.71E-04,-6.72E-04,-6.73E-04,-6.72E-04,-6.69E-04,-6.66E-04,-6.61E-04,-6.57E-04,-6.54E-04,-6.52E-04,-6.51E-04,-6.50E-04,-6.49E-04,-6.46E-04,-6.41E-04,-6.37E-04,-6.35E-04,-6.33E-04,-6.32E-04,-6.30E-04,-6.29E-04,-6.27E-04,-6.26E-04,-6.25E-04,-6.22E-04,-6.14E-04,-5.99E-04,-5.81E-04,-5.64E-04,-5.49E-04,-5.40E-04,-5.34E-04,-5.31E-04,-5.30E-04,-5.29E-04,-5.30E-04,-5.38E-04,-5.49E-04,-5.59E-04,-5.66E-04,-5.68E-04,-5.69E-04,-5.69E-04,-5.68E-04,-5.65E-04,-5.63E-04,-5.62E-04,-5.60E-04,-5.59E-04,-5.58E-04,-5.56E-04,-5.56E-04,-5.56E-04,-5.58E-04,-5.59E-04,-5.57E-04,-5.54E-04,-5.53E-04,-5.53E-04,-5.51E-04,-5.48E-04,-5.46E-04,-5.47E-04,-5.51E-04,-5.54E-04,-5.55E-04,-5.55E-04,-5.56E-04,-5.54E-04,-5.52E-04,-5.52E-04,-5.51E-04,-5.52E-04,-5.54E-04,-5.56E-04,-5.58E-04,-5.60E-04,-5.61E-04,-5.64E-04,-5.64E-04,-5.62E-04,-5.59E-04,-5.57E-04,-5.56E-04,-5.56E-04,-5.54E-04,-5.52E-04,-5.51E-04,-5.48E-04,-5.44E-04,-5.40E-04,-5.35E-04,-5.31E-04,-5.30E-04,-5.29E-04,-5.29E-04,-5.29E-04,-5.29E-04,-5.27E-04,-5.24E-04,-5.19E-04,-5.14E-04,-5.12E-04,-5.11E-04,-5.13E-04,-5.17E-04,-5.19E-04,-5.22E-04,-5.22E-04,-5.19E-04,-5.17E-04,-5.13E-04,-5.11E-04,-5.10E-04,-5.08E-04,-5.06E-04,-5.05E-04,-5.03E-04,-5.03E-04,-5.04E-04,-5.06E-04,-5.07E-04,-5.08E-04,-5.09E-04,-5.09E-04,-5.09E-04,-5.09E-04,-5.09E-04,-5.07E-04,-5.05E-04,-5.03E-04,-5.03E-04,-5.02E-04,-5.02E-04,-5.00E-04,-4.98E-04,-4.94E-04,-4.84E-04,-4.69E-04,-4.52E-04,-4.40E-04,-4.30E-04,-4.21E-04,-4.14E-04,-4.10E-04,-4.08E-04,-4.08E-04,-4.08E-04,-4.09E-04,-4.13E-04,-4.22E-04,-4.29E-04,-4.31E-04,-4.29E-04,-4.24E-04,-4.20E-04,-4.18E-04,-4.16E-04,-4.12E-04,-4.11E-04,-4.10E-04,-4.10E-04,-4.09E-04,-4.08E-04,-4.08E-04,-4.06E-04,-4.05E-04,-4.05E-04,-4.04E-04,-4.03E-04,-4.00E-04,-3.96E-04,-3.91E-04,-3.86E-04,-3.86E-04,-3.85E-04,-3.86E-04,-3.87E-04,-3.88E-04,-3.86E-04,-3.83E-04,-3.79E-04,-3.78E-04,-3.79E-04,-3.79E-04,-3.80E-04,-3.83E-04,-3.84E-04,-3.81E-04,-3.78E-04,-3.76E-04,-3.73E-04,-3.71E-04,-3.68E-04,-3.66E-04,-3.62E-04,-3.58E-04,-3.57E-04,-3.58E-04,-3.59E-04,-3.59E-04,-3.57E-04,-3.53E-04,-3.49E-04,-3.47E-04,-3.49E-04,-3.48E-04,-3.48E-04,-3.48E-04,-3.48E-04,-3.48E-04,-3.48E-04,-3.48E-04,-3.47E-04,-3.46E-04,-3.46E-04,-3.47E-04,-3.47E-04,-3.46E-04,-3.46E-04,-3.46E-04,-3.46E-04,-3.46E-04,-3.48E-04,-3.50E-04,-3.50E-04,-3.49E-04,-3.47E-04,-3.47E-04,-3.47E-04,-3.47E-04,-3.47E-04,-3.48E-04,-3.49E-04,-3.49E-04,-3.50E-04,-3.52E-04
22,LFP1,38,0,31.79282427,-3.53E-04,-3.51E-04,-3.49E-04,-3.46E-04,-3.44E-04,-3.42E-04,-3.39E-04,-3.37E-04,-3.37E-04,-3.34E-04,-3.23E-04,-3.06E-04,-2.91E-04,-2.80E-04,-2.72E-04,-2.66E-04,-2.63E-04,-2.64E-04,-2.65E-04,-2.67E-04,-2.74E-04,-2.83E-04,-2.89E-04,-2.91E-04,-2.91E-04,-2.88E-04,-2.84E-04,-2.77E-04,-2.71E-04,-2.66E-04,-2.60E-04,-2.56E-04,-2.50E-04,-2.43E-04,-2.35E-04,-2.29E-04,-2.21E-04,-2.14E-04,-2.08E-04,-2.03E-04,-1.99E-04,-1.94E-04,-1.87E-04,-1.77E-04,-1.68E-04,-1.58E-04,-1.51E-04,-1.48E-04,-1.47E-04,-1.48E-04,-1.50E-04,-1.49E-04,-1.46E-04,-1.44E-04,-1.42E-04,-1.40E-04,-1.35E-04,-1.29E-04,-1.25E-04,-1.25E-04,-1.25E-04,-1.27E-04,-1.28E-04,-1.27E-04,-1.21E-04,-1.16E-04,-1.12E-04,-1.08E-04,-1.04E-04,-9.97E-05,-9.26E-05,-8.17E-05,-7.10E-05,-6.20E-05,-5.53E-05,-5.09E-05,-4.72E-05,-4.29E-05,-3.97E-05,-3.95E-05,-4.06E-05,-4.16E-05,-4.21E-05,-4.34E-05,-4.52E-05,-4.48E-05,-4.47E-05,-4.65E-05,-4.84E-05,-4.75E-05,-4.46E-05,-4.38E-05,-4.39E-05,-4.53E-05,-4.76E-05,-4.81E-05,-4.56E-05,-4.50E-05,-4.66E-05,-4.86E-05,-4.85E-05,-4.81E-05,-5.03E-05,-5.35E-05,-5.69E-05,-5.89E-05,-5.91E-05,-5.96E-05,-6.01E-05,-6.20E-05,-6.35E-05,-6.20E-05,-6.03E-05,-6.04E-05,-6.18E-05,-6.44E-05,-6.64E-05,-6.39E-05,-5.50E-05,-4.38E-05,-3.32E-05,-2.64E-05,-2.15E-05,-1.82E-05,-1.69E-05,-1.67E-05,-1.76E-05,-1.96E-05,-2.39E-05,-3.16E-05,-4.07E-05,-5.08E-05,-6.10E-05,-6.91E-05,-7.37E-05,-7.47E-05,-7.48E-05,-7.55E-05,-7.71E-05,-7.93E-05,-8.21E-05,-8.59E-05,-8.89E-05,-9.08E-05,-9.14E-05,-9.28E-05,-9.21E-05,-9.17E-05,-9.13E-05,-9.18E-05,-9.22E-05,-9.15E-05,-8.92E-05,-8.85E-05,-8.87E-05,-8.97E-05,-9.04E-05,-8.72E-05,-8.32E-05,-8.20E-05,-8.18E-05,-8.32E-05,-8.31E-05,-8.00E-05,-7.83E-05,-7.83E-05,-7.84E-05,-7.73E-05,-7.72E-05,-7.95E-05,-8.33E-05,-8.72E-05,-9.19E-05,-9.61E-05,-9.88E-05,-9.93E-05,-9.93E-05,-9.93E-05,-9.94E-05,-1.00E-04,-1.01E-04,-1.01E-04,-1.02E-04,-1.02E-04,-1.02E-04,-1.01E-04,-1.00E-04,-9.82E-05,-9.63E-05,-9.54E-05,-9.64E-05,-9.83E-05,-1.00E-04,-1.03E-04,-1.05E-04,-1.07E-04,-1.09E-04,-1.11E-04,-1.13E-04,-1.16E-04,-1.22E-04,-1.25E-04,-1.27E-04,-1.28E-04,-1.29E-04,-1.29E-04,-1.29E-04,-1.31E-04,-1.35E-04,-1.38E-04,-1.41E-04,-1.43E-04,-1.45E-04,-1.47E-04,-1.48E-04,-1.49E-04,-1.50E-04,-1.52E-04,-1.54E-04,-1.53E-04,-1.55E-04,-1.57E-04,-1.60E-04,-1.63E-04,-1.65E-04,-1.67E-04,-1.67E-04,-1.66E-04,-1.63E-04,-1.61E-04,-1.59E-04,-1.57E-04,-1.58E-04,-1.59E-04,-1.61E-04,-1.63E-04,-1.63E-04,-1.61E-04,-1.59E-04,-1.58E-04,-1.57E-04,-1.57E-04,-1.58E-04,-1.59E-04,-1.56E-04,-1.45E-04,-1.27E-04,-1.08E-04,-9.22E-05,-8.32E-05,-7.93E-05,-7.75E-05,-7.53E-05,-7.14E-05,-6.98E-05,-6.97E-05
23,LFP1,38,0,31.87671041,-6.92E-05,-6.79E-05,-6.65E-05,-6.98E-05,-7.85E-05,-8.75E-05,-9.65E-05,-1.04E-04,-1.11E-04,-1.12E-04,-1.10E-04,-1.08E-04,-1.06E-04,-1.06E-04,-1.07E-04,-1.07E-04,-1.09E-04,-1.11E-04,-1.13E-04,-1.15E-04,-1.16E-04,-1.16E-04,-1.13E-04,-1.10E-04,-1.09E-04,-1.09E-04,-1.11E-04,-1.13E-04,-1.14E-04,-1.14E-04,-1.15E-04,-1.16E-04,-1.16E-04,-1.16E-04,-1.19E-04,-1.18E-04,-1.02E-04,-7.02E-05,-3.93E-05,-1.40E-05,2.44E-06,1.17E-05,1.41E-05,9.64E-06,3.48E-06,-2.34E-06,-9.20E-06,-1.48E-05,-2.08E-05,-2.60E-05,-3.00E-05,-3.90E-05,-5.58E-05,-7.53E-05,-9.15E-05,-1.03E-04,-1.12E-04,-1.18E-04,-1.21E-04,-1.21E-04,-1.20E-04,-1.18E-04,-1.15E-04,-1.12E-04,-1.08E-04,-1.07E-04,-1.07E-04,-1.08E-04,-1.08E-04,-1.09E-04,-1.10E-04,-1.12E-04,-1.13E-04,-1.14E-04,-1.14E-04,-1.15E-04,-1.18E-04,-1.22E-04,-1.26E-04,-1.27E-04,-1.28E-04,-1.30E-04,-1.33E-04,-1.34E-04,-1.37E-04,-1.40E-04,-1.44E-04,-1.46E-04,-1.49E-04,-1.52E-04,-1.55E-04,-1.57E-04,-1.56E-04,-1.57E-04,-1.60E-04,-1.63E-04,-1.65E-04,-1.67E-04,-1.67E-04,-1.66E-04,-1.64E-04,-1.65E-04,-1.66E-04,-1.66E-04,-1.68E-04,-1.68E-04,-1.66E-04,-1.65E-04,-1.65E-04,-1.63E-04,-1.63E-04,-1.61E-04,-1.55E-04,-1.51E-04,-1.47E-04,-1.43E-04,-1.39E-04,-1.37E-04,-1.33E-04,-1.26E-04,-1.16E-04,-1.07E-04,-9.99E-05,-9.87E-05,-9.68E-05,-9.43E-05,-9.30E-05,-9.36E-05,-9.47E-05,-9.58E-05,-9.71E-05,-9.96E-05,-1.01E-04,-1.07E-04,-1.13E-04,-1.20E-04,-1.28E-04,-1.37E-04,-1.44E-04,-1.48E-04,-1.52E-04,-1.55E-04,-1.55E-04,-1.52E-04,-1.50E-04,-1.48E-04,-1.47E-04,-1.44E-04,-1.41E-04,-1.39E-04,-1.38E-04,-1.36E-04,-1.33E-04,-1.32E-04,-1.32E-04,-1.31E-04,-1.29E-04,-1.27E-04,-1.26E-04,-1.27E-04,-1.23E-04,-1.20E-04,-1.16E-04,-1.12E-04,-1.12E-04,-1.11E-04,-1.10E-04,-1.08E-04,-1.08E-04,-1.08E-04,-1.09E-04,-1.12E-04,-1.14E-04,-1.14E-04,-1.14E-04,-1.15E-04,-1.15E-04,-1.16E-04,-1.15E-04,-1.15E-04,-1.15E-04,-1.14E-04,-1.15E-04,-1.16E-04,-1.17E-04,-1.16E-04,-1.14E-04,-1.11E-04,-1.12E-04,-1.12E-04,-1.12E-04,-1.11E-04,-1.08E-04,-1.07E-04,-1.06E-04,-1.07E-04,-1.07E-04,-1.09E-04,-1.11E-04,-1.11E-04,-1.09E-04,-1.06E-04,-1.04E-04,-1.01E-04,-9.93E-05,-1.00E-04,-9.91E-05,-9.86E-05,-9.88E-05,-9.81E-05,-9.73E-05,-9.57E-05,-9.29E-05,-8.97E-05,-8.59E-05,-8.03E-05,-7.30E-05,-6.85E-05,-6.62E-05,-6.78E-05,-7.21E-05,-7.53E-05,-7.66E-05,-7.77E-05,-7.72E-05,-7.54E-05,-7.27E-05,-7.13E-05,-7.07E-05,-6.76E-05,-6.44E-05,-6.22E-05,-6.17E-05,-6.19E-05,-6.16E-05,-6.30E-05,-6.41E-05,-6.45E-05,-6.31E-05,-6.25E-05,-6.21E-05,-6.40E-05,-6.70E-05,-6.97E-05,-7.06E-05,-6.97E-05,-6.79E-05,-6.66E-05,-6.44E-05,-5.95E-05,-5.61E-05,-5.46E-05,-5.43E-05,-5.54E-05,-5.45E-05,-5.26E-05
24,LFP1,38,0,31.96059656,-5.03E-05,-4.92E-05,-4.74E-05,-4.58E-05,-4.68E-05,-4.80E-05,-4.88E-05,-4.77E-05,-4.59E-05,-4.41E-05,-4.08E-05,-3.77E-05,-3.46E-05,-3.17E-05,-2.46E-05,-1.51E-05,-3.45E-06,6.14E-06,1.46E-05,2.01E-05,2.41E-05,2.53E-05,2.56E-05,2.45E-05,2.19E-05,2.11E-05,2.07E-05,2.18E-05,2.30E-05,2.56E-05,2.87E-05,3.23E-05,3.40E-05,3.30E-05,2.79E-05,1.86E-05,7.65E-06,-2.28E-06,-8.29E-06,-1.15E-05,-1.07E-05,-9.76E-06,-9.13E-06,-1.10E-05,-1.40E-05,-1.75E-05,-2.03E-05,-2.15E-05,-1.91E-05,-1.70E-05,-1.70E-05,-1.66E-05,-1.46E-05,-1.33E-05,-1.33E-05,-1.49E-05,-1.78E-05,-2.06E-05,-2.34E-05,-2.52E-05,-2.50E-05,-2.34E-05,-2.25E-05,-2.34E-05,-2.49E-05,-2.61E-05,-2.64E-05,-2.80E-05,-3.18E-05,-3.56E-05,-4.00E-05,-4.26E-05,-4.45E-05,-4.48E-05,-4.53E-05,-4.77E-05,-4.97E-05,-4.85E-05,-4.94E-05,-5.13E-05,-5.41E-05,-5.50E-05,-5.50E-05,-5.39E-05,-5.18E-05,-4.98E-05,-5.02E-05,-5.11E-05,-5.26E-05,-5.17E-05,-4.91E-05,-4.70E-05,-4.60E-05,-4.54E-05,-4.52E-05,-4.42E-05,-4.29E-05,-4.49E-05,-4.85E-05,-5.05E-05,-5.33E-05,-5.68E-05,-5.99E-05,-6.43E-05,-6.71E-05,-6.60E-05,-6.24E-05,-5.93E-05,-5.74E-05,-5.61E-05,-5.68E-05,-5.88E-05,-6.00E-05,-6.01E-05,-6.22E-05,-6.45E-05,-6.47E-05,-6.62E-05,-6.75E-05,-6.88E-05,-6.88E-05,-6.89E-05,-6.81E-05,-6.83E-05,-6.93E-05,-6.77E-05,-6.80E-05,-6.65E-05,-6.44E-05,-6.26E-05,-6.16E-05,-5.82E-05,-5.52E-05,-5.29E-05,-5.26E-05,-5.27E-05,-4.80E-05,-4.08E-05,-3.68E-05,-3.39E-05,-3.17E-05,-3.25E-05,-3.60E-05,-4.08E-05,-4.52E-05,-4.65E-05,-4.76E-05,-4.95E-05,-5.25E-05,-5.40E-05,-5.19E-05,-4.37E-05,-3.20E-05,-2.24E-05,-1.20E-05,-2.92E-06,4.07E-06,8.00E-06,9.49E-06,7.96E-06,3.52E-06,-3.22E-06,-9.28E-06,-1.13E-05,-1.30E-05,-1.39E-05,-1.54E-05,-1.66E-05,-2.17E-05,-3.19E-05,-4.53E-05,-5.74E-05,-6.80E-05,-7.40E-05,-7.58E-05,-7.73E-05,-7.64E-05,-7.35E-05,-7.03E-05,-6.96E-05,-7.18E-05,-7.60E-05,-7.94E-05,-8.32E-05,-8.64E-05,-8.79E-05,-8.73E-05,-8.64E-05,-8.59E-05,-8.92E-05,-9.29E-05,-9.70E-05,-9.83E-05,-9.66E-05,-9.41E-05,-9.05E-05,-8.84E-05,-8.93E-05,-8.88E-05,-8.82E-05,-8.95E-05,-9.30E-05,-9.58E-05,-9.81E-05,-9.92E-05,-9.73E-05,-9.62E-05,-9.65E-05,-9.68E-05,-9.64E-05,-9.58E-05,-9.69E-05,-9.97E-05,-1.03E-04,-1.04E-04,-1.05E-04,-1.09E-04,-1.16E-04,-1.20E-04,-1.23E-04,-1.23E-04,-1.24E-04,-1.25E-04,-1.26E-04,-1.25E-04,-1.24E-04,-1.26E-04,-1.26E-04,-1.25E-04,-1.24E-04,-1.23E-04,-1.21E-04,-1.22E-04,-1.23E-04,-1.27E-04,-1.29E-04,-1.31E-04,-1.34E-04,-1.38E-04,-1.41E-04,-1.45E-04,-1.47E-04,-1.49E-04,-1.50E-04,-1.52E-04,-1.53E-04,-1.53E-04,-1.51E-04,-1.51E-04,-1.53E-04,-1.55E-04,-1.56E-04,-1.56E-04,-1.56E-04,-1.55E-04,-1.57E-04
25,LFP1,38,0,32.04448247,-1.59E-04,-1.61E-04,-1.60E-04,-1.59E-04,-1.58E-04,-1.54E-04,-1.52E-04,-1.52E-04,-1.53E-04,-1.52E-04,-1.53E-04,-1.55E-04,-1.58E-04,-1.60E-04,-1.62E-04,-1.62E-04,-1.63E-04,-1.65E-04,-1.64E-04,-1.64E-04,-1.64E-04,-1.66E-04,-1.67E-04,-1.66E-04,-1.65E-04,-1.66E-04,-1.66E-04,-1.67E-04,-1.67E-04,-1.66E-04,-1.64E-04,-1.64E-04,-1.62E-04,-1.58E-04,-1.56E-04,-1.56E-04,-1.55E-04,-1.54E-04,-1.53E-04,-1.54E-04,-1.56E-04,-1.55E-04,-1.53E-04,-1.50E-04,-1.46E-04,-1.43E-04,-1.41E-04,-1.41E-04,-1.42E-04,-1.43E-04,-1.44E-04,-1.43E-04,-1.41E-04,-1.38E-04,-1.37E-04,-1.37E-04,-1.36E-04,-1.33E-04,-1.29E-04,-1.23E-04,-1.17E-04,-1.14E-04,-1.11E-04,-1.08E-04,-9.88E-05,-8.76E-05,-7.53E-05,-6.61E-05,-6.01E-05,-5.76E-05,-5.40E-05,-4.94E-05,-4.75E-05,-4.58E-05,-4.33E-05,-4.06E-05,-3.93E-05,-3.91E-05,-3.86E-05,-3.59E-05,-3.19E-05,-3.00E-05,-2.88E-05,-2.84E-05,-2.45E-05,-2.18E-05,-1.80E-05,-1.40E-05,-1.48E-05,-2.19E-05,-3.06E-05,-3.65E-05,-4.06E-05,-4.38E-05,-4.60E-05,-4.89E-05,-5.29E-05,-5.42E-05,-5.35E-05,-5.66E-05,-5.99E-05,-6.13E-05,-6.07E-05,-6.07E-05,-6.20E-05,-6.62E-05,-6.86E-05,-6.87E-05,-6.91E-05,-6.83E-05,-6.81E-05,-6.73E-05,-6.77E-05,-6.90E-05,-7.25E-05,-7.56E-05,-7.85E-05,-8.30E-05,-8.89E-05,-9.18E-05,-9.21E-05,-9.03E-05,-8.90E-05,-8.87E-05,-8.95E-05,-8.99E-05,-8.96E-05,-8.93E-05,-9.00E-05,-9.03E-05,-8.95E-05,-8.83E-05,-8.80E-05,-8.92E-05,-9.04E-05,-9.21E-05,-9.42E-05,-9.57E-05,-9.56E-05,-9.18E-05,-8.56E-05,-8.19E-05,-8.24E-05,-8.57E-05,-8.84E-05,-9.13E-05,-9.53E-05,-9.72E-05,-9.74E-05,-9.64E-05,-9.63E-05,-9.60E-05,-9.63E-05,-9.80E-05,-9.84E-05,-9.75E-05,-9.60E-05,-9.48E-05,-9.29E-05,-9.35E-05,-9.40E-05,-9.43E-05,-9.54E-05,-9.72E-05,-9.90E-05,-1.02E-04,-1.04E-04,-1.05E-04,-1.08E-04,-1.10E-04,-1.11E-04,-1.10E-04,-1.10E-04,-1.11E-04,-1.12E-04,-1.13E-04,-1.13E-04,-1.12E-04,-1.12E-04,-1.14E-04,-1.16E-04,-1.18E-04,-1.19E-04,-1.21E-04,-1.24E-04,-1.27E-04,-1.29E-04,-1.30E-04,-1.32E-04,-1.33E-04,-1.34E-04,-1.35E-04,-1.33E-04,-1.33E-04,-1.34E-04,-1.34E-04,-1.36E-04,-1.37E-04,-1.39E-04,-1.41E-04,-1.42E-04,-1.42E-04,-1.42E-04,-1.42E-04,-1.39E-04,-1.38E-04,-1.41E-04,-1.46E-04,-1.50E-04,-1.52E-04,-1.56E-04,-1.56E-04,-1.54E-04,-1.51E-04,-1.48E-04,-1.45E-04,-1.42E-04,-1.39E-04,-1.37E-04,-1.36E-04,-1.35E-04,-1.31E-04,-1.17E-04,-9.51E-05,-7.64E-05,-6.44E-05,-5.86E-05,-5.64E-05,-5.86E-05,-6.38E-05,-6.89E-05,-7.13E-05,-7.24E-05,-7.02E-05,-6.66E-05,-6.42E-05,-6.48E-05,-6.55E-05,-6.73E-05,-6.97E-05,-7.43E-05,-8.50E-05,-9.69E-05,-1.06E-04,-1.14E-04,-1.18E-04,-1.21E-04,-1.23E-04,-1.22E-04,-1.20E-04,-1.14E-04,-1.09E-04,-1.06E-04,-1.06E-04,-1.07E-04,-1.09E-04
26,LFP1,38,0,32.12836862,-1.12E-04,-1.17E-04,-1.24E-04,-1.30E-04,-1.34E-04,-1.37E-04,-1.39E-04,-1.40E-04,-1.43E-04,-1.49E-04,-1.56E-04,-1.62E-04,-1.69E-04,-1.75E-04,-1.79E-04,-1.82E-04,-1.84E-04,-1.85E-04,-1.89E-04,-1.92E-04,-1.97E-04,-2.03E-04,-2.08E-04,-2.11E-04,-2.15E-04,-2.19E-04,-2.24E-04,-2.27E-04,-2.28E-04,-2.29E-04,-2.31E-04,-2.32E-04,-2.35E-04,-2.38E-04,-2.40E-04,-2.41E-04,-2.41E-04,-2.43E-04,-2.45E-04,-2.47E-04,-2.51E-04,-2.54E-04,-2.56E-04,-2.54E-04,-2.51E-04,-2.48E-04,-2.43E-04,-2.39E-04,-2.36E-04,-2.33E-04,-2.31E-04,-2.33E-04,-2.36E-04,-2.38E-04,-2.41E-04,-2.45E-04,-2.48E-04,-2.54E-04,-2.58E-04,-2.61E-04,-2.64E-04,-2.67E-04,-2.69E-04,-2.71E-04,-2.74E-04,-2.80E-04,-2.84E-04,-2.88E-04,-2.94E-04,-2.97E-04,-2.99E-04,-2.99E-04,-2.98E-04,-2.99E-04,-3.01E-04,-3.06E-04,-3.10E-04,-3.14E-04,-3.18E-04,-3.21E-04,-3.25E-04,-3.29E-04,-3.30E-04,-3.30E-04,-3.29E-04,-3.30E-04,-3.33E-04,-3.37E-04,-3.41E-04,-3.42E-04,-3.44E-04,-3.46E-04,-3.47E-04,-3.49E-04,-3.53E-04,-3.57E-04,-3.62E-04,-3.64E-04,-3.67E-04,-3.69E-04,-3.69E-04,-3.70E-04,-3.68E-04,-3.70E-04,-3.65E-04,-3.53E-04,-3.38E-04,-3.25E-04,-3.15E-04,-3.09E-04,-3.04E-04,-3.01E-04,-3.01E-04,-3.03E-04,-3.05E-04,-3.09E-04,-3.15E-04,-3.26E-04,-3.43E-04,-3.60E-04,-3.75E-04,-3.86E-04,-3.93E-04,-3.97E-04,-3.99E-04,-3.97E-04,-3.95E-04,-3.93E-04,-3.93E-04,-3.93E-04,-3.93E-04,-3.93E-04,-3.92E-04,-3.92E-04,-3.92E-04,-3.94E-04,-3.96E-04,-4.00E-04,-4.02E-04,-4.04E-04,-4.06E-04,-4.08E-04,-4.10E-04,-4.13E-04,-4.15E-04,-4.16E-04,-4.17E-04,-4.18E-04,-4.20E-04,-4.22E-04,-4.25E-04,-4.28E-04,-4.31E-04,-4.35E-04,-4.38E-04,-4.42E-04,-4.46E-04,-4.49E-04,-4.54E-04,-4.59E-04,-4.62E-04,-4.67E-04,-4.71E-04,-4.72E-04,-4.73E-04,-4.73E-04,-4.77E-04,-4.81E-04,-4.82E-04,-4.81E-04,-4.78E-04,-4.76E-04,-4.75E-04,-4.75E-04,-4.77E-04,-4.82E-04,-4.85E-04,-4.86E-04,-4.86E-04,-4.84E-04,-4.80E-04,-4.77E-04,-4.76E-04,-4.75E-04,-4.76E-04,-4.78E-04,-4.80E-04,-4.82E-04,-4.82E-04,-4.82E-04,-4.82E-04,-4.80E-04,-4.77E-04,-4.77E-04,-4.77E-04,-4.76E-04,-4.74E-04,-4.74E-04,-4.76E-04,-4.78E-04,-4.80E-04,-4.80E-04,-4.81E-04,-4.83E-04,-4.86E-04,-4.89E-04,-4.89E-04,-4.88E-04,-4.86E-04,-4.86E-04,-4.87E-04,-4.87E-04,-4.85E-04,-4.82E-04,-4.80E-04,-4.81E-04,-4.82E-04,-4.83E-04,-4.84E-04,-4.85E-04,-4.84E-04,-4.82E-04,-4.81E-04,-4.79E-04,-4.78E-04,-4.77E-04,-4.77E-04,-4.74E-04,-4.70E-04,-4.68E-04,-4.67E-04,-4.67E-04,-4.70E-04,-4.71E-04,-4.72E-04,-4.73E-04,-4.73E-04,-4.73E-04,-4.73E-04,-4.71E-04,-4.68E-04,-4.60E-04,-4.44E-04,-4.23E-04,-4.06E-04,-3.96E-04,-3.90E-04,-3.88E-04,-3.87E-04,-3.89E-04,-3.93E-04,-3.95E-04,-3.94E-04,-3.94E-04,-3.96E-04,-4.03E-04
27,LFP1,38,0,32.21225476,-4.14E-04,-4.22E-04,-4.28E-04,-4.32E-04,-4.34E-04,-4.34E-04,-4.36E-04,-4.38E-04,-4.38E-04,-4.40E-04,-4.42E-04,-4.42E-04,-4.42E-04,-4.42E-04,-4.42E-04,-4.41E-04,-4.39E-04,-4.31E-04,-4.05E-04,-3.67E-04,-3.30E-04,-3.04E-04,-2.91E-04,-2.87E-04,-2.88E-04,-2.91E-04,-2.96E-04,-3.02E-04,-3.05E-04,-3.09E-04,-3.19E-04,-3.39E-04,-3.60E-04,-3.79E-04,-3.93E-04,-4.02E-04,-4.05E-04,-4.04E-04,-4.01E-04,-3.98E-04,-3.95E-04,-3.92E-04,-3.88E-04,-3.85E-04,-3.82E-04,-3.80E-04,-3.81E-04,-3.81E-04,-3.80E-04,-3.78E-04,-3.77E-04,-3.77E-04,-3.77E-04,-3.77E-04,-3.76E-04,-3.76E-04,-3.77E-04,-3.77E-04,-3.77E-04,-3.78E-04,-3.79E-04,-3.81E-04,-3.82E-04,-3.81E-04,-3.81E-04,-3.83E-04,-3.87E-04,-3.90E-04,-3.90E-04,-3.88E-04,-3.85E-04,-3.83E-04,-3.84E-04,-3.84E-04,-3.84E-04,-3.83E-04,-3.81E-04,-3.76E-04,-3.70E-04,-3.66E-04,-3.65E-04,-3.66E-04,-3.68E-04,-3.69E-04,-3.70E-04,-3.71E-04,-3.71E-04,-3.70E-04,-3.70E-04,-3.69E-04,-3.67E-04,-3.64E-04,-3.61E-04,-3.58E-04,-3.57E-04,-3.56E-04,-3.56E-04,-3.55E-04,-3.52E-04,-3.48E-04,-3.44E-04,-3.43E-04,-3.41E-04,-3.41E-04,-3.41E-04,-3.41E-04,-3.41E-04,-3.42E-04,-3.42E-04,-3.45E-04,-3.50E-04,-3.55E-04,-3.59E-04,-3.62E-04,-3.65E-04,-3.69E-04,-3.71E-04,-3.72E-04,-3.64E-04,-3.49E-04,-3.33E-04,-3.17E-04,-3.04E-04,-2.97E-04,-2.94E-04,-2.94E-04,-2.97E-04,-3.03E-04,-3.09E-04,-3.12E-04,-3.18E-04,-3.29E-04,-3.40E-04,-3.47E-04,-3.54E-04,-3.58E-04,-3.58E-04,-3.55E-04,-3.50E-04,-3.44E-04,-3.41E-04,-3.39E-04,-3.38E-04,-3.35E-04,-3.31E-04,-3.28E-04,-3.26E-04,-3.25E-04,-3.23E-04,-3.23E-04,-3.23E-04,-3.25E-04,-3.25E-04,-3.25E-04,-3.23E-04,-3.22E-04,-3.21E-04,-3.20E-04,-3.19E-04,-3.15E-04,-3.13E-04,-3.10E-04,-3.09E-04,-3.06E-04,-3.02E-04,-2.99E-04,-2.96E-04,-2.97E-04,-2.98E-04,-2.99E-04,-3.01E-04,-3.03E-04,-3.04E-04,-3.03E-04,-3.03E-04,-3.04E-04,-3.07E-04,-3.08E-04,-3.07E-04,-3.06E-04,-3.04E-04,-3.04E-04,-3.06E-04,-3.09E-04,-3.11E-04,-3.09E-04,-3.09E-04,-3.07E-04,-3.04E-04,-2.98E-04,-2.93E-04,-2.91E-04,-2.93E-04,-2.92E-04,-2.90E-04,-2.88E-04,-2.85E-04,-2.80E-04,-2.77E-04,-2.75E-04,-2.74E-04,-2.74E-04,-2.74E-04,-2.74E-04,-2.71E-04,-2.67E-04,-2.65E-04,-2.66E-04,-2.69E-04,-2.71E-04,-2.73E-04,-2.73E-04,-2.77E-04,-2.82E-04,-2.83E-04,-2.82E-04,-2.83E-04,-2.83E-04,-2.83E-04,-2.85E-04,-2.85E-04,-2.87E-04,-2.88E-04,-2.88E-04,-2.90E-04,-2.90E-04,-2.91E-04,-2.91E-04,-2.91E-04,-2.92E-04,-2.90E-04,-2.88E-04,-2.87E-04,-2.89E-04,-2.85E-04,-2.73E-04,-2.60E-04,-2.47E-04,-2.38E-04,-2.34E-04,-2.33E-04,-2.31E-04,-2.30E-04,-2.31E-04,-2.37E-04,-2.46E-04,-2.57E-04,-2.68E-04,-2.76E-04,-2.82E-04,-2.84E-04,-2.84E-04,-2.82E-04,-2.77E-04,-2.73E-04,-2.69E-04
28,LFP1,38,0,32.29614091,-2.70E-04,-2.73E-04,-2.73E-04,-2.73E-04,-2.74E-04,-2.76E-04,-2.81E-04,-2.85E-04,-2.89E-04,-2.93E-04,-2.94E-04,-2.95E-04,-2.96E-04,-2.97E-04,-2.99E-04,-3.01E-04,-3.03E-04,-3.04E-04,-3.05E-04,-3.04E-04,-3.04E-04,-3.05E-04,-3.07E-04,-3.08E-04,-3.10E-04,-3.14E-04,-3.17E-04,-3.23E-04,-3.24E-04,-3.24E-04,-3.23E-04,-3.22E-04,-3.23E-04,-3.22E-04,-3.23E-04,-3.23E-04,-3.24E-04,-3.25E-04,-3.22E-04,-3.20E-04,-3.18E-04,-3.15E-04,-3.13E-04,-3.13E-04,-3.16E-04,-3.15E-04,-3.12E-04,-3.10E-04,-3.11E-04,-3.11E-04,-3.14E-04,-3.15E-04,-3.17E-04,-3.18E-04,-3.20E-04,-3.21E-04,-3.21E-04,-3.21E-04,-3.24E-04,-3.27E-04,-3.29E-04,-3.31E-04,-3.35E-04,-3.39E-04,-3.41E-04,-3.42E-04,-3.45E-04,-3.47E-04,-3.48E-04,-3.50E-04,-3.52E-04,-3.53E-04,-3.53E-04,-3.53E-04,-3.53E-04,-3.54E-04,-3.57E-04,-3.59E-04,-3.60E-04,-3.60E-04,-3.59E-04,-3.59E-04,-3.60E-04,-3.63E-04,-3.66E-04,-3.69E-04,-3.70E-04,-3.70E-04,-3.69E-04,-3.69E-04,-3.70E-04,-3.70E-04,-3.69E-04,-3.67E-04,-3.66E-04,-3.67E-04,-3.68E-04,-3.66E-04,-3.65E-04,-3.65E-04,-3.68E-04,-3.68E-04,-3.71E-04,-3.70E-04,-3.60E-04,-3.45E-04,-3.31E-04,-3.19E-04,-3.11E-04,-3.08E-04,-3.10E-04,-3.12E-04,-3.15E-04,-3.17E-04,-3.18E-04,-3.21E-04,-3.31E-04,-3.44E-04,-3.56E-04,-3.65E-04,-3.71E-04,-3.76E-04,-3.80E-04,-3.80E-04,-3.78E-04,-3.76E-04,-3.76E-04,-3.77E-04,-3.79E-04,-3.81E-04,-3.83E-04,-3.84E-04,-3.84E-04,-3.83E-04,-3.83E-04,-3.81E-04,-3.79E-04,-3.79E-04,-3.81E-04,-3.84E-04,-3.88E-04,-3.89E-04,-3.89E-04,-3.87E-04,-3.90E-04,-3.92E-04,-3.95E-04,-3.97E-04,-3.96E-04,-3.95E-04,-3.96E-04,-3.98E-04,-4.01E-04,-4.01E-04,-4.00E-04,-4.00E-04,-4.00E-04,-4.03E-04,-4.04E-04,-4.03E-04,-4.01E-04,-4.02E-04,-4.05E-04,-4.09E-04,-4.12E-04,-4.14E-04,-4.15E-04,-4.16E-04,-4.18E-04,-4.17E-04,-4.15E-04,-4.12E-04,-4.10E-04,-4.07E-04,-4.05E-04,-4.05E-04,-4.04E-04,-4.02E-04,-4.01E-04,-4.03E-04,-4.05E-04,-4.10E-04,-4.13E-04,-4.16E-04,-4.16E-04,-4.13E-04,-4.10E-04,-4.09E-04,-4.08E-04,-4.10E-04,-4.13E-04,-4.16E-04,-4.17E-04,-4.18E-04,-4.18E-04,-4.19E-04,-4.20E-04,-4.19E-04,-4.20E-04,-4.24E-04,-4.29E-04,-4.34E-04,-4.35E-04,-4.36E-04,-4.37E-04,-4.39E-04,-4.40E-04,-4.40E-04,-4.39E-04,-4.38E-04,-4.38E-04,-4.39E-04,-4.41E-04,-4.42E-04,-4.44E-04,-4.45E-04,-4.45E-04,-4.42E-04,-4.39E-04,-4.38E-04,-4.39E-04,-4.38E-04,-4.35E-04,-4.34E-04,-4.32E-04,-4.32E-04,-4.33E-04,-4.30E-04,-4.16E-04,-3.97E-04,-3.80E-04,-3.68E-04,-3.62E-04,-3.58E-04,-3.57E-04,-3.56E-04,-3.54E-04,-3.53E-04,-3.54E-04,-3.57E-04,-3.64E-04,-3.73E-04,-3.78E-04,-3.80E-04,-3.78E-04,-3.74E-04,-3.72E-04,-3.71E-04,-3.68E-04,-3.65E-04,-3.61E-04,-3.57E-04,-3.51E-04,-3.45E-04,-3.39E-04,-3.33E-04
29,LFP1,38,0,32.38002682,-3.29E-04,-3.26E-04,-3.25E-04,-3.23E-04,-3.22E-04,-3.20E-04,-3.18E-04,-3.16E-04,-3.15E-04,-3.11E-04,-3.08E-04,-3.06E-04,-3.06E-04,-3.05E-04,-3.02E-04,-2.98E-04,-2.96E-04,-2.95E-04,-2.96E-04,-2.97E-04,-2.96E-04,-2.93E-04,-2.89E-04,-2.85E-04,-2.82E-04,-2.81E-04,-2.81E-04,-2.80E-04,-2.81E-04,-2.81E-04,-2.81E-04,-2.81E-04,-2.81E-04,-2.82E-04,-2.83E-04,-2.83E-04,-2.81E-04,-2.79E-04,-2.77E-04,-2.73E-04,-2.72E-04,-2.72E-04,-2.71E-04,-2.72E-04,-2.72E-04,-2.73E-04,-2.74E-04,-2.72E-04,-2.69E-04,-2.65E-04,-2.62E-04,-2.60E-04,-2.60E-04,-2.62E-04,-2.64E-04,-2.64E-04,-2.65E-04,-2.65E-04,-2.66E-04,-2.67E-04,-2.70E-04,-2.72E-04,-2.71E-04,-2.69E-04,-2.68E-04,-2.68E-04,-2.68E-04,-2.68E-04,-2.66E-04,-2.62E-04,-2.58E-04,-2.55E-04,-2.54E-04,-2.54E-04,-2.55E-04,-2.55E-04,-2.55E-04,-2.58E-04,-2.62E-04,-2.63E-04,-2.59E-04,-2.56E-04,-2.51E-04,-2.46E-04,-2.43E-04,-2.42E-04,-2.44E-04,-2.44E-04,-2.43E-04,-2.41E-04,-2.40E-04,-2.39E-04,-2.38E-04,-2.38E-04,-2.37E-04,-2.35E-04,-2.35E-04,-2.34E-04,-2.34E-04,-2.34E-04,-2.34E-04,-2.32E-04,-2.28E-04,-2.24E-04,-2.21E-04,-2.20E-04,-2.22E-04,-2.22E-04,-2.15E-04,-1.99E-04,-1.85E-04,-1.74E-04,-1.65E-04,-1.55E-04,-1.49E-04,-1.46E-04,-1.47E-04,-1.47E-04,-1.47E-04,-1.47E-04,-1.47E-04,-1.46E-04,-1.44E-04,-1.43E-04,-1.47E-04,-1.56E-04,-1.66E-04,-1.75E-04,-1.82E-04,-1.87E-04,-1.90E-04,-1.93E-04,-1.95E-04,-1.94E-04,-1.91E-04,-1.87E-04,-1.81E-04,-1.78E-04,-1.78E-04,-1.79E-04,-1.79E-04,-1.77E-04,-1.75E-04,-1.75E-04,-1.75E-04,-1.75E-04,-1.74E-04,-1.74E-04,-1.76E-04,-1.77E-04,-1.78E-04,-1.77E-04,-1.76E-04,-1.74E-04,-1.73E-04,-1.74E-04,-1.75E-04,-1.75E-04,-1.71E-04,-1.69E-04,-1.68E-04,-1.66E-04,-1.68E-04,-1.70E-04,-1.69E-04,-1.69E-04,-1.70E-04,-1.71E-04,-1.71E-04,-1.71E-04,-1.71E-04,-1.70E-04,-1.69E-04,-1.70E-04,-1.74E-04,-1.77E-04,-1.79E-04,-1.79E-04,-1.79E-04,-1.81E-04,-1.83E-04,-1.89E-04,-1.94E-04,-1.97E-04,-1.96E-04,-1.95E-04,-1.93E-04,-1.92E-04,-1.93E-04,-1.93E-04,-1.93E-04,-1.91E-04,-1.88E-04,-1.87E-04,-1.87E-04,-1.89E-04,-1.91E-04,-1.93E-04,-1.96E-04,-1.98E-04,-2.02E-04,-2.05E-04,-2.06E-04,-2.08E-04,-2.10E-04,-2.11E-04,-2.13E-04,-2.15E-04,-2.16E-04,-2.17E-04,-2.18E-04,-2.21E-04,-2.24E-04,-2.27E-04,-2.29E-04,-2.30E-04,-2.30E-04,-2.28E-04,-2.26E-04,-2.25E-04,-2.26E-04,-2.27E-04,-2.29E-04,-2.30E-04,-2.30E-04,-2.30E-04,-2.27E-04,-2.22E-04,-2.17E-04,-2.14E-04,-2.11E-04,-2.01E-04,-1.90E-04,-1.80E-04,-1.71E-04,-1.64E-04,-1.59E-04,-1.57E-04,-1.56E-04,-1.57E-04,-1.61E-04,-1.64E-04,-1.69E-04,-1.77E-04,-1.87E-04,-1.97E-04,-2.03E-04,-2.08E-04,-2.11E-04,-2.14E-04,-2.16E-04,-2.17E-04,-2.18E-04,-2.16E-04,-2.14E-04,-2.14E-04
30,LFP1,38,0,32.46391296,-2.15E-04,-2.15E-04,-2.15E-04,-2.15E-04,-2.16E-04,-2.17E-04,-2.17E-04,-2.18E-04,-2.19E-04,-2.20E-04,-2.22E-04,-2.22E-04,-2.22E-04,-2.23E-04,-2.24E-04,-2.24E-04,-2.24E-04,-2.22E-04,-2.21E-04,-2.22E-04,-2.23E-04,-2.23E-04,-2.22E-04,-2.22E-04,-2.24E-04,-2.27E-04,-2.31E-04,-2.34E-04,-2.34E-04,-2.33E-04,-2.32E-04,-2.30E-04,-2.28E-04,-2.25E-04,-2.24E-04,-2.25E-04,-2.27E-04,-2.28E-04,-2.29E-04,-2.28E-04,-2.27E-04,-2.25E-04,-2.21E-04,-2.18E-04,-2.17E-04,-2.17E-04,-2.17E-04,-2.16E-04,-2.13E-04,-2.13E-04,-2.13E-04,-2.13E-04,-2.12E-04,-2.11E-04,-2.11E-04,-2.12E-04,-2.12E-04,-2.12E-04,-2.13E-04,-2.16E-04,-2.17E-04,-2.19E-04,-2.21E-04,-2.24E-04,-2.28E-04,-2.31E-04,-2.33E-04,-2.33E-04,-2.34E-04,-2.36E-04,-2.37E-04,-2.36E-04,-2.33E-04,-2.33E-04,-2.34E-04,-2.36E-04,-2.39E-04,-2.43E-04,-2.46E-04,-2.47E-04,-2.46E-04,-2.43E-04,-2.40E-04,-2.40E-04,-2.39E-04,-2.38E-04,-2.37E-04,-2.37E-04,-2.37E-04,-2.35E-04,-2.34E-04,-2.33E-04,-2.27E-04,-2.16E-04,-2.03E-04,-1.91E-04,-1.83E-04,-1.80E-04,-1.78E-04,-1.78E-04,-1.80E-04,-1.82E-04,-1.82E-04,-1.83E-04,-1.88E-04,-1.97E-04,-2.06E-04,-2.15E-04,-2.24E-04,-2.31E-04,-2.34E-04,-2.35E-04,-2.35E-04,-2.34E-04,-2.34E-04,-2.34E-04,-2.35E-04,-2.36E-04,-2.37E-04,-2.38E-04,-2.41E-04,-2.44E-04,-2.46E-04,-2.45E-04,-2.45E-04,-2.45E-04,-2.46E-04,-2.46E-04,-2.49E-04,-2.53E-04,-2.56E-04,-2.57E-04,-2.57E-04,-2.57E-04,-2.55E-04,-2.54E-04,-2.56E-04,-2.60E-04,-2.64E-04,-2.70E-04,-2.74E-04,-2.75E-04,-2.75E-04,-2.76E-04,-2.76E-04,-2.75E-04,-2.73E-04,-2.71E-04,-2.69E-04,-2.68E-04,-2.70E-04,-2.73E-04,-2.78E-04,-2.80E-04,-2.79E-04,-2.79E-04,-2.81E-04,-2.84E-04,-2.86E-04,-2.86E-04,-2.85E-04,-2.85E-04,-2.85E-04,-2.84E-04,-2.83E-04,-2.83E-04,-2.84E-04,-2.83E-04,-2.66E-04,-2.33E-04,-1.97E-04,-1.66E-04,-1.42E-04,-1.28E-04,-1.23E-04,-1.22E-04,-1.25E-04,-1.33E-04,-1.44E-04,-1.55E-04,-1.69E-04,-1.88E-04,-2.08E-04,-2.25E-04,-2.38E-04,-2.46E-04,-2.51E-04,-2.53E-04,-2.52E-04,-2.50E-04,-2.50E-04,-2.49E-04,-2.48E-04,-2.45E-04,-2.43E-04,-2.43E-04,-2.43E-04,-2.44E-04,-2.46E-04,-2.45E-04,-2.41E-04,-2.37E-04,-2.33E-04,-2.29E-04,-2.27E-04,-2.27E-04,-2.27E-04,-2.29E-04,-2.31E-04,-2.33E-04,-2.34E-04,-2.35E-04,-2.33E-04,-2.33E-04,-2.31E-04,-2.30E-04,-2.30E-04,-2.30E-04,-2.23E-04,-2.14E-04,-2.03E-04,-1.94E-04,-1.89E-04,-1.86E-04,-1.84E-04,-1.82E-04,-1.79E-04,-1.76E-04,-1.74E-04,-1.72E-04,-1.71E-04,-1.72E-04,-1.75E-04,-1.80E-04,-1.86E-04,-1.91E-04,-1.96E-04,-1.99E-04,-1.97E-04,-1.94E-04,-1.90E-04,-1.84E-04,-1.78E-04,-1.76E-04,-1.75E-04,-1.75E-04,-1.75E-04,-1.75E-04,-1.75E-04,-1.73E-04,-1.68E-04,-1.65E-04,-1.64E-04,-1.64E-04,-1.67E-04,-1.69E-04
31,LFP1,38,0,32.54779911,-1.70E-04,-1.71E-04,-1.72E-04,-1.73E-04,-1.74E-04,-1.75E-04,-1.77E-04,-1.79E-04,-1.81E-04,-1.84E-04,-1.86E-04,-1.86E-04,-1.86E-04,-1.88E-04,-1.91E-04,-1.94E-04,-1.97E-04,-1.99E-04,-2.00E-04,-1.99E-04,-1.99E-04,-1.97E-04,-1.95E-04,-1.92E-04,-1.90E-04,-1.89E-04,-1.88E-04,-1.89E-04,-1.89E-04,-1.89E-04,-1.86E-04,-1.85E-04,-1.81E-04,-1.79E-04,-1.76E-04,-1.73E-04,-1.68E-04,-1.64E-04,-1.60E-04,-1.60E-04,-1.60E-04,-1.56E-04,-1.54E-04,-1.49E-04,-1.46E-04,-1.44E-04,-1.42E-04,-1.39E-04,-1.37E-04,-1.35E-04,-1.34E-04,-1.34E-04,-1.35E-04,-1.37E-04,-1.39E-04,-1.40E-04,-1.42E-04,-1.44E-04,-1.44E-04,-1.43E-04,-1.42E-04,-1.41E-04,-1.40E-04,-1.41E-04,-1.45E-04,-1.48E-04,-1.51E-04,-1.50E-04,-1.49E-04,-1.48E-04,-1.49E-04,-1.49E-04,-1.50E-04,-1.50E-04,-1.49E-04,-1.48E-04,-1.47E-04,-1.45E-04,-1.41E-04,-1.35E-04,-1.30E-04,-1.27E-04,-1.25E-04,-1.24E-04,-1.25E-04,-1.24E-04,-1.15E-04,-1.01E-04,-8.69E-05,-7.55E-05,-6.72E-05,-6.14E-05,-5.81E-05,-5.43E-05,-5.04E-05,-4.61E-05,-4.21E-05,-3.94E-05,-3.72E-05,-3.53E-05,-3.92E-05,-4.70E-05,-5.45E-05,-5.95E-05,-6.41E-05,-6.67E-05,-6.83E-05,-6.87E-05,-6.94E-05,-6.77E-05,-6.65E-05,-6.45E-05,-6.18E-05,-6.02E-05,-6.03E-05,-6.03E-05,-5.90E-05,-5.79E-05,-5.72E-05,-5.58E-05,-5.37E-05,-5.19E-05,-5.14E-05,-5.11E-05,-5.01E-05,-4.83E-05,-4.66E-05,-4.70E-05,-4.69E-05,-4.50E-05,-4.17E-05,-3.81E-05,-3.33E-05,-2.99E-05,-2.69E-05,-2.54E-05,-2.49E-05,-2.46E-05,-2.31E-05,-2.20E-05,-1.95E-05,-1.78E-05,-1.69E-05,-1.72E-05,-1.69E-05,-1.67E-05,-1.63E-05,-1.42E-05,-1.17E-05,-9.21E-06,-6.64E-06,-3.24E-06,7.03E-07,4.00E-06,4.86E-06,3.32E-06,2.33E-06,1.53E-06,-1.31E-07,-2.05E-06,-2.84E-06,-2.13E-06,2.63E-06,7.71E-06,1.10E-05,1.26E-05,1.24E-05,1.02E-05,1.07E-05,1.12E-05,1.04E-05,9.21E-06,9.71E-06,1.15E-05,1.44E-05,1.81E-05,2.11E-05,2.39E-05,2.54E-05,2.38E-05,2.12E-05,2.02E-05,1.99E-05,2.07E-05,2.29E-05,2.42E-05,2.40E-05,2.42E-05,2.39E-05,2.50E-05,2.75E-05,3.07E-05,3.19E-05,3.27E-05,3.58E-05,4.12E-05,4.48E-05,4.33E-05,4.25E-05,4.46E-05,4.72E-05,4.94E-05,5.19E-05,5.40E-05,5.41E-05,5.30E-05,5.14E-05,5.18E-05,5.15E-05,5.25E-05,5.71E-05,6.85E-05,8.00E-05,8.93E-05,9.70E-05,1.03E-04,1.06E-04,1.09E-04,1.11E-04,1.13E-04,1.15E-04,1.16E-04,1.17E-04,1.18E-04,1.20E-04,1.20E-04,1.16E-04,1.09E-04,1.03E-04,9.89E-05,9.62E-05,9.75E-05,1.02E-04,1.07E-04,1.12E-04,1.19E-04,1.26E-04,1.32E-04,1.38E-04,1.43E-04,1.43E-04,1.41E-04,1.42E-04,1.45E-04,1.49E-04,1.53E-04,1.57E-04,1.59E-04,1.59E-04,1.59E-04,1.57E-04,1.57E-04,1.59E-04,1.61E-04,1.63E-04,1.65E-04
32,LFP1,38,0,32.63168502,1.64E-04,1.62E-04,1.59E-04,1.58E-04,1.57E-04,1.56E-04,1.56E-04,1.59E-04,1.62E-04,1.65E-04,1.67E-04,1.68E-04,1.69E-04,1.71E-04,1.73E-04,1.77E-04,1.80E-04,1.82E-04,1.83E-04,1.83E-04,1.82E-04,1.79E-04,1.79E-04,1.82E-04,1.87E-04,1.91E-04,1.94E-04,1.97E-04,2.00E-04,2.03E-04,2.04E-04,2.05E-04,2.08E-04,2.09E-04,2.09E-04,2.09E-04,2.07E-04,2.06E-04,2.06E-04,2.06E-04,2.06E-04,2.06E-04,2.06E-04,2.07E-04,2.09E-04,2.11E-04,2.12E-04,2.12E-04,2.13E-04,2.14E-04,2.15E-04,2.18E-04,2.20E-04,2.23E-04,2.24E-04,2.22E-04,2.20E-04,2.19E-04,2.20E-04,2.20E-04,2.22E-04,2.23E-04,2.22E-04,2.23E-04,2.24E-04,2.23E-04,2.24E-04,2.25E-04,2.27E-04,2.29E-04,2.32E-04,2.33E-04,2.32E-04,2.30E-04,2.29E-04,2.30E-04,2.29E-04,2.30E-04,2.30E-04,2.30E-04,2.29E-04,2.31E-04,2.32E-04,2.32E-04,2.34E-04,2.34E-04,2.33E-04,2.33E-04,2.37E-04,2.41E-04,2.49E-04,2.62E-04,2.72E-04,2.81E-04,2.90E-04,2.97E-04,3.00E-04,3.03E-04,3.05E-04,3.06E-04,3.10E-04,3.12E-04,3.12E-04,3.11E-04,3.10E-04,3.10E-04,3.09E-04,3.08E-04,3.02E-04,2.94E-04,2.86E-04,2.81E-04,2.78E-04,2.78E-04,2.79E-04,2.81E-04,2.82E-04,2.83E-04,2.85E-04,2.87E-04,2.89E-04,2.90E-04,2.88E-04,2.84E-04,2.81E-04,2.81E-04,2.81E-04,2.82E-04,2.84E-04,2.85E-04,2.88E-04,2.91E-04,2.93E-04,2.94E-04,2.95E-04,2.98E-04,3.00E-04,3.00E-04,2.99E-04,2.98E-04,2.97E-04,2.97E-04,2.98E-04,2.98E-04,2.98E-04,2.98E-04,2.98E-04,2.98E-04,3.01E-04,3.04E-04,3.08E-04,3.12E-04,3.17E-04,3.20E-04,3.20E-04,3.21E-04,3.22E-04,3.23E-04,3.23E-04,3.23E-04,3.24E-04,3.24E-04,3.26E-04,3.29E-04,3.33E-04,3.36E-04,3.38E-04,3.39E-04,3.40E-04,3.43E-04,3.46E-04,3.51E-04,3.57E-04,3.61E-04,3.63E-04,3.64E-04,3.66E-04,3.66E-04,3.65E-04,3.66E-04,3.68E-04,3.69E-04,3.70E-04,3.72E-04,3.76E-04,3.79E-04,3.81E-04,3.81E-04,3.82E-04,3.83E-04,3.83E-04,3.83E-04,3.81E-04,3.82E-04,3.85E-04,3.87E-04,3.89E-04,3.92E-04,3.93E-04,3.93E-04,3.92E-04,3.92E-04,3.93E-04,3.95E-04,3.97E-04,4.00E-04,4.03E-04,4.05E-04,4.08E-04,4.08E-04,4.08E-04,4.08E-04,4.11E-04,4.14E-04,4.19E-04,4.23E-04,4.23E-04,4.23E-04,4.25E-04,4.25E-04,4.27E-04,4.29E-04,4.31E-04,4.34E-04,4.37E-04,4.40E-04,4.36E-04,4.32E-04,4.28E-04,4.26E-04,4.24E-04,4.29E-04,4.39E-04,4.50E-04,4.58E-04,4.64E-04,4.66E-04,4.68E-04,4.68E-04,4.69E-04,4.69E-04,4.70E-04,4.69E-04,4.68E-04,4.65E-04,4.64E-04,4.64E-04,4.65E-04,4.66E-04,4.67E-04,4.63E-04,4.57E-04,4.51E-04,4.46E-04,4.44E-04,4.41E-04
33,LFP1,38,0,32.71557117,4.38E-04,4.32E-04,4.30E-04,4.30E-04,4.34E-04,4.38E-04,4.39E-04,4.38E-04,4.39E-04,4.41E-04,4.41E-04,4.41E-04,4.41E-04,4.43E-04,4.43E-04,4.44E-04,4.43E-04,4.42E-04,4.41E-04,4.39E-04,4.37E-04,4.36E-04,4.36E-04,4.37E-04,4.37E-04,4.37E-04,4.37E-04,4.36E-04,4.35E-04,4.35E-04,4.37E-04,4.43E-04,4.51E-04,4.57E-04,4.58E-04,4.54E-04,4.47E-04,4.41E-04,4.37E-04,4.34E-04,4.31E-04,4.28E-04,4.28E-04,4.30E-04,4.33E-04,4.34E-04,4.34E-04,4.34E-04,4.35E-04,4.36E-04,4.36E-04,4.37E-04,4.37E-04,4.37E-04,4.36E-04,4.33E-04,4.30E-04,4.30E-04,4.30E-04,4.31E-04,4.33E-04,4.35E-04,4.34E-04,4.32E-04,4.27E-04,4.25E-04,4.24E-04,4.26E-04,4.29E-04,4.32E-04,4.35E-04,4.34E-04,4.30E-04,4.28E-04,4.25E-04,4.23E-04,4.20E-04,4.20E-04,4.19E-04,4.19E-04,4.20E-04,4.19E-04,4.18E-04,4.18E-04,4.17E-04,4.12E-04,4.08E-04,4.05E-04,4.04E-04,4.04E-04,4.05E-04,4.06E-04,4.05E-04,4.05E-04,4.04E-04,4.05E-04,4.05E-04,4.05E-04,4.06E-04,4.09E-04,4.09E-04,4.07E-04,4.05E-04,4.04E-04,4.01E-04,4.01E-04,4.04E-04,4.06E-04,4.06E-04,4.05E-04,4.05E-04,4.07E-04,4.08E-04,4.10E-04,4.11E-04,4.11E-04,4.11E-04,4.13E-04,4.15E-04,4.16E-04,4.18E-04,4.18E-04,4.17E-04,4.15E-04,4.12E-04,4.10E-04,4.08E-04,4.08E-04,4.07E-04,4.06E-04,4.06E-04,4.09E-04,4.18E-04,4.28E-04,4.38E-04,4.45E-04,4.52E-04,4.57E-04,4.61E-04,4.65E-04,4.68E-04,4.69E-04,4.69E-04,4.68E-04,4.67E-04,4.67E-04,4.66E-04,4.66E-04,4.66E-04,4.66E-04,4.65E-04,4.65E-04,4.63E-04,4.61E-04,4.65E-04,4.67E-04,4.63E-04,4.54E-04,4.45E-04,4.35E-04,4.28E-04,4.23E-04,4.20E-04,4.17E-04,4.14E-04,4.12E-04,4.10E-04,4.10E-04,4.11E-04,4.11E-04,4.12E-04,4.13E-04,4.12E-04,4.10E-04,4.08E-04,4.06E-04,4.02E-04,3.99E-04,3.94E-04,3.93E-04,3.92E-04,3.92E-04,3.91E-04,3.89E-04,3.85E-04,3.81E-04,3.77E-04,3.74E-04,3.71E-04,3.67E-04,3.63E-04,3.62E-04,3.61E-04,3.61E-04,3.61E-04,3.59E-04,3.58E-04,3.57E-04,3.56E-04,3.56E-04,3.57E-04,3.57E-04,3.56E-04,3.54E-04,3.54E-04,3.55E-04,3.56E-04,3.55E-04,3.55E-04,3.56E-04,3.57E-04,3.60E-04,3.62E-04,3.63E-04,3.65E-04,3.68E-04,3.72E-04,3.77E-04,3.78E-04,3.77E-04,3.75E-04,3.74E-04,3.74E-04,3.75E-04,3.75E-04,3.74E-04,3.72E-04,3.70E-04,3.70E-04,3.72E-04,3.74E-04,3.74E-04,3.72E-04,3.70E-04,3.67E-04,3.66E-04,3.61E-04,3.51E-04,3.43E-04,3.51E-04,3.73E-04,3.97E-04,4.16E-04,4.26E-04,4.25E-04,4.19E-04,4.07E-04,3.92E-04,3.77E-04,3.65E-04,3.54E-04,3.40E-04,3.17E-04,2.89E-04,2.61E-04,2.37E-04
34,LFP1,38,0,32.79945731,2.19E-04,2.05E-04,1.96E-04,1.94E-04,1.96E-04,1.98E-04,2.01E-04,2.03E-04,2.01E-04,1.95E-04,1.89E-04,1.84E-04,1.77E-04,1.69E-04,1.63E-04,1.58E-04,1.53E-04,1.48E-04,1.41E-04,1.34E-04,1.24E-04,1.12E-04,1.01E-04,9.10E-05,8.17E-05,7.23E-05,6.30E-05,5.28E-05,4.31E-05,3.49E-05,2.48E-05,1.41E-05,5.11E-06,-2.92E-06,-9.39E-06,-1.50E-05,-1.98E-05,-2.48E-05,-3.24E-05,-4.12E-05,-4.99E-05,-5.54E-05,-5.95E-05,-6.27E-05,-6.49E-05,-6.87E-05,-7.50E-05,-8.04E-05,-8.56E-05,-8.95E-05,-9.10E-05,-9.48E-05,-1.00E-04,-1.08E-04,-1.16E-04,-1.24E-04,-1.32E-04,-1.39E-04,-1.46E-04,-1.53E-04,-1.57E-04,-1.60E-04,-1.66E-04,-1.74E-04,-1.81E-04,-1.75E-04,-1.59E-04,-1.42E-04,-1.31E-04,-1.28E-04,-1.32E-04,-1.41E-04,-1.48E-04,-1.55E-04,-1.62E-04,-1.71E-04,-1.82E-04,-1.92E-04,-2.01E-04,-2.11E-04,-2.25E-04,-2.45E-04,-2.67E-04,-2.84E-04,-2.98E-04,-3.09E-04,-3.18E-04,-3.27E-04,-3.37E-04,-3.46E-04,-3.53E-04,-3.57E-04,-3.60E-04,-3.61E-04,-3.59E-04,-3.59E-04,-3.62E-04,-3.67E-04,-3.74E-04,-3.81E-04,-3.88E-04,-3.95E-04,-4.01E-04,-4.07E-04,-4.11E-04,-4.13E-04,-4.15E-04,-4.21E-04,-4.27E-04,-4.34E-04,-4.41E-04,-4.50E-04,-4.57E-04,-4.64E-04,-4.72E-04,-4.78E-04,-4.82E-04,-4.88E-04,-4.95E-04,-5.04E-04,-5.13E-04,-5.23E-04,-5.34E-04,-5.43E-04,-5.49E-04,-5.55E-04,-5.62E-04,-5.70E-04,-5.77E-04,-5.83E-04,-5.89E-04,-5.97E-04,-6.04E-04,-6.10E-04,-6.17E-04,-6.22E-04,-6.27E-04,-6.32E-04,-6.37E-04,-6.42E-04,-6.51E-04,-6.60E-04,-6.66E-04,-6.70E-04,-6.72E-04,-6.73E-04,-6.73E-04,-6.77E-04,-6.84E-04,-6.91E-04,-6.96E-04,-7.04E-04,-7.11E-04,-7.18E-04,-7.25E-04,-7.34E-04,-7.40E-04,-7.46E-04,-7.50E-04,-7.54E-04,-7.60E-04,-7.66E-04,-7.73E-04,-7.80E-04,-7.88E-04,-7.95E-04,-8.00E-04,-8.07E-04,-8.13E-04,-8.18E-04,-8.24E-04,-8.30E-04,-8.36E-04,-8.43E-04,-8.49E-04,-8.57E-04,-8.62E-04,-8.68E-04,-8.75E-04,-8.82E-04,-8.89E-04,-8.94E-04,-8.99E-04,-9.05E-04,-9.10E-04,-9.15E-04,-9.19E-04,-9.25E-04,-9.30E-04,-9.35E-04,-9.42E-04,-9.45E-04,-9.48E-04,-9.52E-04,-9.55E-04,-9.58E-04,-9.61E-04,-9.53E-04,-9.37E-04,-9.20E-04,-9.08E-04,-8.99E-04,-8.95E-04,-8.97E-04,-9.02E-04,-9.13E-04,-9.30E-04,-9.51E-04,-9.70E-04,-9.87E-04,-1.00E-03,-1.01E-03,-1.02E-03,-1.02E-03,-1.03E-03,-1.03E-03,-1.04E-03,-1.04E-03,-1.05E-03,-1.06E-03,-1.07E-03,-1.07E-03,-1.08E-03,-1.10E-03,-1.11E-03,-1.12E-03,-1.13E-03,-1.14E-03,-1.14E-03,-1.15E-03,-1.16E-03,-1.16E-03,-1.17E-03,-1.18E-03,-1.19E-03,-1.21E-03,-1.22E-03,-1.23E-03,-1.24E-03,-1.25E-03,-1.25E-03,-1.26E-03,-1.27E-03,-1.28E-03,-1.29E-03,-1.30E-03,-1.32E-03,-1.33E-03,-1.34E-03,-1.35E-03,-1.36E-03,-1.37E-03,-1.38E-03,-1.39E-03,-1.40E-03,-1.41E-03
35,LFP1,38,0,32.88334346,-1.42E-03,-1.44E-03,-1.45E-03,-1.46E-03,-1.46E-03,-1.47E-03,-1.48E-03,-1.49E-03,-1.51E-03,-1.52E-03,-1.53E-03,-1.54E-03,-1.55E-03,-1.56E-03,-1.56E-03,-1.57E-03,-1.58E-03,-1.58E-03,-1.59E-03,-1.59E-03,-1.60E-03,-1.60E-03,-1.61E-03,-1.62E-03,-1.63E-03,-1.63E-03,-1.64E-03,-1.65E-03,-1.65E-03,-1.64E-03,-1.65E-03,-1.65E-03,-1.65E-03,-1.66E-03,-1.66E-03,-1.67E-03,-1.67E-03,-1.68E-03,-1.69E-03,-1.69E-03,-1.70E-03,-1.70E-03,-1.70E-03,-1.70E-03,-1.70E-03,-1.70E-03,-1.70E-03,-1.71E-03,-1.71E-03,-1.72E-03,-1.73E-03,-1.73E-03,-1.73E-03,-1.74E-03,-1.74E-03,-1.74E-03,-1.72E-03,-1.70E-03,-1.69E-03,-1.68E-03,-1.68E-03,-1.68E-03,-1.69E-03,-1.70E-03,-1.72E-03,-1.74E-03,-1.75E-03,-1.77E-03,-1.78E-03,-1.79E-03,-1.79E-03,-1.80E-03,-1.80E-03,-1.81E-03,-1.81E-03,-1.81E-03,-1.81E-03,-1.81E-03,-1.81E-03,-1.81E-03,-1.82E-03,-1.82E-03,-1.82E-03,-1.83E-03,-1.83E-03,-1.83E-03,-1.84E-03,-1.84E-03,-1.84E-03,-1.84E-03,-1.84E-03,-1.84E-03,-1.84E-03,-1.85E-03,-1.85E-03,-1.85E-03,-1.85E-03,-1.85E-03,-1.85E-03,-1.86E-03,-1.86E-03,-1.86E-03,-1.86E-03,-1.86E-03,-1.86E-03,-1.86E-03,-1.86E-03,-1.86E-03,-1.86E-03,-1.86E-03,-1.85E-03,-1.85E-03,-1.85E-03,-1.85E-03,-1.84E-03,-1.83E-03,-1.83E-03,-1.83E-03,-1.83E-03,-1.83E-03,-1.82E-03,-1.82E-03,-1.82E-03,-1.82E-03,-1.81E-03,-1.81E-03,-1.80E-03,-1.80E-03,-1.80E-03,-1.79E-03,-1.79E-03,-1.79E-03,-1.79E-03,-1.79E-03,-1.79E-03,-1.79E-03,-1.78E-03,-1.78E-03,-1.78E-03,-1.77E-03,-1.77E-03,-1.76E-03,-1.76E-03,-1.75E-03,-1.75E-03,-1.74E-03,-1.74E-03,-1.74E-03,-1.73E-03,-1.73E-03,-1.73E-03,-1.73E-03,-1.72E-03,-1.72E-03,-1.72E-03,-1.71E-03,-1.71E-03,-1.70E-03,-1.70E-03,-1.69E-03,-1.68E-03,-1.67E-03,-1.67E-03,-1.66E-03,-1.66E-03,-1.65E-03,-1.65E-03,-1.64E-03,-1.63E-03,-1.62E-03,-1.62E-03,-1.61E-03,-1.60E-03,-1.60E-03,-1.59E-03,-1.58E-03,-1.57E-03,-1.57E-03,-1.56E-03,-1.55E-03,-1.54E-03,-1.51E-03,-1.49E-03,-1.47E-03,-1.45E-03,-1.44E-03,-1.43E-03,-1.43E-03,-1.43E-03,-1.43E-03,-1.44E-03,-1.45E-03,-1.46E-03,-1.46E-03,-1.45E-03,-1.45E-03,-1.44E-03,-1.44E-03,-1.43E-03,-1.42E-03,-1.42E-03,-1.41E-03,-1.40E-03,-1.39E-03,-1.39E-03,-1.38E-03,-1.37E-03,-1.36E-03,-1.36E-03,-1.35E-03,-1.34E-03,-1.34E-03,-1.33E-03,-1.32E-03,-1.31E-03,-1.31E-03,-1.30E-03,-1.29E-03,-1.28E-03,-1.27E-03,-1.27E-03,-1.26E-03,-1.26E-03,-1.25E-03,-1.24E-03,-1.24E-03,-1.23E-03,-1.23E-03,-1.22E-03,-1.22E-03,-1.21E-03,-1.20E-03,-1.20E-03,-1.19E-03,-1.19E-03,-1.18E-03,-1.17E-03,-1.17E-03,-1.16E-03,-1.15E-03,-1.15E-03,-1.14E-03,-1.13E-03,-1.13E-03,-1.12E-03,-1.11E-03,-1.10E-03,-1.09E-03,-1.08E-03,-1.08E-03,-1.07E-03,-1.07E-03,-1.06E-03,-1.06E-03,-1.06E-03,-1.05E-03
36,LFP1,38,0,32.96722937,-1.04E-03,-1.03E-03,-1.03E-03,-1.02E-03,-1.01E-03,-1.00E-03,-9.92E-04,-9.84E-04,-9.78E-04,-9.72E-04,-9.68E-04,-9.62E-04,-9.54E-04,-9.50E-04,-9.46E-04,-9.42E-04,-9.36E-04,-9.29E-04,-9.23E-04,-9.18E-04,-9.12E-04,-9.07E-04,-9.02E-04,-8.97E-04,-8.91E-04,-8.86E-04,-8.78E-04,-8.60E-04,-8.37E-04,-8.15E-04,-7.97E-04,-7.84E-04,-7.77E-04,-7.78E-04,-7.86E-04,-7.93E-04,-8.00E-04,-8.03E-04,-8.02E-04,-7.99E-04,-7.92E-04,-7.83E-04,-7.73E-04,-7.64E-04,-7.57E-04,-7.52E-04,-7.46E-04,-7.42E-04,-7.37E-04,-7.30E-04,-7.22E-04,-7.16E-04,-7.10E-04,-7.05E-04,-6.98E-04,-6.89E-04,-6.82E-04,-6.75E-04,-6.70E-04,-6.67E-04,-6.63E-04,-6.57E-04,-6.49E-04,-6.42E-04,-6.33E-04,-6.27E-04,-6.25E-04,-6.23E-04,-6.22E-04,-6.19E-04,-6.15E-04,-6.10E-04,-6.04E-04,-5.94E-04,-5.86E-04,-5.77E-04,-5.65E-04,-5.51E-04,-5.41E-04,-5.35E-04,-5.31E-04,-5.29E-04,-5.28E-04,-5.25E-04,-5.21E-04,-5.15E-04,-5.11E-04,-5.11E-04,-5.08E-04,-5.02E-04,-4.98E-04,-4.93E-04,-4.87E-04,-4.80E-04,-4.71E-04,-4.62E-04,-4.57E-04,-4.53E-04,-4.46E-04,-4.38E-04,-4.31E-04,-4.24E-04,-4.14E-04,-4.03E-04,-3.94E-04,-3.89E-04,-3.82E-04,-3.74E-04,-3.65E-04,-3.57E-04,-3.48E-04,-3.40E-04,-3.32E-04,-3.25E-04,-3.19E-04,-3.10E-04,-3.01E-04,-2.93E-04,-2.87E-04,-2.79E-04,-2.72E-04,-2.64E-04,-2.57E-04,-2.51E-04,-2.44E-04,-2.38E-04,-2.33E-04,-2.29E-04,-2.23E-04,-2.12E-04,-1.88E-04,-1.61E-04,-1.39E-04,-1.21E-04,-1.10E-04,-1.04E-04,-1.09E-04,-1.17E-04,-1.25E-04,-1.30E-04,-1.30E-04,-1.28E-04,-1.23E-04,-1.15E-04,-1.06E-04,-9.65E-05,-8.69E-05,-7.83E-05,-7.26E-05,-6.82E-05,-6.34E-05,-6.05E-05,-5.71E-05,-5.21E-05,-4.58E-05,-3.83E-05,-3.13E-05,-2.44E-05,-1.75E-05,-9.50E-06,-1.87E-06,3.66E-06,9.64E-06,1.57E-05,2.16E-05,2.58E-05,2.90E-05,3.15E-05,3.46E-05,3.87E-05,4.12E-05,4.32E-05,4.59E-05,4.89E-05,5.21E-05,5.69E-05,6.47E-05,7.14E-05,7.80E-05,8.57E-05,9.33E-05,9.87E-05,1.02E-04,1.07E-04,1.09E-04,1.10E-04,1.11E-04,1.15E-04,1.18E-04,1.23E-04,1.30E-04,1.37E-04,1.45E-04,1.54E-04,1.63E-04,1.70E-04,1.75E-04,1.80E-04,1.84E-04,1.88E-04,1.92E-04,1.95E-04,1.99E-04,2.04E-04,2.07E-04,2.12E-04,2.16E-04,2.21E-04,2.25E-04,2.29E-04,2.32E-04,2.36E-04,2.40E-04,2.45E-04,2.49E-04,2.53E-04,2.58E-04,2.63E-04,2.66E-04,2.67E-04,2.69E-04,2.71E-04,2.73E-04,2.73E-04,2.75E-04,2.77E-04,2.79E-04,2.81E-04,2.85E-04,2.90E-04,2.94E-04,2.97E-04,3.00E-04,3.06E-04,3.11E-04,3.16E-04,3.21E-04,3.26E-04,3.30E-04,3.37E-04,3.53E-04,3.75E-04,4.03E-04,4.32E-04,4.61E-04,4.86E-04,5.06E-04,5.18E-04,5.17E-04,5.09E-04,5.00E-04,4.93E-04,4.87E-04,4.84E-04,4.87E-04,4.92E-04
37,LFP1,38,0,33.05111551,4.98E-04,5.05E-04,5.12E-04,5.18E-04,5.24E-04,5.30E-04,5.37E-04,5.47E-04,5.56E-04,5.64E-04,5.70E-04,5.73E-04,5.73E-04,5.74E-04,5.76E-04,5.78E-04,5.79E-04,5.79E-04,5.81E-04,5.84E-04,5.86E-04,5.89E-04,5.92E-04,5.96E-04,6.00E-04,6.03E-04,6.05E-04,6.07E-04,6.10E-04,6.13E-04,6.14E-04,6.16E-04,6.20E-04,6.24E-04,6.27E-04,6.30E-04,6.31E-04,6.31E-04,6.33E-04,6.36E-04,6.40E-04,6.44E-04,6.46E-04,6.48E-04,6.53E-04,6.57E-04,6.63E-04,6.66E-04,6.67E-04,6.69E-04,6.69E-04,6.69E-04,6.68E-04,6.69E-04,6.73E-04,6.79E-04,6.84E-04,6.90E-04,6.95E-04,7.01E-04,7.07E-04,7.13E-04,7.19E-04,7.22E-04,7.24E-04,7.26E-04,7.28E-04,7.33E-04,7.38E-04,7.43E-04,7.44E-04,7.44E-04,7.46E-04,7.49E-04,7.53E-04,7.59E-04,7.65E-04,7.71E-04,7.74E-04,7.76E-04,7.78E-04,7.80E-04,7.82E-04,7.86E-04,7.90E-04,7.93E-04,7.98E-04,8.04E-04,8.09E-04,8.13E-04,8.17E-04,8.21E-04,8.25E-04,8.27E-04,8.28E-04,8.27E-04,8.30E-04,8.33E-04,8.35E-04,8.38E-04,8.43E-04,8.49E-04,8.53E-04,8.54E-04,8.56E-04,8.60E-04,8.75E-04,8.97E-04,9.21E-04,9.41E-04,9.56E-04,9.66E-04,9.70E-04,9.72E-04,9.70E-04,9.61E-04,9.48E-04,9.33E-04,9.23E-04,9.16E-04,9.15E-04,9.16E-04,9.18E-04,9.20E-04,9.24E-04,9.28E-04,9.31E-04,9.32E-04,9.33E-04,9.36E-04,9.35E-04,9.35E-04,9.39E-04,9.42E-04,9.44E-04,9.41E-04,9.41E-04,9.41E-04,9.43E-04,9.46E-04,9.50E-04,9.55E-04,9.58E-04,9.62E-04,9.65E-04,9.63E-04,9.62E-04,9.62E-04,9.61E-04,9.61E-04,9.62E-04,9.62E-04,9.64E-04,9.67E-04,9.71E-04,9.76E-04,9.80E-04,9.84E-04,9.88E-04,9.88E-04,9.89E-04,9.89E-04,9.93E-04,9.97E-04,1.00E-03,1.00E-03,1.01E-03,1.01E-03,1.01E-03,1.01E-03,1.01E-03,1.01E-03,1.01E-03,1.02E-03,1.02E-03,1.03E-03,1.03E-03,1.03E-03,1.04E-03,1.04E-03,1.04E-03,1.04E-03,1.05E-03,1.05E-03,1.05E-03,1.05E-03,1.06E-03,1.06E-03,1.06E-03,1.07E-03,1.07E-03,1.08E-03,1.12E-03,1.16E-03,1.20E-03,1.23E-03,1.25E-03,1.26E-03,1.26E-03,1.26E-03,1.26E-03,1.25E-03,1.25E-03,1.24E-03,1.25E-03,1.26E-03,1.28E-03,1.29E-03,1.30E-03,1.30E-03,1.30E-03,1.29E-03,1.27E-03,1.26E-03,1.26E-03,1.26E-03,1.26E-03,1.25E-03,1.24E-03,1.23E-03,1.22E-03,1.22E-03,1.22E-03,1.23E-03,1.23E-03,1.24E-03,1.24E-03,1.25E-03,1.26E-03,1.27E-03,1.27E-03,1.27E-03,1.27E-03,1.27E-03,1.27E-03,1.28E-03,1.28E-03,1.28E-03,1.28E-03,1.28E-03,1.28E-03,1.28E-03,1.28E-03,1.29E-03,1.29E-03,1.29E-03,1.29E-03,1.29E-03,1.29E-03,1.29E-03,1.29E-03,1.29E-03,1.29E-03,1.29E-03,1.30E-03,1.30E-03
38,LFP1,38,0,33.13500166,1.31E-03,1.31E-03,1.32E-03,1.32E-03,1.32E-03,1.33E-03,1.33E-03,1.34E-03,1.35E-03,1.36E-03,1.36E-03,1.37E-03,1.38E-03,1.38E-03,1.38E-03,1.39E-03,1.39E-03,1.40E-03,1.40E-03,1.41E-03,1.41E-03,1.42E-03,1.42E-03,1.43E-03,1.43E-03,1.43E-03,1.44E-03,1.44E-03,1.45E-03,1.45E-03,1.45E-03,1.45E-03,1.45E-03,1.45E-03,1.46E-03,1.46E-03,1.46E-03,1.46E-03,1.47E-03,1.47E-03,1.47E-03,1.47E-03,1.47E-03,1.47E-03,1.48E-03,1.48E-03,1.48E-03,1.48E-03,1.48E-03,1.49E-03,1.49E-03,1.49E-03,1.50E-03,1.50E-03,1.50E-03,1.50E-03,1.50E-03,1.51E-03,1.51E-03,1.52E-03,1.52E-03,1.53E-03,1.53E-03,1.54E-03,1.54E-03,1.54E-03,1.54E-03,1.55E-03,1.55E-03,1.56E-03,1.57E-03,1.57E-03,1.58E-03,1.58E-03,1.58E-03,1.58E-03,1.59E-03,1.61E-03,1.62E-03,1.63E-03,1.64E-03,1.64E-03,1.65E-03,1.65E-03,1.65E-03,1.65E-03,1.64E-03,1.63E-03,1.61E-03,1.60E-03,1.59E-03,1.59E-03,1.58E-03,1.58E-03,1.58E-03,1.58E-03,1.58E-03,1.58E-03,1.58E-03,1.58E-03,1.58E-03,1.58E-03,1.58E-03,1.58E-03,1.58E-03,1.58E-03,1.59E-03,1.59E-03,1.60E-03,1.60E-03,1.60E-03,1.61E-03,1.61E-03,1.62E-03,1.62E-03,1.63E-03,1.63E-03,1.64E-03,1.64E-03,1.64E-03,1.65E-03,1.65E-03,1.65E-03,1.65E-03,1.65E-03,1.65E-03,1.65E-03,1.65E-03,1.65E-03,1.66E-03,1.66E-03,1.66E-03,1.67E-03,1.67E-03,1.67E-03,1.68E-03,1.68E-03,1.68E-03,1.68E-03,1.68E-03,1.68E-03,1.68E-03,1.69E-03,1.69E-03,1.69E-03,1.69E-03,1.69E-03,1.70E-03,1.70E-03,1.70E-03,1.71E-03,1.71E-03,1.72E-03,1.72E-03,1.72E-03,1.72E-03,1.72E-03,1.73E-03,1.73E-03,1.73E-03,1.73E-03,1.73E-03,1.74E-03,1.74E-03,1.75E-03,1.75E-03,1.75E-03,1.75E-03,1.74E-03,1.75E-03,1.75E-03,1.75E-03,1.76E-03,1.76E-03,1.76E-03,1.77E-03,1.77E-03,1.77E-03,1.77E-03,1.77E-03,1.77E-03,1.77E-03,1.77E-03,1.77E-03,1.77E-03,1.77E-03,1.77E-03,1.77E-03,1.78E-03,1.78E-03,1.78E-03,1.78E-03,1.78E-03,1.79E-03,1.81E-03,1.82E-03,1.83E-03,1.84E-03,1.84E-03,1.84E-03,1.83E-03,1.82E-03,1.80E-03,1.79E-03,1.78E-03,1.77E-03,1.77E-03,1.78E-03,1.78E-03,1.78E-03,1.78E-03,1.78E-03,1.78E-03,1.78E-03,1.78E-03,1.79E-03,1.79E-03,1.79E-03,1.79E-03,1.79E-03,1.79E-03,1.80E-03,1.80E-03,1.81E-03,1.81E-03,1.81E-03,1.81E-03,1.81E-03,1.81E-03,1.81E-03,1.82E-03,1.82E-03,1.82E-03,1.82E-03,1.82E-03,1.82E-03,1.82E-03,1.82E-03,1.82E-03,1.82E-03,1.82E-03,1.82E-03,1.83E-03,1.83E-03,1.83E-03,1.82E-03,1.82E-03,1.82E-03,1.83E-03,1.83E-03,1.83E-03,1.83E-03,1.83E-03,1.83E-03,1.83E-03,1.83E-03
39,LFP1,38,0,33.21888757,1.84E-03,1.84E-03,1.84E-03,1.84E-03,1.84E-03,1.84E-03,1.84E-03,1.84E-03,1.84E-03,1.85E-03,1.85E-03,1.86E-03,1.86E-03,1.86E-03,1.86E-03,1.85E-03,1.85E-03,1.85E-03,1.85E-03,1.85E-03,1.85E-03,1.85E-03,1.86E-03,1.86E-03,1.86E-03,1.85E-03,1.85E-03,1.85E-03,1.85E-03,1.85E-03,1.85E-03,1.86E-03,1.86E-03,1.86E-03,1.85E-03,1.85E-03,1.86E-03,1.88E-03,1.89E-03,1.90E-03,1.91E-03,1.92E-03,1.91E-03,1.89E-03,1.88E-03,1.87E-03,1.86E-03,1.86E-03,1.86E-03,1.86E-03,1.86E-03,1.86E-03,1.86E-03,1.86E-03,1.87E-03,1.87E-03,1.87E-03,1.88E-03,1.88E-03,1.88E-03,1.88E-03,1.88E-03,1.88E-03,1.88E-03,1.88E-03,1.88E-03,1.88E-03,1.88E-03,1.89E-03,1.89E-03,1.89E-03,1.88E-03,1.88E-03,1.88E-03,1.88E-03,1.88E-03,1.88E-03,1.88E-03,1.88E-03,1.88E-03,1.87E-03,1.87E-03,1.87E-03,1.87E-03,1.87E-03,1.87E-03,1.88E-03,1.88E-03,1.88E-03,1.89E-03,1.89E-03,1.89E-03,1.88E-03,1.88E-03,1.88E-03,1.88E-03,1.88E-03,1.88E-03,1.88E-03,1.88E-03,1.88E-03,1.89E-03,1.89E-03,1.90E-03,1.90E-03,1.91E-03,1.91E-03,1.91E-03,1.91E-03,1.91E-03,1.92E-03,1.92E-03,1.92E-03,1.92E-03,1.92E-03,1.92E-03,1.93E-03,1.93E-03,1.93E-03,1.93E-03,1.93E-03,1.94E-03,1.94E-03,1.94E-03,1.94E-03,1.93E-03,1.93E-03,1.93E-03,1.93E-03,1.93E-03,1.92E-03,1.93E-03,1.93E-03,1.93E-03,1.95E-03,1.97E-03,1.98E-03,2.00E-03,2.00E-03,2.01E-03,2.01E-03,2.00E-03,1.99E-03,1.99E-03,1.99E-03,1.99E-03,1.99E-03,1.99E-03,1.99E-03,2.00E-03,2.00E-03,2.01E-03,2.01E-03,2.02E-03,2.02E-03,2.02E-03,2.03E-03,2.03E-03,2.03E-03,2.03E-03,2.03E-03,2.03E-03,2.03E-03,2.03E-03,2.03E-03,2.04E-03,2.04E-03,2.07E-03,2.10E-03,2.13E-03,2.16E-03,2.17E-03,2.18E-03,2.18E-03,2.18E-03,2.17E-03,2.17E-03,2.16E-03,2.15E-03,2.15E-03,2.14E-03,2.13E-03,2.11E-03,2.08E-03,2.07E-03,2.05E-03,2.05E-03,2.04E-03,2.04E-03,2.05E-03,2.05E-03,2.06E-03,2.06E-03,2.06E-03,2.06E-03,2.06E-03,2.06E-03,2.07E-03,2.07E-03,2.08E-03,2.08E-03,2.08E-03,2.08E-03,2.08E-03,2.08E-03,2.08E-03,2.08E-03,2.08E-03,2.08E-03,2.08E-03,2.07E-03,2.07E-03,2.08E-03,2.08E-03,2.08E-03,2.08E-03,2.08E-03,2.07E-03,2.07E-03,2.07E-03,2.07E-03,2.07E-03,2.07E-03,2.07E-03,2.07E-03,2.07E-03,2.07E-03,2.07E-03,2.07E-03,2.06E-03,2.06E-03,2.06E-03,2.07E-03,2.09E-03,2.11E-03,2.12E-03,2.13E-03,2.14E-03,2.14E-03,2.13E-03,2.12E-03,2.12E-03,2.11E-03,2.11E-03,2.11E-03,2.11E-03,2.11E-03,2.11E-03,2.11E-03,2.11E-03,2.11E-03,2.12E-03,2.12E-03,2.12E-03,2.13E-03,2.13E-03
40,LFP1,38,0,33.30277371,2.13E-03,2.13E-03,2.13E-03,2.13E-03,2.13E-03,2.13E-03,2.13E-03,2.14E-03,2.14E-03,2.14E-03,2.14E-03,2.14E-03,2.14E-03,2.15E-03,2.15E-03,2.15E-03,2.15E-03,2.15E-03,2.15E-03,2.15E-03,2.15E-03,2.15E-03,2.16E-03,2.16E-03,2.15E-03,2.15E-03,2.15E-03,2.15E-03,2.15E-03,2.15E-03,2.15E-03,2.15E-03,2.15E-03,2.15E-03,2.15E-03,2.16E-03,2.16E-03,2.16E-03,2.16E-03,2.16E-03,2.16E-03,2.16E-03,2.16E-03,2.16E-03,2.16E-03,2.16E-03,2.16E-03,2.17E-03,2.17E-03,2.17E-03,2.17E-03,2.17E-03,2.17E-03,2.17E-03,2.17E-03,2.17E-03,2.18E-03,2.18E-03,2.19E-03,2.19E-03,2.19E-03,2.19E-03,2.19E-03,2.19E-03,2.18E-03,2.18E-03,2.18E-03,2.19E-03,2.19E-03,2.19E-03,2.19E-03,2.19E-03,2.19E-03,2.19E-03,2.18E-03,2.18E-03,2.19E-03,2.21E-03,2.22E-03,2.24E-03,2.25E-03,2.26E-03,2.26E-03,2.25E-03,2.24E-03,2.23E-03,2.22E-03,2.22E-03,2.21E-03,2.21E-03,2.21E-03,2.21E-03,2.22E-03,2.22E-03,2.22E-03,2.22E-03,2.22E-03,2.22E-03,2.22E-03,2.23E-03,2.23E-03,2.23E-03,2.23E-03,2.23E-03,2.24E-03,2.24E-03,2.24E-03,2.24E-03,2.24E-03,2.24E-03,2.24E-03,2.23E-03,2.23E-03,2.23E-03,2.23E-03,2.24E-03,2.24E-03,2.24E-03,2.24E-03,2.24E-03,2.24E-03,2.24E-03,2.24E-03,2.24E-03,2.23E-03,2.23E-03,2.23E-03,2.23E-03,2.23E-03,2.23E-03,2.23E-03,2.24E-03,2.24E-03,2.24E-03,2.24E-03,2.24E-03,2.24E-03,2.25E-03,2.25E-03,2.26E-03,2.26E-03,2.26E-03,2.26E-03,2.26E-03,2.26E-03,2.26E-03,2.26E-03,2.26E-03,2.26E-03,2.26E-03,2.26E-03,2.26E-03,2.26E-03,2.26E-03,2.26E-03,2.27E-03,2.27E-03,2.27E-03,2.27E-03,2.27E-03,2.27E-03,2.26E-03,2.26E-03,2.26E-03,2.26E-03,2.26E-03,2.25E-03,2.25E-03,2.25E-03,2.24E-03,2.24E-03,2.24E-03,2.24E-03,2.24E-03,2.24E-03,2.24E-03,2.23E-03,2.23E-03,2.23E-03,2.23E-03,2.23E-03,2.23E-03,2.23E-03,2.22E-03,2.22E-03,2.23E-03,2.23E-03,2.23E-03,2.23E-03,2.24E-03,2.26E-03,2.27E-03,2.29E-03,2.30E-03,2.31E-03,2.31E-03,2.31E-03,2.30E-03,2.28E-03,2.27E-03,2.26E-03,2.25E-03,2.24E-03,2.24E-03,2.23E-03,2.23E-03,2.23E-03,2.23E-03,2.23E-03,2.24E-03,2.24E-03,2.24E-03,2.24E-03,2.23E-03,2.23E-03,2.23E-03,2.23E-03,2.23E-03,2.23E-03,2.23E-03,2.23E-03,2.22E-03,2.22E-03,2.22E-03,2.22E-03,2.22E-03,2.22E-03,2.22E-03,2.22E-03,2.21E-03,2.21E-03,2.21E-03,2.21E-03,2.21E-03,2.20E-03,2.20E-03,2.20E-03,2.20E-03,2.20E-03,2.20E-03,2.20E-03,2.20E-03,2.19E-03,2.19E-03,2.19E-03,2.18E-03,2.18E-03,2.18E-03,2.18E-03,2.18E-03,2.18E-03,2.18E-03,2.18E-03,2.17E-03,2.17E-03,2.17E-03
41,LFP1,38,0,33.38665986,2.17E-03,2.17E-03,2.17E-03,2.16E-03,2.17E-03,2.16E-03,2.16E-03,2.16E-03,2.16E-03,2.16E-03,2.16E-03,2.16E-03,2.16E-03,2.16E-03,2.16E-03,2.16E-03,2.16E-03,2.15E-03,2.15E-03,2.15E-03,2.15E-03,2.15E-03,2.15E-03,2.15E-03,2.15E-03,2.15E-03,2.14E-03,2.14E-03,2.14E-03,2.14E-03,2.15E-03,2.15E-03,2.16E-03,2.17E-03,2.18E-03,2.19E-03,2.19E-03,2.20E-03,2.21E-03,2.22E-03,2.24E-03,2.25E-03,2.26E-03,2.26E-03,2.25E-03,2.24E-03,2.24E-03,2.23E-03,2.22E-03,2.22E-03,2.22E-03,2.22E-03,2.22E-03,2.22E-03,2.23E-03,2.23E-03,2.23E-03,2.24E-03,2.24E-03,2.25E-03,2.25E-03,2.25E-03,2.25E-03,2.25E-03,2.25E-03,2.25E-03,2.25E-03,2.25E-03,2.25E-03,2.25E-03,2.25E-03,2.25E-03,2.25E-03,2.25E-03,2.25E-03,2.25E-03,2.25E-03,2.25E-03,2.25E-03,2.25E-03,2.25E-03,2.25E-03,2.25E-03,2.25E-03,2.25E-03,2.25E-03,2.25E-03,2.25E-03,2.25E-03,2.25E-03,2.25E-03,2.25E-03,2.26E-03,2.26E-03,2.25E-03,2.25E-03,2.24E-03,2.24E-03,2.24E-03,2.23E-03,2.23E-03,2.23E-03,2.23E-03,2.22E-03,2.22E-03,2.22E-03,2.22E-03,2.22E-03,2.22E-03,2.22E-03,2.22E-03,2.22E-03,2.22E-03,2.22E-03,2.22E-03,2.22E-03,2.22E-03,2.22E-03,2.22E-03,2.22E-03,2.22E-03,2.21E-03,2.21E-03,2.20E-03,2.20E-03,2.19E-03,2.19E-03,2.19E-03,2.19E-03,2.18E-03,2.18E-03,2.18E-03,2.18E-03,2.18E-03,2.18E-03,2.18E-03,2.18E-03,2.17E-03,2.17E-03,2.17E-03,2.17E-03,2.17E-03,2.17E-03,2.17E-03,2.16E-03,2.16E-03,2.16E-03,2.16E-03,2.16E-03,2.16E-03,2.17E-03,2.17E-03,2.17E-03,2.16E-03,2.16E-03,2.16E-03,2.17E-03,2.17E-03,2.17E-03,2.18E-03,2.19E-03,2.21E-03,2.22E-03,2.23E-03,2.23E-03,2.24E-03,2.24E-03,2.24E-03,2.23E-03,2.22E-03,2.21E-03,2.20E-03,2.19E-03,2.18E-03,2.18E-03,2.18E-03,2.18E-03,2.18E-03,2.18E-03,2.18E-03,2.17E-03,2.17E-03,2.16E-03,2.16E-03,2.16E-03,2.16E-03,2.17E-03,2.17E-03,2.16E-03,2.16E-03,2.16E-03,2.16E-03,2.16E-03,2.16E-03,2.16E-03,2.16E-03,2.16E-03,2.16E-03,2.15E-03,2.15E-03,2.16E-03,2.16E-03,2.16E-03,2.17E-03,2.16E-03,2.16E-03,2.16E-03,2.16E-03,2.17E-03,2.17E-03,2.17E-03,2.17E-03,2.17E-03,2.17E-03,2.16E-03,2.16E-03,2.17E-03,2.17E-03,2.17E-03,2.18E-03,2.19E-03,2.20E-03,2.22E-03,2.24E-03,2.26E-03,2.27E-03,2.28E-03,2.29E-03,2.30E-03,2.31E-03,2.31E-03,2.32E-03,2.32E-03,2.32E-03,2.33E-03,2.33E-03,2.34E-03,2.35E-03,2.35E-03,2.36E-03,2.36E-03,2.36E-03,2.36E-03,2.36E-03,2.36E-03,2.36E-03,2.37E-03,2.37E-03,2.37E-03,2.38E-03,2.38E-03,2.38E-03,2.39E-03,2.39E-03,2.39E-03,2.39E-03
42,LFP1,38,0,33.47054601,2.39E-03,2.40E-03,2.40E-03,2.40E-03,2.40E-03,2.40E-03,2.40E-03,2.42E-03,2.44E-03,2.47E-03,2.50E-03,2.51E-03,2.53E-03,2.53E-03,2.55E-03,2.56E-03,2.57E-03,2.56E-03,2.55E-03,2.52E-03,2.50E-03,2.47E-03,2.45E-03,2.43E-03,2.42E-03,2.41E-03,2.41E-03,2.41E-03,2.41E-03,2.41E-03,2.41E-03,2.41E-03,2.41E-03,2.42E-03,2.42E-03,2.42E-03,2.42E-03,2.42E-03,2.42E-03,2.42E-03,2.42E-03,2.42E-03,2.42E-03,2.42E-03,2.42E-03,2.42E-03,2.42E-03,2.43E-03,2.43E-03,2.42E-03,2.42E-03,2.42E-03,2.43E-03,2.43E-03,2.42E-03,2.42E-03,2.42E-03,2.41E-03,2.41E-03,2.41E-03,2.41E-03,2.41E-03,2.41E-03,2.41E-03,2.41E-03,2.41E-03,2.41E-03,2.41E-03,2.40E-03,2.40E-03,2.40E-03,2.39E-03,2.39E-03,2.39E-03,2.39E-03,2.39E-03,2.39E-03,2.40E-03,2.40E-03,2.40E-03,2.40E-03,2.40E-03,2.41E-03,2.41E-03,2.41E-03,2.41E-03,2.41E-03,2.41E-03,2.41E-03,2.41E-03,2.41E-03,2.41E-03,2.40E-03,2.40E-03,2.40E-03,2.40E-03,2.40E-03,2.40E-03,2.40E-03,2.41E-03,2.41E-03,2.41E-03,2.41E-03,2.41E-03,2.41E-03,2.40E-03,2.40E-03,2.40E-03,2.39E-03,2.39E-03,2.39E-03,2.38E-03,2.38E-03,2.38E-03,2.38E-03,2.39E-03,2.40E-03,2.41E-03,2.42E-03,2.43E-03,2.43E-03,2.43E-03,2.42E-03,2.41E-03,2.40E-03,2.39E-03,2.38E-03,2.38E-03,2.37E-03,2.37E-03,2.37E-03,2.38E-03,2.38E-03,2.38E-03,2.38E-03,2.38E-03,2.38E-03,2.38E-03,2.38E-03,2.38E-03,2.38E-03,2.38E-03,2.38E-03,2.38E-03,2.38E-03,2.38E-03,2.38E-03,2.38E-03,2.37E-03,2.37E-03,2.38E-03,2.37E-03,2.37E-03,2.37E-03,2.37E-03,2.37E-03,2.36E-03,2.36E-03,2.35E-03,2.35E-03,2.35E-03,2.35E-03,2.35E-03,2.35E-03,2.35E-03,2.35E-03,2.35E-03,2.36E-03,2.35E-03,2.35E-03,2.35E-03,2.34E-03,2.34E-03,2.35E-03,2.34E-03,2.34E-03,2.34E-03,2.34E-03,2.34E-03,2.35E-03,2.35E-03,2.35E-03,2.35E-03,2.36E-03,2.36E-03,2.36E-03,2.36E-03,2.37E-03,2.37E-03,2.36E-03,2.36E-03,2.36E-03,2.36E-03,2.36E-03,2.36E-03,2.36E-03,2.36E-03,2.35E-03,2.35E-03,2.35E-03,2.35E-03,2.35E-03,2.35E-03,2.35E-03,2.35E-03,2.35E-03,2.34E-03,2.34E-03,2.34E-03,2.34E-03,2.34E-03,2.34E-03,2.34E-03,2.33E-03,2.33E-03,2.33E-03,2.33E-03,2.33E-03,2.33E-03,2.33E-03,2.33E-03,2.33E-03,2.33E-03,2.33E-03,2.32E-03,2.32E-03,2.32E-03,2.32E-03,2.32E-03,2.32E-03,2.32E-03,2.32E-03,2.32E-03,2.32E-03,2.32E-03,2.32E-03,2.31E-03,2.31E-03,2.31E-03,2.31E-03,2.31E-03,2.31E-03,2.32E-03,2.33E-03,2.34E-03,2.35E-03,2.35E-03,2.35E-03,2.35E-03,2.35E-03,2.35E-03,2.35E-03,2.34E-03,2.32E-03,2.31E-03,2.30E-03
43,LFP1,38,0,33.55443192,2.29E-03,2.28E-03,2.28E-03,2.27E-03,2.27E-03,2.27E-03,2.27E-03,2.27E-03,2.26E-03,2.26E-03,2.26E-03,2.26E-03,2.26E-03,2.26E-03,2.26E-03,2.25E-03,2.25E-03,2.25E-03,2.24E-03,2.24E-03,2.24E-03,2.24E-03,2.23E-03,2.23E-03,2.23E-03,2.23E-03,2.23E-03,2.22E-03,2.22E-03,2.22E-03,2.22E-03,2.22E-03,2.22E-03,2.22E-03,2.22E-03,2.21E-03,2.21E-03,2.20E-03,2.20E-03,2.20E-03,2.19E-03,2.19E-03,2.18E-03,2.18E-03,2.18E-03,2.18E-03,2.17E-03,2.17E-03,2.17E-03,2.17E-03,2.16E-03,2.16E-03,2.16E-03,2.15E-03,2.15E-03,2.15E-03,2.15E-03,2.15E-03,2.15E-03,2.14E-03,2.14E-03,2.14E-03,2.14E-03,2.14E-03,2.14E-03,2.14E-03,2.14E-03,2.14E-03,2.14E-03,2.14E-03,2.14E-03,2.14E-03,2.13E-03,2.13E-03,2.13E-03,2.12E-03,2.11E-03,2.11E-03,2.11E-03,2.10E-03,2.10E-03,2.10E-03,2.10E-03,2.10E-03,2.10E-03,2.10E-03,2.10E-03,2.10E-03,2.09E-03,2.09E-03,2.09E-03,2.09E-03,2.09E-03,2.09E-03,2.08E-03,2.08E-03,2.08E-03,2.08E-03,2.08E-03,2.08E-03,2.08E-03,2.08E-03,2.08E-03,2.08E-03,2.08E-03,2.08E-03,2.08E-03,2.08E-03,2.08E-03,2.08E-03,2.07E-03,2.07E-03,2.07E-03,2.07E-03,2.07E-03,2.07E-03,2.07E-03,2.09E-03,2.10E-03,2.11E-03,2.12E-03,2.12E-03,2.13E-03,2.12E-03,2.12E-03,2.11E-03,2.11E-03,2.10E-03,2.09E-03,2.08E-03,2.07E-03,2.07E-03,2.07E-03,2.07E-03,2.07E-03,2.07E-03,2.06E-03,2.06E-03,2.06E-03,2.05E-03,2.05E-03,2.05E-03,2.05E-03,2.05E-03,2.06E-03,2.06E-03,2.06E-03,2.06E-03,2.06E-03,2.06E-03,2.05E-03,2.05E-03,2.04E-03,2.04E-03,2.04E-03,2.04E-03,2.04E-03,2.04E-03,2.04E-03,2.03E-03,2.03E-03,2.03E-03,2.03E-03,2.03E-03,2.04E-03,2.03E-03,2.03E-03,2.03E-03,2.02E-03,2.02E-03,2.01E-03,2.01E-03,2.01E-03,2.00E-03,2.00E-03,2.01E-03,2.00E-03,2.00E-03,2.00E-03,2.00E-03,2.00E-03,2.01E-03,2.01E-03,2.01E-03,2.00E-03,2.00E-03,2.00E-03,2.00E-03,2.00E-03,2.00E-03,2.00E-03,2.00E-03,2.00E-03,2.00E-03,1.99E-03,1.99E-03,1.99E-03,1.99E-03,1.99E-03,1.98E-03,1.98E-03,1.98E-03,1.97E-03,1.97E-03,1.97E-03,1.97E-03,1.97E-03,1.96E-03,1.96E-03,1.96E-03,1.95E-03,1.95E-03,1.95E-03,1.94E-03,1.94E-03,1.94E-03,1.94E-03,1.94E-03,1.93E-03,1.92E-03,1.92E-03,1.92E-03,1.91E-03,1.91E-03,1.90E-03,1.90E-03,1.89E-03,1.89E-03,1.89E-03,1.89E-03,1.88E-03,1.88E-03,1.88E-03,1.88E-03,1.87E-03,1.87E-03,1.87E-03,1.87E-03,1.88E-03,1.89E-03,1.90E-03,1.91E-03,1.90E-03,1.90E-03,1.90E-03,1.89E-03,1.88E-03,1.86E-03,1.85E-03,1.84E-03,1.83E-03,1.82E-03,1.81E-03,1.81E-03,1.81E-03,1.80E-03
44,LFP1,38,0,33.63831806,1.80E-03,1.80E-03,1.79E-03,1.79E-03,1.78E-03,1.78E-03,1.77E-03,1.77E-03,1.76E-03,1.76E-03,1.75E-03,1.75E-03,1.75E-03,1.75E-03,1.74E-03,1.74E-03,1.73E-03,1.73E-03,1.72E-03,1.71E-03,1.71E-03,1.70E-03,1.70E-03,1.69E-03,1.69E-03,1.69E-03,1.68E-03,1.68E-03,1.68E-03,1.68E-03,1.67E-03,1.67E-03,1.66E-03,1.65E-03,1.64E-03,1.64E-03,1.63E-03,1.63E-03,1.63E-03,1.63E-03,1.63E-03,1.63E-03,1.63E-03,1.63E-03,1.63E-03,1.63E-03,1.63E-03,1.62E-03,1.62E-03,1.62E-03,1.62E-03,1.61E-03,1.61E-03,1.60E-03,1.60E-03,1.59E-03,1.59E-03,1.59E-03,1.58E-03,1.58E-03,1.58E-03,1.57E-03,1.57E-03,1.57E-03,1.56E-03,1.56E-03,1.56E-03,1.56E-03,1.56E-03,1.55E-03,1.55E-03,1.55E-03,1.55E-03,1.55E-03,1.55E-03,1.55E-03,1.55E-03,1.54E-03,1.54E-03,1.54E-03,1.54E-03,1.54E-03,1.53E-03,1.53E-03,1.53E-03,1.53E-03,1.53E-03,1.52E-03,1.52E-03,1.52E-03,1.51E-03,1.51E-03,1.51E-03,1.51E-03,1.51E-03,1.51E-03,1.51E-03,1.51E-03,1.51E-03,1.51E-03,1.51E-03,1.51E-03,1.51E-03,1.51E-03,1.50E-03,1.50E-03,1.49E-03,1.49E-03,1.49E-03,1.51E-03,1.53E-03,1.54E-03,1.55E-03,1.56E-03,1.56E-03,1.56E-03,1.55E-03,1.55E-03,1.54E-03,1.53E-03,1.52E-03,1.51E-03,1.50E-03,1.49E-03,1.49E-03,1.51E-03,1.54E-03,1.58E-03,1.60E-03,1.62E-03,1.62E-03,1.62E-03,1.62E-03,1.61E-03,1.60E-03,1.58E-03,1.55E-03,1.53E-03,1.51E-03,1.49E-03,1.48E-03,1.48E-03,1.47E-03,1.47E-03,1.47E-03,1.47E-03,1.47E-03,1.47E-03,1.47E-03,1.47E-03,1.47E-03,1.47E-03,1.47E-03,1.47E-03,1.46E-03,1.46E-03,1.46E-03,1.46E-03,1.46E-03,1.46E-03,1.46E-03,1.46E-03,1.45E-03,1.45E-03,1.45E-03,1.44E-03,1.44E-03,1.44E-03,1.43E-03,1.43E-03,1.43E-03,1.42E-03,1.42E-03,1.42E-03,1.41E-03,1.41E-03,1.41E-03,1.40E-03,1.40E-03,1.40E-03,1.40E-03,1.40E-03,1.40E-03,1.40E-03,1.40E-03,1.40E-03,1.40E-03,1.40E-03,1.40E-03,1.40E-03,1.40E-03,1.40E-03,1.40E-03,1.40E-03,1.40E-03,1.40E-03,1.41E-03,1.41E-03,1.41E-03,1.41E-03,1.41E-03,1.40E-03,1.40E-03,1.40E-03,1.40E-03,1.40E-03,1.40E-03,1.40E-03,1.40E-03,1.39E-03,1.39E-03,1.39E-03,1.39E-03,1.39E-03,1.39E-03,1.39E-03,1.39E-03,1.39E-03,1.39E-03,1.39E-03,1.39E-03,1.39E-03,1.39E-03,1.38E-03,1.38E-03,1.38E-03,1.38E-03,1.38E-03,1.38E-03,1.37E-03,1.37E-03,1.37E-03,1.37E-03,1.37E-03,1.37E-03,1.38E-03,1.38E-03,1.38E-03,1.39E-03,1.39E-03,1.39E-03,1.39E-03,1.39E-03,1.38E-03,1.38E-03,1.38E-03,1.38E-03,1.39E-03,1.40E-03,1.42E-03,1.43E-03,1.44E-03,1.45E-03,1.45E-03,1.45E-03,1.45E-03
45,LFP1,38,0,33.72220421,1.45E-03,1.45E-03,1.45E-03,1.45E-03,1.44E-03,1.43E-03,1.42E-03,1.41E-03,1.40E-03,1.40E-03,1.40E-03,1.40E-03,1.40E-03,1.40E-03,1.40E-03,1.40E-03,1.40E-03,1.40E-03,1.40E-03,1.40E-03,1.40E-03,1.39E-03,1.39E-03,1.39E-03,1.39E-03,1.39E-03,1.40E-03,1.40E-03,1.41E-03,1.41E-03,1.41E-03,1.41E-03,1.41E-03,1.41E-03,1.40E-03,1.40E-03,1.40E-03,1.39E-03,1.39E-03,1.39E-03,1.39E-03,1.39E-03,1.39E-03,1.39E-03,1.39E-03,1.39E-03,1.38E-03,1.38E-03,1.38E-03,1.38E-03,1.38E-03,1.38E-03,1.37E-03,1.37E-03,1.37E-03,1.37E-03,1.37E-03,1.37E-03,1.36E-03,1.36E-03,1.36E-03,1.36E-03,1.36E-03,1.35E-03,1.35E-03,1.34E-03,1.34E-03,1.34E-03,1.34E-03,1.34E-03,1.34E-03,1.34E-03,1.33E-03,1.33E-03,1.33E-03,1.33E-03,1.32E-03,1.32E-03,1.32E-03,1.31E-03,1.31E-03,1.31E-03,1.30E-03,1.30E-03,1.30E-03,1.29E-03,1.29E-03,1.29E-03,1.28E-03,1.28E-03,1.28E-03,1.27E-03,1.27E-03,1.26E-03,1.26E-03,1.25E-03,1.25E-03,1.24E-03,1.24E-03,1.24E-03,1.23E-03,1.23E-03,1.22E-03,1.22E-03,1.21E-03,1.21E-03,1.21E-03,1.21E-03,1.20E-03,1.20E-03,1.19E-03,1.19E-03,1.18E-03,1.17E-03,1.17E-03,1.16E-03,1.16E-03,1.16E-03,1.17E-03,1.18E-03,1.19E-03,1.19E-03,1.19E-03,1.19E-03,1.18E-03,1.18E-03,1.17E-03,1.16E-03,1.14E-03,1.13E-03,1.12E-03,1.10E-03,1.10E-03,1.09E-03,1.08E-03,1.08E-03,1.07E-03,1.07E-03,1.06E-03,1.06E-03,1.06E-03,1.06E-03,1.06E-03,1.06E-03,1.05E-03,1.05E-03,1.05E-03,1.04E-03,1.04E-03,1.03E-03,1.03E-03,1.03E-03,1.02E-03,1.01E-03,1.01E-03,1.01E-03,1.00E-03,1.00E-03,9.97E-04,9.94E-04,9.90E-04,9.87E-04,9.85E-04,9.81E-04,9.77E-04,9.73E-04,9.68E-04,9.64E-04,9.58E-04,9.54E-04,9.50E-04,9.45E-04,9.39E-04,9.32E-04,9.26E-04,9.19E-04,9.16E-04,9.15E-04,9.15E-04,9.13E-04,9.11E-04,9.08E-04,9.06E-04,9.03E-04,8.99E-04,8.95E-04,8.91E-04,8.87E-04,8.82E-04,8.78E-04,8.76E-04,8.73E-04,8.69E-04,8.63E-04,8.58E-04,8.58E-04,8.59E-04,8.62E-04,8.69E-04,8.80E-04,8.93E-04,9.02E-04,9.07E-04,9.07E-04,9.10E-04,9.12E-04,9.09E-04,9.04E-04,8.98E-04,8.94E-04,8.92E-04,8.89E-04,8.85E-04,8.83E-04,8.80E-04,8.78E-04,8.76E-04,8.74E-04,8.71E-04,8.69E-04,8.66E-04,8.63E-04,8.61E-04,8.61E-04,8.62E-04,8.62E-04,8.58E-04,8.52E-04,8.46E-04,8.42E-04,8.37E-04,8.31E-04,8.26E-04,8.23E-04,8.21E-04,8.19E-04,8.17E-04,8.17E-04,8.26E-04,8.35E-04,8.45E-04,8.55E-04,8.62E-04,8.65E-04,8.67E-04,8.65E-04,8.60E-04,8.55E-04,8.47E-04,8.37E-04,8.29E-04,8.22E-04,8.16E-04,8.10E-04,8.06E-04,8.03E-04
46,LFP1,38,0,33.80609035,7.98E-04,7.93E-04,7.90E-04,7.88E-04,7.88E-04,7.86E-04,7.85E-04,7.83E-04,7.82E-04,7.79E-04,7.75E-04,7.69E-04,7.62E-04,7.58E-04,7.54E-04,7.54E-04,7.55E-04,7.54E-04,7.54E-04,7.53E-04,7.53E-04,7.54E-04,7.55E-04,7.55E-04,7.55E-04,7.54E-04,7.52E-04,7.51E-04,7.51E-04,7.50E-04,7.49E-04,7.49E-04,7.49E-04,7.48E-04,7.46E-04,7.43E-04,7.41E-04,7.39E-04,7.37E-04,7.37E-04,7.37E-04,7.36E-04,7.36E-04,7.36E-04,7.35E-04,7.35E-04,7.35E-04,7.34E-04,7.32E-04,7.31E-04,7.30E-04,7.30E-04,7.29E-04,7.27E-04,7.26E-04,7.27E-04,7.29E-04,7.31E-04,7.31E-04,7.31E-04,7.29E-04,7.28E-04,7.26E-04,7.25E-04,7.26E-04,7.26E-04,7.26E-04,7.25E-04,7.22E-04,7.19E-04,7.17E-04,7.18E-04,7.21E-04,7.23E-04,7.23E-04,7.22E-04,7.21E-04,7.22E-04,7.23E-04,7.24E-04,7.23E-04,7.20E-04,7.18E-04,7.18E-04,7.18E-04,7.18E-04,7.19E-04,7.21E-04,7.21E-04,7.19E-04,7.17E-04,7.16E-04,7.21E-04,7.34E-04,7.47E-04,7.57E-04,7.63E-04,7.67E-04,7.68E-04,7.67E-04,7.64E-04,7.57E-04,7.46E-04,7.34E-04,7.21E-04,7.13E-04,7.08E-04,7.05E-04,7.03E-04,7.03E-04,7.05E-04,7.06E-04,7.08E-04,7.06E-04,7.02E-04,7.00E-04,7.01E-04,7.02E-04,7.03E-04,7.05E-04,7.09E-04,7.15E-04,7.17E-04,7.15E-04,7.10E-04,7.06E-04,7.06E-04,7.07E-04,7.07E-04,7.06E-04,7.03E-04,6.96E-04,6.88E-04,6.82E-04,6.79E-04,6.76E-04,6.74E-04,6.75E-04,6.77E-04,6.76E-04,6.74E-04,6.71E-04,6.69E-04,6.69E-04,6.70E-04,6.68E-04,6.66E-04,6.64E-04,6.63E-04,6.62E-04,6.62E-04,6.61E-04,6.59E-04,6.57E-04,6.55E-04,6.51E-04,6.49E-04,6.49E-04,6.50E-04,6.50E-04,6.48E-04,6.46E-04,6.44E-04,6.40E-04,6.37E-04,6.37E-04,6.36E-04,6.32E-04,6.29E-04,6.29E-04,6.33E-04,6.37E-04,6.38E-04,6.39E-04,6.41E-04,6.43E-04,6.46E-04,6.47E-04,6.47E-04,6.47E-04,6.44E-04,6.42E-04,6.41E-04,6.39E-04,6.35E-04,6.28E-04,6.23E-04,6.19E-04,6.16E-04,6.14E-04,6.10E-04,6.07E-04,6.03E-04,6.00E-04,5.99E-04,5.98E-04,5.95E-04,5.93E-04,5.95E-04,6.04E-04,6.16E-04,6.25E-04,6.29E-04,6.30E-04,6.31E-04,6.30E-04,6.25E-04,6.15E-04,6.03E-04,5.93E-04,5.85E-04,5.78E-04,5.76E-04,5.73E-04,5.72E-04,5.72E-04,5.70E-04,5.68E-04,5.67E-04,5.68E-04,5.70E-04,5.72E-04,5.72E-04,5.72E-04,5.69E-04,5.65E-04,5.63E-04,5.62E-04,5.62E-04,5.61E-04,5.58E-04,5.58E-04,5.57E-04,5.54E-04,5.52E-04,5.49E-04,5.47E-04,5.46E-04,5.46E-04,5.46E-04,5.45E-04,5.41E-04,5.38E-04,5.35E-04,5.33E-04,5.34E-04,5.35E-04,5.35E-04,5.33E-04,5.33E-04,5.31E-04,5.31E-04,5.30E-04,5.28E-04,5.23E-04,5.19E-04
47,LFP1,38,0,33.88997626,5.16E-04,5.13E-04,5.12E-04,5.12E-04,5.13E-04,5.15E-04,5.16E-04,5.17E-04,5.16E-04,5.16E-04,5.15E-04,5.14E-04,5.13E-04,5.12E-04,5.12E-04,5.15E-04,5.16E-04,5.17E-04,5.18E-04,5.18E-04,5.19E-04,5.19E-04,5.18E-04,5.18E-04,5.17E-04,5.18E-04,5.16E-04,5.12E-04,5.08E-04,5.04E-04,5.01E-04,4.99E-04,4.99E-04,4.98E-04,4.98E-04,4.98E-04,4.97E-04,4.96E-04,4.98E-04,5.02E-04,5.02E-04,5.01E-04,4.98E-04,4.92E-04,4.86E-04,4.80E-04,4.75E-04,4.72E-04,4.68E-04,4.66E-04,4.64E-04,4.62E-04,4.59E-04,4.57E-04,4.56E-04,4.56E-04,4.54E-04,4.51E-04,4.49E-04,4.47E-04,4.45E-04,4.44E-04,4.46E-04,4.54E-04,4.64E-04,4.73E-04,4.78E-04,4.81E-04,4.83E-04,4.82E-04,4.81E-04,4.79E-04,4.74E-04,4.64E-04,4.52E-04,4.41E-04,4.33E-04,4.27E-04,4.21E-04,4.15E-04,4.11E-04,4.06E-04,4.04E-04,4.03E-04,4.04E-04,4.03E-04,4.04E-04,4.02E-04,4.01E-04,4.01E-04,3.99E-04,3.97E-04,3.95E-04,3.94E-04,3.96E-04,3.98E-04,3.99E-04,4.01E-04,4.01E-04,4.00E-04,3.96E-04,3.92E-04,3.88E-04,3.86E-04,3.86E-04,3.88E-04,3.90E-04,3.92E-04,3.90E-04,3.84E-04,3.80E-04,3.77E-04,3.77E-04,3.80E-04,3.98E-04,4.30E-04,4.64E-04,4.89E-04,5.02E-04,5.08E-04,5.08E-04,5.04E-04,4.98E-04,4.91E-04,4.78E-04,4.55E-04,4.30E-04,4.09E-04,3.91E-04,3.80E-04,3.73E-04,3.70E-04,3.68E-04,3.66E-04,3.64E-04,3.66E-04,3.69E-04,3.74E-04,3.77E-04,3.78E-04,3.75E-04,3.71E-04,3.69E-04,3.67E-04,3.65E-04,3.62E-04,3.61E-04,3.60E-04,3.60E-04,3.60E-04,3.58E-04,3.55E-04,3.50E-04,3.44E-04,3.39E-04,3.37E-04,3.37E-04,3.37E-04,3.36E-04,3.33E-04,3.28E-04,3.25E-04,3.24E-04,3.23E-04,3.22E-04,3.21E-04,3.18E-04,3.13E-04,3.09E-04,3.05E-04,3.01E-04,2.99E-04,2.97E-04,2.96E-04,2.95E-04,2.95E-04,2.97E-04,2.99E-04,2.99E-04,2.99E-04,3.00E-04,3.01E-04,3.00E-04,3.00E-04,3.06E-04,3.17E-04,3.31E-04,3.43E-04,3.53E-04,3.60E-04,3.63E-04,3.64E-04,3.64E-04,3.65E-04,3.64E-04,3.62E-04,3.54E-04,3.45E-04,3.37E-04,3.32E-04,3.29E-04,3.28E-04,3.28E-04,3.27E-04,3.24E-04,3.23E-04,3.22E-04,3.20E-04,3.20E-04,3.21E-04,3.22E-04,3.22E-04,3.23E-04,3.23E-04,3.22E-04,3.19E-04,3.19E-04,3.22E-04,3.24E-04,3.26E-04,3.26E-04,3.27E-04,3.27E-04,3.27E-04,3.28E-04,3.29E-04,3.29E-04,3.27E-04,3.25E-04,3.24E-04,3.23E-04,3.22E-04,3.21E-04,3.22E-04,3.21E-04,3.18E-04,3.16E-04,3.14E-04,3.13E-04,3.14E-04,3.16E-04,3.20E-04,3.22E-04,3.21E-04,3.18E-04,3.14E-04,3.12E-04,3.12E-04,3.13E-04,3.13E-04,3.14E-04,3.14E-04,3.11E-04,3.09E-04,3.07E-04,3.03E-04
48,LFP1,38,0,33.97386241,3.01E-04,3.01E-04,2.99E-04,2.97E-04,2.94E-04,2.93E-04,2.93E-04,2.93E-04,2.91E-04,2.89E-04,2.87E-04,2.86E-04,2.84E-04,2.84E-04,2.85E-04,2.86E-04,2.85E-04,2.83E-04,2.82E-04,2.83E-04,2.83E-04,2.86E-04,2.89E-04,2.90E-04,2.92E-04,2.94E-04,2.95E-04,2.94E-04,2.94E-04,2.94E-04,2.95E-04,2.97E-04,2.96E-04,2.97E-04,2.99E-04,3.01E-04,3.03E-04,3.06E-04,3.09E-04,3.12E-04,3.16E-04,3.18E-04,3.18E-04,3.17E-04,3.15E-04,3.14E-04,3.16E-04,3.17E-04,3.16E-04,3.14E-04,3.12E-04,3.15E-04,3.24E-04,3.34E-04,3.43E-04,3.53E-04,3.61E-04,3.67E-04,3.70E-04,3.68E-04,3.66E-04,3.62E-04,3.54E-04,3.45E-04,3.34E-04,3.26E-04,3.21E-04,3.17E-04,3.13E-04,3.10E-04,3.11E-04,3.13E-04,3.17E-04,3.20E-04,3.21E-04,3.21E-04,3.22E-04,3.22E-04,3.22E-04,3.23E-04,3.21E-04,3.17E-04,3.14E-04,3.15E-04,3.16E-04,3.20E-04,3.24E-04,3.27E-04,3.26E-04,3.26E-04,3.27E-04,3.28E-04,3.28E-04,3.27E-04,3.25E-04,3.24E-04,3.23E-04,3.21E-04,3.21E-04,3.22E-04,3.22E-04,3.19E-04,3.16E-04,3.13E-04,3.12E-04,3.12E-04,3.12E-04,3.12E-04,3.12E-04,3.13E-04,3.14E-04,3.15E-04,3.17E-04,3.17E-04,3.16E-04,3.11E-04,3.09E-04,3.08E-04,3.09E-04,3.08E-04,3.09E-04,3.10E-04,3.12E-04,3.16E-04,3.19E-04,3.19E-04,3.17E-04,3.15E-04,3.14E-04,3.14E-04,3.14E-04,3.15E-04,3.17E-04,3.15E-04,3.09E-04,3.01E-04,2.95E-04,2.93E-04,2.93E-04,2.94E-04,2.94E-04,2.94E-04,2.92E-04,2.90E-04,2.88E-04,2.87E-04,2.85E-04,2.83E-04,2.81E-04,2.80E-04,2.82E-04,2.81E-04,2.80E-04,2.78E-04,2.77E-04,2.77E-04,2.78E-04,2.78E-04,2.80E-04,2.80E-04,2.83E-04,2.86E-04,2.86E-04,2.83E-04,2.81E-04,2.80E-04,2.79E-04,2.78E-04,2.78E-04,2.79E-04,2.88E-04,3.01E-04,3.16E-04,3.28E-04,3.33E-04,3.36E-04,3.39E-04,3.40E-04,3.39E-04,3.36E-04,3.32E-04,3.25E-04,3.15E-04,3.07E-04,3.00E-04,2.98E-04,2.97E-04,2.97E-04,3.00E-04,2.99E-04,2.97E-04,2.96E-04,2.95E-04,2.95E-04,2.95E-04,2.95E-04,2.94E-04,2.94E-04,2.95E-04,2.94E-04,2.93E-04,2.90E-04,2.85E-04,2.82E-04,2.80E-04,2.81E-04,2.82E-04,2.85E-04,2.85E-04,2.82E-04,2.80E-04,2.75E-04,2.72E-04,2.69E-04,2.65E-04,2.62E-04,2.61E-04,2.62E-04,2.64E-04,2.63E-04,2.61E-04,2.59E-04,2.59E-04,2.58E-04,2.57E-04,2.55E-04,2.52E-04,2.53E-04,2.54E-04,2.52E-04,2.49E-04,2.46E-04,2.43E-04,2.41E-04,2.42E-04,2.43E-04,2.44E-04,2.45E-04,2.48E-04,2.50E-04,2.52E-04,2.53E-04,2.54E-04,2.55E-04,2.53E-04,2.51E-04,2.53E-04,2.55E-04,2.56E-04,2.56E-04,2.54E-04,2.51E-04,2.49E-04,2.47E-04,2.45E-04,2.43E-04
49,LFP1,38,0,34.05774856,2.42E-04,2.43E-04,2.44E-04,2.45E-04,2.46E-04,2.45E-04,2.43E-04,2.39E-04,2.36E-04,2.35E-04,2.37E-04,2.39E-04,2.39E-04,2.40E-04,2.40E-04,2.39E-04,2.35E-04,2.33E-04,2.32E-04,2.32E-04,2.32E-04,2.34E-04,2.38E-04,2.42E-04,2.43E-04,2.46E-04,2.53E-04,2.63E-04,2.73E-04,2.81E-04,2.85E-04,2.87E-04,2.90E-04,2.93E-04,2.90E-04,2.83E-04,2.75E-04,2.69E-04,2.63E-04,2.57E-04,2.54E-04,2.54E-04,2.56E-04,2.57E-04,2.59E-04,2.63E-04,2.66E-04,2.68E-04,2.70E-04,2.70E-04,2.70E-04,2.70E-04,2.71E-04,2.70E-04,2.71E-04,2.72E-04,2.72E-04,2.75E-04,2.78E-04,2.81E-04,2.82E-04,2.81E-04,2.81E-04,2.80E-04,2.79E-04,2.78E-04,2.77E-04,2.76E-04,2.77E-04,2.81E-04,2.84E-04,2.87E-04,2.89E-04,2.90E-04,2.90E-04,2.89E-04,2.86E-04,2.84E-04,2.82E-04,2.80E-04,2.82E-04,2.85E-04,2.87E-04,2.88E-04,2.87E-04,2.87E-04,2.87E-04,2.88E-04,2.90E-04,2.91E-04,2.93E-04,2.96E-04,2.99E-04,3.02E-04,3.03E-04,3.02E-04,3.01E-04,3.02E-04,3.02E-04,3.02E-04,3.05E-04,3.09E-04,3.13E-04,3.15E-04,3.16E-04,3.17E-04,3.17E-04,3.16E-04,3.14E-04,3.14E-04,3.14E-04,3.12E-04,3.10E-04,3.10E-04,3.08E-04,3.04E-04,3.03E-04,3.02E-04,3.02E-04,3.04E-04,3.05E-04,3.06E-04,3.07E-04,3.09E-04,3.11E-04,3.14E-04,3.14E-04,3.11E-04,3.08E-04,3.07E-04,3.07E-04,3.08E-04,3.11E-04,3.11E-04,3.11E-04,3.11E-04,3.10E-04,3.13E-04,3.16E-04,3.19E-04,3.24E-04,3.33E-04,3.43E-04,3.53E-04,3.59E-04,3.61E-04,3.60E-04,3.58E-04,3.56E-04,3.55E-04,3.52E-04,3.49E-04,3.44E-04,3.36E-04,3.27E-04,3.23E-04,3.21E-04,3.20E-04,3.20E-04,3.17E-04,3.15E-04,3.14E-04,3.13E-04,3.12E-04,3.10E-04,3.09E-04,3.07E-04,3.09E-04,3.10E-04,3.11E-04,3.11E-04,3.12E-04,3.13E-04,3.12E-04,3.13E-04,3.15E-04,3.14E-04,3.13E-04,3.09E-04,3.05E-04,3.00E-04,3.00E-04,2.99E-04,2.98E-04,2.96E-04,2.95E-04,2.96E-04,2.96E-04,2.95E-04,2.94E-04,2.93E-04,2.93E-04,2.91E-04,2.89E-04,2.89E-04,2.88E-04,2.88E-04,2.88E-04,2.86E-04,2.85E-04,2.85E-04,2.85E-04,2.84E-04,2.85E-04,2.87E-04,2.86E-04,2.86E-04,2.87E-04,2.85E-04,2.81E-04,2.79E-04,2.76E-04,2.74E-04,2.75E-04,2.76E-04,2.76E-04,2.79E-04,2.80E-04,2.80E-04,2.80E-04,2.80E-04,2.80E-04,2.80E-04,2.81E-04,2.81E-04,2.80E-04,2.80E-04,2.79E-04,2.78E-04,2.78E-04,2.78E-04,2.77E-04,2.76E-04,2.77E-04,2.78E-04,2.77E-04,2.77E-04,2.77E-04,2.77E-04,2.78E-04,2.80E-04,2.82E-04,2.81E-04,2.80E-04,2.81E-04,2.81E-04,2.82E-04,2.86E-04,2.89E-04,2.91E-04,2.96E-04,3.05E-04,3.15E-04,3.24E-04,3.31E-04,3.35E-04
50,LFP1,38,0,34.14163446,3.38E-04,3.41E-04,3.45E-04,3.47E-04,3.42E-04,3.33E-04,3.26E-04,3.18E-04,3.12E-04,3.10E-04,3.08E-04,3.08E-04,3.10E-04,3.12E-04,3.13E-04,3.13E-04,3.14E-04,3.13E-04,3.14E-04,3.16E-04,3.18E-04,3.19E-04,3.19E-04,3.18E-04,3.16E-04,3.14E-04,3.12E-04,3.10E-04,3.09E-04,3.09E-04,3.11E-04,3.14E-04,3.14E-04,3.14E-04,3.14E-04,3.14E-04,3.14E-04,3.14E-04,3.17E-04,3.19E-04,3.23E-04,3.28E-04,3.30E-04,3.29E-04,3.27E-04,3.25E-04,3.26E-04,3.30E-04,3.34E-04,3.40E-04,3.44E-04,3.47E-04,3.47E-04,3.48E-04,3.48E-04,3.51E-04,3.55E-04,3.60E-04,3.65E-04,3.68E-04,3.70E-04,3.72E-04,3.73E-04,3.75E-04,3.77E-04,3.80E-04,3.82E-04,3.84E-04,3.86E-04,3.90E-04,3.93E-04,3.93E-04,3.94E-04,3.94E-04,3.95E-04,3.95E-04,3.94E-04,3.93E-04,3.93E-04,3.93E-04,3.94E-04,3.97E-04,4.00E-04,4.02E-04,4.02E-04,4.02E-04,4.02E-04,4.03E-04,4.02E-04,4.01E-04,4.02E-04,4.04E-04,4.05E-04,4.06E-04,4.09E-04,4.09E-04,4.06E-04,4.04E-04,4.02E-04,4.02E-04,4.01E-04,3.99E-04,3.94E-04,3.89E-04,3.86E-04,3.87E-04,3.91E-04,3.95E-04,3.96E-04,3.94E-04,3.91E-04,3.91E-04,4.00E-04,4.13E-04,4.24E-04,4.30E-04,4.34E-04,4.37E-04,4.40E-04,4.38E-04,4.36E-04,4.36E-04,4.37E-04,4.32E-04,4.21E-04,4.11E-04,4.02E-04,3.96E-04,3.95E-04,3.92E-04,3.89E-04,3.86E-04,3.83E-04,3.79E-04,3.75E-04,3.73E-04,3.72E-04,3.72E-04,3.73E-04,3.74E-04,3.75E-04,3.78E-04,3.79E-04,3.76E-04,3.74E-04,3.70E-04,3.68E-04,3.67E-04,3.65E-04,3.63E-04,3.60E-04,3.58E-04,3.55E-04,3.53E-04,3.52E-04,3.50E-04,3.49E-04,3.48E-04,3.45E-04,3.41E-04,3.39E-04,3.36E-04,3.31E-04,3.28E-04,3.24E-04,3.21E-04,3.18E-04,3.17E-04,3.16E-04,3.16E-04,3.16E-04,3.17E-04,3.17E-04,3.17E-04,3.15E-04,3.12E-04,3.10E-04,3.09E-04,3.07E-04,3.05E-04,3.06E-04,3.06E-04,3.03E-04,2.99E-04,2.96E-04,2.94E-04,2.94E-04,2.90E-04,2.86E-04,2.83E-04,2.80E-04,2.76E-04,2.74E-04,2.72E-04,2.71E-04,2.70E-04,2.68E-04,2.64E-04,2.59E-04,2.56E-04,2.56E-04,2.58E-04,2.60E-04,2.76E-04,3.05E-04,3.33E-04,3.57E-04,3.73E-04,3.83E-04,3.90E-04,3.91E-04,3.85E-04,3.75E-04,3.64E-04,3.51E-04,3.32E-04,3.08E-04,2.83E-04,2.63E-04,2.47E-04,2.38E-04,2.33E-04,2.30E-04,2.29E-04,2.35E-04,2.48E-04,2.61E-04,2.69E-04,2.74E-04,2.77E-04,2.77E-04,2.75E-04,2.72E-04,2.69E-04,2.67E-04,2.61E-04,2.53E-04,2.43E-04,2.35E-04,2.28E-04,2.23E-04,2.18E-04,2.15E-04,2.15E-04,2.14E-04,2.14E-04,2.11E-04,2.05E-04,1.98E-04,1.91E-04,1.84E-04,1.79E-04,1.77E-04,1.76E-04,1.75E-04,1.73E-04
51,LFP1,38,0,34.22552061,1.70E-04,1.69E-04,1.68E-04,1.67E-04,1.68E-04,1.68E-04,1.66E-04,1.64E-04,1.64E-04,1.63E-04,1.63E-04,1.62E-04,1.63E-04,1.63E-04,1.61E-04,1.59E-04,1.60E-04,1.64E-04,1.68E-04,1.69E-04,1.68E-04,1.66E-04,1.65E-04,1.65E-04,1.65E-04,1.66E-04,1.67E-04,1.70E-04,1.76E-04,1.80E-04,1.83E-04,1.84E-04,1.82E-04,1.81E-04,1.80E-04,1.81E-04,1.82E-04,1.83E-04,1.82E-04,1.82E-04,1.82E-04,1.80E-04,1.77E-04,1.74E-04,1.70E-04,1.64E-04,1.59E-04,1.57E-04,1.56E-04,1.56E-04,1.57E-04,1.57E-04,1.54E-04,1.53E-04,1.53E-04,1.51E-04,1.48E-04,1.45E-04,1.41E-04,1.39E-04,1.39E-04,1.39E-04,1.39E-04,1.41E-04,1.42E-04,1.42E-04,1.42E-04,1.40E-04,1.37E-04,1.35E-04,1.32E-04,1.29E-04,1.28E-04,1.28E-04,1.27E-04,1.24E-04,1.23E-04,1.24E-04,1.25E-04,1.26E-04,1.26E-04,1.25E-04,1.25E-04,1.27E-04,1.31E-04,1.35E-04,1.37E-04,1.38E-04,1.42E-04,1.52E-04,1.63E-04,1.73E-04,1.80E-04,1.84E-04,1.86E-04,1.86E-04,1.83E-04,1.81E-04,1.80E-04,1.79E-04,1.75E-04,1.68E-04,1.65E-04,1.70E-04,1.75E-04,1.79E-04,1.78E-04,1.72E-04,1.66E-04,1.62E-04,1.61E-04,1.60E-04,1.60E-04,1.61E-04,1.62E-04,1.65E-04,1.75E-04,1.87E-04,1.94E-04,1.97E-04,1.96E-04,1.89E-04,1.82E-04,1.75E-04,1.71E-04,1.67E-04,1.65E-04,1.64E-04,1.63E-04,1.64E-04,1.67E-04,1.68E-04,1.71E-04,1.72E-04,1.74E-04,1.75E-04,1.73E-04,1.72E-04,1.70E-04,1.72E-04,1.81E-04,1.94E-04,2.06E-04,2.16E-04,2.21E-04,2.21E-04,2.17E-04,2.14E-04,2.09E-04,2.03E-04,1.98E-04,1.93E-04,1.89E-04,1.87E-04,1.85E-04,1.85E-04,1.85E-04,1.88E-04,1.90E-04,1.92E-04,1.93E-04,1.96E-04,1.99E-04,2.02E-04,2.06E-04,2.15E-04,2.25E-04,2.37E-04,2.46E-04,2.50E-04,2.50E-04,2.46E-04,2.42E-04,2.39E-04,2.36E-04,2.34E-04,2.33E-04,2.33E-04,2.33E-04,2.34E-04,2.38E-04,2.44E-04,2.47E-04,2.49E-04,2.51E-04,2.52E-04,2.54E-04,2.55E-04,2.54E-04,2.55E-04,2.57E-04,2.60E-04,2.65E-04,2.73E-04,2.82E-04,2.88E-04,2.90E-04,2.86E-04,2.81E-04,2.74E-04,2.66E-04,2.60E-04,2.57E-04,2.56E-04,2.56E-04,2.55E-04,2.54E-04,2.64E-04,2.87E-04,3.13E-04,3.37E-04,3.54E-04,3.64E-04,3.69E-04,3.70E-04,3.71E-04,3.70E-04,3.71E-04,3.72E-04,3.66E-04,3.52E-04,3.40E-04,3.29E-04,3.20E-04,3.12E-04,3.05E-04,3.03E-04,3.02E-04,3.03E-04,3.05E-04,3.08E-04,3.11E-04,3.14E-04,3.17E-04,3.19E-04,3.17E-04,3.15E-04,3.14E-04,3.14E-04,3.16E-04,3.16E-04,3.14E-04,3.13E-04,3.13E-04,3.13E-04,3.12E-04,3.11E-04,3.09E-04,3.06E-04,3.04E-04,3.01E-04,2.99E-04,2.99E-04,2.99E-04,3.00E-04,3.01E-04
52,LFP1,38,0,34.30940676,3.01E-04,3.01E-04,3.01E-04,3.02E-04,3.02E-04,3.02E-04,3.02E-04,3.04E-04,3.07E-04,3.09E-04,3.10E-04,3.09E-04,3.11E-04,3.12E-04,3.14E-04,3.16E-04,3.19E-04,3.23E-04,3.26E-04,3.27E-04,3.27E-04,3.29E-04,3.28E-04,3.26E-04,3.24E-04,3.24E-04,3.28E-04,3.33E-04,3.36E-04,3.38E-04,3.40E-04,3.43E-04,3.46E-04,3.49E-04,3.52E-04,3.54E-04,3.53E-04,3.53E-04,3.55E-04,3.58E-04,3.57E-04,3.56E-04,3.54E-04,3.50E-04,3.49E-04,3.50E-04,3.53E-04,3.55E-04,3.58E-04,3.61E-04,3.64E-04,3.64E-04,3.63E-04,3.63E-04,3.66E-04,3.68E-04,3.70E-04,3.71E-04,3.72E-04,3.73E-04,3.73E-04,3.71E-04,3.70E-04,3.72E-04,3.75E-04,3.76E-04,3.76E-04,3.75E-04,3.76E-04,3.78E-04,3.81E-04,3.84E-04,3.87E-04,3.89E-04,3.89E-04,3.91E-04,4.03E-04,4.18E-04,4.32E-04,4.44E-04,4.51E-04,4.55E-04,4.56E-04,4.54E-04,4.52E-04,4.44E-04,4.31E-04,4.18E-04,4.09E-04,4.03E-04,3.98E-04,3.96E-04,3.93E-04,3.89E-04,3.84E-04,3.79E-04,3.76E-04,3.75E-04,3.74E-04,3.73E-04,3.72E-04,3.69E-04,3.67E-04,3.67E-04,3.67E-04,3.66E-04,3.65E-04,3.65E-04,3.66E-04,3.68E-04,3.66E-04,3.64E-04,3.62E-04,3.61E-04,3.59E-04,3.59E-04,3.61E-04,3.62E-04,3.62E-04,3.60E-04,3.58E-04,3.57E-04,3.58E-04,3.60E-04,3.60E-04,3.58E-04,3.56E-04,3.53E-04,3.52E-04,3.52E-04,3.53E-04,3.55E-04,3.55E-04,3.56E-04,3.54E-04,3.52E-04,3.49E-04,3.48E-04,3.49E-04,3.51E-04,3.53E-04,3.54E-04,3.55E-04,3.53E-04,3.50E-04,3.47E-04,3.46E-04,3.48E-04,3.49E-04,3.49E-04,3.49E-04,3.47E-04,3.44E-04,3.41E-04,3.40E-04,3.41E-04,3.45E-04,3.49E-04,3.52E-04,3.53E-04,3.51E-04,3.50E-04,3.51E-04,3.51E-04,3.50E-04,3.49E-04,3.47E-04,3.49E-04,3.50E-04,3.52E-04,3.55E-04,3.58E-04,3.59E-04,3.63E-04,3.69E-04,3.74E-04,3.77E-04,3.76E-04,3.72E-04,3.68E-04,3.66E-04,3.65E-04,3.65E-04,3.68E-04,3.83E-04,4.03E-04,4.20E-04,4.32E-04,4.41E-04,4.48E-04,4.51E-04,4.49E-04,4.44E-04,4.38E-04,4.33E-04,4.28E-04,4.24E-04,4.23E-04,4.28E-04,4.35E-04,4.40E-04,4.45E-04,4.48E-04,4.50E-04,4.48E-04,4.49E-04,4.51E-04,4.54E-04,4.57E-04,4.60E-04,4.62E-04,4.64E-04,4.67E-04,4.68E-04,4.69E-04,4.69E-04,4.72E-04,4.72E-04,4.73E-04,4.75E-04,4.75E-04,4.77E-04,4.78E-04,4.78E-04,4.80E-04,4.83E-04,4.85E-04,4.85E-04,4.87E-04,4.88E-04,4.88E-04,4.86E-04,4.85E-04,4.85E-04,4.87E-04,4.87E-04,4.87E-04,4.85E-04,4.82E-04,4.79E-04,4.77E-04,4.77E-04,4.78E-04,4.79E-04,4.79E-04,4.79E-04,4.77E-04,4.75E-04,4.74E-04,4.75E-04,4.75E-04,4.76E-04,4.78E-04,4.78E-04,4.75E-04,4.72E-04
53,LFP1,38,0,34.3932929,4.69E-04,4.67E-04,4.65E-04,4.63E-04,4.62E-04,4.62E-04,4.63E-04,4.62E-04,4.61E-04,4.57E-04,4.53E-04,4.50E-04,4.47E-04,4.47E-04,4.47E-04,4.47E-04,4.48E-04,4.49E-04,4.48E-04,4.46E-04,4.42E-04,4.37E-04,4.34E-04,4.33E-04,4.34E-04,4.35E-04,4.35E-04,4.36E-04,4.39E-04,4.38E-04,4.35E-04,4.34E-04,4.35E-04,4.36E-04,4.37E-04,4.34E-04,4.32E-04,4.29E-04,4.24E-04,4.23E-04,4.21E-04,4.20E-04,4.28E-04,4.41E-04,4.53E-04,4.61E-04,4.67E-04,4.69E-04,4.68E-04,4.66E-04,4.59E-04,4.48E-04,4.35E-04,4.23E-04,4.14E-04,4.06E-04,4.01E-04,3.98E-04,3.98E-04,3.99E-04,4.00E-04,3.99E-04,3.95E-04,3.92E-04,3.89E-04,3.86E-04,3.83E-04,3.82E-04,3.79E-04,3.75E-04,3.73E-04,3.71E-04,3.70E-04,3.70E-04,3.70E-04,3.68E-04,3.65E-04,3.59E-04,3.54E-04,3.49E-04,3.44E-04,3.39E-04,3.35E-04,3.32E-04,3.31E-04,3.31E-04,3.29E-04,3.27E-04,3.25E-04,3.22E-04,3.19E-04,3.18E-04,3.18E-04,3.19E-04,3.18E-04,3.15E-04,3.10E-04,3.04E-04,3.00E-04,2.99E-04,2.98E-04,2.98E-04,2.95E-04,2.93E-04,2.89E-04,2.86E-04,2.85E-04,2.85E-04,2.84E-04,2.83E-04,2.81E-04,2.79E-04,2.76E-04,2.74E-04,2.73E-04,2.73E-04,2.72E-04,2.70E-04,2.71E-04,2.71E-04,2.70E-04,2.67E-04,2.65E-04,2.60E-04,2.55E-04,2.52E-04,2.49E-04,2.46E-04,2.43E-04,2.39E-04,2.35E-04,2.33E-04,2.33E-04,2.34E-04,2.34E-04,2.34E-04,2.33E-04,2.34E-04,2.36E-04,2.35E-04,2.30E-04,2.24E-04,2.18E-04,2.14E-04,2.09E-04,2.07E-04,2.05E-04,2.04E-04,2.07E-04,2.09E-04,2.07E-04,2.03E-04,2.01E-04,2.01E-04,2.02E-04,2.02E-04,2.01E-04,1.99E-04,1.97E-04,1.96E-04,1.97E-04,1.97E-04,1.96E-04,1.95E-04,1.95E-04,1.96E-04,1.95E-04,1.95E-04,1.97E-04,1.98E-04,1.98E-04,1.98E-04,1.97E-04,1.94E-04,1.92E-04,1.91E-04,1.90E-04,1.89E-04,1.89E-04,1.90E-04,1.91E-04,1.91E-04,1.90E-04,1.90E-04,1.87E-04,1.85E-04,1.84E-04,1.83E-04,1.84E-04,1.93E-04,2.12E-04,2.29E-04,2.42E-04,2.49E-04,2.50E-04,2.50E-04,2.50E-04,2.50E-04,2.50E-04,2.49E-04,2.43E-04,2.29E-04,2.14E-04,2.02E-04,1.94E-04,1.89E-04,1.84E-04,1.81E-04,1.79E-04,1.77E-04,1.77E-04,1.77E-04,1.76E-04,1.75E-04,1.75E-04,1.75E-04,1.75E-04,1.76E-04,1.76E-04,1.74E-04,1.72E-04,1.71E-04,1.72E-04,1.71E-04,1.68E-04,1.64E-04,1.59E-04,1.54E-04,1.51E-04,1.50E-04,1.49E-04,1.47E-04,1.44E-04,1.40E-04,1.36E-04,1.31E-04,1.27E-04,1.25E-04,1.25E-04,1.28E-04,1.30E-04,1.27E-04,1.23E-04,1.21E-04,1.20E-04,1.19E-04,1.18E-04,1.18E-04,1.18E-04,1.16E-04,1.14E-04,1.12E-04,1.12E-04,1.12E-04,1.11E-04,1.09E-04
54,LFP1,38,0,34.47717881,1.08E-04,1.08E-04,1.07E-04,1.05E-04,1.05E-04,1.04E-04,1.04E-04,1.04E-04,1.05E-04,1.05E-04,1.07E-04,1.06E-04,1.04E-04,1.03E-04,1.04E-04,1.05E-04,1.07E-04,1.08E-04,1.08E-04,1.08E-04,1.07E-04,1.11E-04,1.15E-04,1.19E-04,1.22E-04,1.23E-04,1.20E-04,1.17E-04,1.17E-04,1.19E-04,1.18E-04,1.16E-04,1.11E-04,1.08E-04,1.05E-04,1.02E-04,9.75E-05,9.52E-05,9.30E-05,8.96E-05,8.69E-05,8.65E-05,9.84E-05,1.36E-04,1.85E-04,2.30E-04,2.62E-04,2.78E-04,2.82E-04,2.72E-04,2.54E-04,2.35E-04,2.20E-04,2.10E-04,2.03E-04,1.97E-04,1.93E-04,1.89E-04,1.76E-04,1.58E-04,1.41E-04,1.25E-04,1.14E-04,1.08E-04,1.07E-04,1.08E-04,1.08E-04,1.08E-04,1.09E-04,1.10E-04,1.09E-04,1.07E-04,1.04E-04,1.01E-04,9.92E-05,9.61E-05,9.32E-05,9.18E-05,9.20E-05,9.07E-05,8.83E-05,8.42E-05,7.88E-05,7.20E-05,6.82E-05,6.53E-05,6.15E-05,5.81E-05,5.49E-05,5.03E-05,4.65E-05,4.13E-05,3.77E-05,3.42E-05,3.00E-05,2.61E-05,2.34E-05,2.06E-05,1.51E-05,8.61E-06,4.02E-06,2.77E-06,2.34E-06,2.75E-06,2.60E-06,1.55E-06,-8.77E-07,-2.38E-06,-3.13E-06,-3.44E-06,-1.61E-06,1.07E-06,4.00E-06,7.31E-06,9.50E-06,1.16E-05,1.29E-05,1.16E-05,8.56E-06,5.54E-06,2.76E-06,-1.01E-07,-1.73E-06,-1.60E-06,-3.20E-06,-4.27E-06,-5.96E-06,-7.44E-06,-8.40E-06,-1.09E-05,-1.42E-05,-1.81E-05,-2.13E-05,-2.52E-05,-2.86E-05,-3.10E-05,-3.30E-05,-3.57E-05,-3.77E-05,-3.25E-05,-2.15E-05,-1.18E-05,-5.15E-06,-2.66E-06,-6.16E-06,-1.87E-05,-3.43E-05,-4.93E-05,-6.12E-05,-7.05E-05,-7.70E-05,-8.32E-05,-8.74E-05,-9.11E-05,-9.16E-05,-9.11E-05,-9.02E-05,-8.95E-05,-8.93E-05,-9.01E-05,-9.10E-05,-9.15E-05,-9.11E-05,-8.96E-05,-8.66E-05,-8.36E-05,-8.17E-05,-7.99E-05,-8.03E-05,-8.30E-05,-8.68E-05,-9.17E-05,-9.56E-05,-9.82E-05,-1.01E-04,-1.05E-04,-1.07E-04,-1.09E-04,-1.12E-04,-1.16E-04,-1.19E-04,-1.20E-04,-1.24E-04,-1.28E-04,-1.31E-04,-1.35E-04,-1.36E-04,-1.40E-04,-1.42E-04,-1.46E-04,-1.51E-04,-1.56E-04,-1.59E-04,-1.60E-04,-1.61E-04,-1.64E-04,-1.70E-04,-1.76E-04,-1.83E-04,-1.88E-04,-1.92E-04,-1.95E-04,-1.98E-04,-2.02E-04,-2.08E-04,-2.14E-04,-2.17E-04,-2.19E-04,-2.22E-04,-2.24E-04,-2.28E-04,-2.31E-04,-2.32E-04,-2.32E-04,-2.33E-04,-2.34E-04,-2.35E-04,-2.34E-04,-2.33E-04,-2.35E-04,-2.40E-04,-2.47E-04,-2.53E-04,-2.61E-04,-2.68E-04,-2.70E-04,-2.73E-04,-2.77E-04,-2.83E-04,-2.87E-04,-2.91E-04,-2.93E-04,-2.93E-04,-2.96E-04,-3.00E-04,-3.04E-04,-3.08E-04,-3.11E-04,-3.17E-04,-3.22E-04,-3.27E-04,-3.30E-04,-3.33E-04,-3.37E-04,-3.41E-04,-3.43E-04,-3.44E-04,-3.46E-04,-3.48E-04,-3.51E-04,-3.54E-04,-3.58E-04,-3.59E-04,-3.55E-04,-3.45E-04,-3.32E-04
55,LFP1,38,0,34.56106496,-3.21E-04,-3.12E-04,-3.09E-04,-3.07E-04,-3.06E-04,-3.08E-04,-3.14E-04,-3.22E-04,-3.32E-04,-3.40E-04,-3.46E-04,-3.50E-04,-3.49E-04,-3.49E-04,-3.49E-04,-3.48E-04,-3.47E-04,-3.47E-04,-3.47E-04,-3.48E-04,-3.52E-04,-3.53E-04,-3.53E-04,-3.54E-04,-3.55E-04,-3.53E-04,-3.54E-04,-3.57E-04,-3.63E-04,-3.67E-04,-3.70E-04,-3.72E-04,-3.75E-04,-3.78E-04,-3.82E-04,-3.87E-04,-3.91E-04,-3.93E-04,-3.96E-04,-3.99E-04,-4.01E-04,-4.02E-04,-4.05E-04,-4.06E-04,-4.07E-04,-4.10E-04,-4.15E-04,-4.19E-04,-4.20E-04,-4.21E-04,-4.23E-04,-4.23E-04,-4.24E-04,-4.24E-04,-4.25E-04,-4.26E-04,-4.25E-04,-4.23E-04,-4.20E-04,-4.19E-04,-4.20E-04,-4.20E-04,-4.21E-04,-4.20E-04,-4.17E-04,-4.14E-04,-4.11E-04,-4.10E-04,-4.08E-04,-4.06E-04,-4.06E-04,-4.07E-04,-4.05E-04,-4.03E-04,-4.03E-04,-4.04E-04,-4.05E-04,-4.04E-04,-4.02E-04,-4.00E-04,-4.00E-04,-4.03E-04,-4.06E-04,-4.07E-04,-4.08E-04,-4.10E-04,-4.11E-04,-4.13E-04,-4.15E-04,-4.17E-04,-4.18E-04,-4.18E-04,-4.17E-04,-4.16E-04,-4.17E-04,-4.18E-04,-4.18E-04,-4.20E-04,-4.22E-04,-4.24E-04,-4.23E-04,-4.19E-04,-4.18E-04,-4.19E-04,-4.12E-04,-3.99E-04,-3.85E-04,-3.72E-04,-3.61E-04,-3.53E-04,-3.51E-04,-3.58E-04,-3.70E-04,-3.81E-04,-3.87E-04,-3.90E-04,-3.91E-04,-3.93E-04,-3.95E-04,-3.95E-04,-3.95E-04,-3.95E-04,-3.92E-04,-3.89E-04,-3.88E-04,-3.86E-04,-3.86E-04,-3.87E-04,-3.87E-04,-3.87E-04,-3.86E-04,-3.84E-04,-3.83E-04,-3.83E-04,-3.84E-04,-3.86E-04,-3.87E-04,-3.89E-04,-3.90E-04,-3.90E-04,-3.90E-04,-3.90E-04,-3.90E-04,-3.91E-04,-3.92E-04,-3.94E-04,-3.93E-04,-3.93E-04,-3.93E-04,-3.93E-04,-3.95E-04,-3.96E-04,-3.95E-04,-3.95E-04,-3.95E-04,-3.96E-04,-3.94E-04,-3.92E-04,-3.91E-04,-3.91E-04,-3.89E-04,-3.88E-04,-3.89E-04,-3.89E-04,-3.86E-04,-3.85E-04,-3.86E-04,-3.88E-04,-3.88E-04,-3.87E-04,-3.83E-04,-3.81E-04,-3.80E-04,-3.79E-04,-3.80E-04,-3.81E-04,-3.80E-04,-3.77E-04,-3.75E-04,-3.75E-04,-3.76E-04,-3.78E-04,-3.81E-04,-3.84E-04,-3.85E-04,-3.87E-04,-3.88E-04,-3.91E-04,-3.95E-04,-3.99E-04,-4.00E-04,-3.99E-04,-3.99E-04,-4.01E-04,-4.07E-04,-4.11E-04,-4.14E-04,-4.16E-04,-4.11E-04,-3.98E-04,-3.84E-04,-3.72E-04,-3.64E-04,-3.63E-04,-3.70E-04,-3.82E-04,-3.95E-04,-4.05E-04,-4.11E-04,-4.16E-04,-4.17E-04,-4.17E-04,-4.17E-04,-4.18E-04,-4.18E-04,-4.16E-04,-4.14E-04,-4.13E-04,-4.11E-04,-4.10E-04,-4.09E-04,-4.10E-04,-4.11E-04,-4.10E-04,-4.08E-04,-4.07E-04,-4.05E-04,-4.04E-04,-4.04E-04,-4.04E-04,-4.03E-04,-4.04E-04,-4.05E-04,-4.07E-04,-4.10E-04,-4.13E-04,-4.15E-04,-4.15E-04,-4.16E-04,-4.16E-04,-4.16E-04,-4.17E-04,-4.19E-04,-4.21E-04,-4.21E-04,-4.23E-04,-4.24E-04,-4.23E-04,-4.21E-04,-4.22E-04,-4.22E-04,-4.23E-04,-4.25E-04,-4.25E-04,-4.27E-04,-4.30E-04
56,LFP1,38,0,34.64495111,-4.32E-04,-4.35E-04,-4.35E-04,-4.34E-04,-4.32E-04,-4.30E-04,-4.30E-04,-4.30E-04,-4.29E-04,-4.24E-04,-4.22E-04,-4.20E-04,-4.21E-04,-4.23E-04,-4.24E-04,-4.24E-04,-4.21E-04,-4.18E-04,-4.13E-04,-4.09E-04,-4.07E-04,-4.09E-04,-4.12E-04,-4.13E-04,-4.13E-04,-4.12E-04,-4.11E-04,-4.10E-04,-4.10E-04,-4.08E-04,-4.07E-04,-4.04E-04,-4.02E-04,-4.02E-04,-4.01E-04,-4.00E-04,-4.00E-04,-3.99E-04,-3.97E-04,-3.89E-04,-3.74E-04,-3.61E-04,-3.48E-04,-3.39E-04,-3.34E-04,-3.32E-04,-3.38E-04,-3.50E-04,-3.61E-04,-3.71E-04,-3.80E-04,-3.85E-04,-3.85E-04,-3.82E-04,-3.79E-04,-3.74E-04,-3.68E-04,-3.58E-04,-3.50E-04,-3.44E-04,-3.40E-04,-3.38E-04,-3.38E-04,-3.38E-04,-3.41E-04,-3.45E-04,-3.48E-04,-3.49E-04,-3.49E-04,-3.48E-04,-3.46E-04,-3.45E-04,-3.44E-04,-3.44E-04,-3.43E-04,-3.41E-04,-3.39E-04,-3.37E-04,-3.36E-04,-3.35E-04,-3.34E-04,-3.32E-04,-3.28E-04,-3.27E-04,-3.26E-04,-3.26E-04,-3.28E-04,-3.30E-04,-3.31E-04,-3.29E-04,-3.26E-04,-3.22E-04,-3.21E-04,-3.20E-04,-3.22E-04,-3.26E-04,-3.27E-04,-3.27E-04,-3.29E-04,-3.30E-04,-3.29E-04,-3.29E-04,-3.29E-04,-3.30E-04,-3.29E-04,-3.29E-04,-3.29E-04,-3.29E-04,-3.29E-04,-3.26E-04,-3.21E-04,-3.17E-04,-3.12E-04,-3.09E-04,-3.07E-04,-3.07E-04,-3.07E-04,-3.06E-04,-3.05E-04,-3.05E-04,-3.04E-04,-3.02E-04,-3.02E-04,-3.04E-04,-3.04E-04,-2.99E-04,-2.93E-04,-2.90E-04,-2.88E-04,-2.86E-04,-2.84E-04,-2.82E-04,-2.80E-04,-2.78E-04,-2.77E-04,-2.75E-04,-2.71E-04,-2.60E-04,-2.46E-04,-2.33E-04,-2.19E-04,-2.08E-04,-2.03E-04,-2.06E-04,-2.15E-04,-2.26E-04,-2.35E-04,-2.43E-04,-2.47E-04,-2.49E-04,-2.50E-04,-2.50E-04,-2.49E-04,-2.46E-04,-2.41E-04,-2.36E-04,-2.33E-04,-2.29E-04,-2.25E-04,-2.22E-04,-2.19E-04,-2.15E-04,-2.12E-04,-2.09E-04,-2.06E-04,-2.04E-04,-2.03E-04,-2.02E-04,-1.99E-04,-1.95E-04,-1.91E-04,-1.88E-04,-1.87E-04,-1.85E-04,-1.83E-04,-1.84E-04,-1.85E-04,-1.84E-04,-1.82E-04,-1.79E-04,-1.78E-04,-1.76E-04,-1.75E-04,-1.72E-04,-1.73E-04,-1.76E-04,-1.75E-04,-1.74E-04,-1.73E-04,-1.72E-04,-1.70E-04,-1.67E-04,-1.64E-04,-1.62E-04,-1.61E-04,-1.59E-04,-1.56E-04,-1.53E-04,-1.51E-04,-1.52E-04,-1.52E-04,-1.52E-04,-1.52E-04,-1.53E-04,-1.54E-04,-1.51E-04,-1.49E-04,-1.48E-04,-1.48E-04,-1.49E-04,-1.48E-04,-1.45E-04,-1.39E-04,-1.35E-04,-1.34E-04,-1.33E-04,-1.33E-04,-1.33E-04,-1.34E-04,-1.34E-04,-1.35E-04,-1.32E-04,-1.31E-04,-1.28E-04,-1.26E-04,-1.26E-04,-1.28E-04,-1.30E-04,-1.34E-04,-1.34E-04,-1.32E-04,-1.31E-04,-1.28E-04,-1.18E-04,-1.02E-04,-8.70E-05,-7.74E-05,-7.33E-05,-7.22E-05,-7.83E-05,-9.16E-05,-1.06E-04,-1.19E-04,-1.27E-04,-1.34E-04,-1.37E-04,-1.37E-04,-1.39E-04,-1.41E-04,-1.41E-04,-1.40E-04,-1.39E-04,-1.38E-04,-1.39E-04,-1.41E-04,-1.43E-04
57,LFP1,38,0,34.72883701,-1.45E-04,-1.48E-04,-1.50E-04,-1.51E-04,-1.52E-04,-1.51E-04,-1.49E-04,-1.47E-04,-1.47E-04,-1.48E-04,-1.49E-04,-1.52E-04,-1.57E-04,-1.62E-04,-1.65E-04,-1.65E-04,-1.67E-04,-1.67E-04,-1.68E-04,-1.68E-04,-1.69E-04,-1.71E-04,-1.72E-04,-1.72E-04,-1.72E-04,-1.74E-04,-1.77E-04,-1.81E-04,-1.82E-04,-1.82E-04,-1.83E-04,-1.84E-04,-1.85E-04,-1.86E-04,-1.87E-04,-1.87E-04,-1.86E-04,-1.85E-04,-1.82E-04,-1.79E-04,-1.76E-04,-1.74E-04,-1.75E-04,-1.74E-04,-1.72E-04,-1.71E-04,-1.70E-04,-1.68E-04,-1.66E-04,-1.65E-04,-1.64E-04,-1.62E-04,-1.57E-04,-1.52E-04,-1.50E-04,-1.49E-04,-1.49E-04,-1.49E-04,-1.48E-04,-1.46E-04,-1.44E-04,-1.42E-04,-1.41E-04,-1.41E-04,-1.42E-04,-1.41E-04,-1.39E-04,-1.36E-04,-1.33E-04,-1.32E-04,-1.32E-04,-1.33E-04,-1.36E-04,-1.37E-04,-1.36E-04,-1.36E-04,-1.38E-04,-1.37E-04,-1.36E-04,-1.35E-04,-1.34E-04,-1.32E-04,-1.31E-04,-1.30E-04,-1.30E-04,-1.29E-04,-1.27E-04,-1.25E-04,-1.21E-04,-1.17E-04,-1.14E-04,-1.16E-04,-1.19E-04,-1.23E-04,-1.26E-04,-1.29E-04,-1.30E-04,-1.30E-04,-1.31E-04,-1.30E-04,-1.21E-04,-1.04E-04,-8.72E-05,-7.32E-05,-6.39E-05,-5.83E-05,-5.29E-05,-4.74E-05,-4.42E-05,-4.30E-05,-4.83E-05,-5.91E-05,-6.99E-05,-7.98E-05,-8.71E-05,-9.18E-05,-9.38E-05,-9.60E-05,-9.76E-05,-9.86E-05,-9.94E-05,-9.92E-05,-9.71E-05,-9.66E-05,-9.66E-05,-9.72E-05,-9.91E-05,-1.00E-04,-1.00E-04,-9.88E-05,-9.90E-05,-9.88E-05,-9.78E-05,-9.54E-05,-9.25E-05,-9.03E-05,-9.07E-05,-9.34E-05,-9.47E-05,-9.57E-05,-9.59E-05,-9.62E-05,-9.67E-05,-9.72E-05,-9.70E-05,-9.66E-05,-9.74E-05,-9.92E-05,-1.02E-04,-1.05E-04,-1.08E-04,-1.09E-04,-1.09E-04,-1.08E-04,-1.07E-04,-1.09E-04,-1.08E-04,-1.03E-04,-9.88E-05,-9.57E-05,-9.32E-05,-9.21E-05,-9.08E-05,-8.70E-05,-8.50E-05,-8.21E-05,-8.19E-05,-8.41E-05,-8.55E-05,-8.66E-05,-8.79E-05,-8.97E-05,-8.99E-05,-8.84E-05,-8.53E-05,-8.29E-05,-8.15E-05,-7.97E-05,-7.83E-05,-7.59E-05,-7.14E-05,-5.46E-05,-2.22E-05,1.27E-05,4.13E-05,5.91E-05,6.86E-05,7.07E-05,6.80E-05,6.11E-05,5.43E-05,4.92E-05,4.28E-05,2.97E-05,8.81E-06,-1.33E-05,-3.13E-05,-4.37E-05,-5.13E-05,-5.64E-05,-5.89E-05,-5.88E-05,-5.67E-05,-5.24E-05,-4.72E-05,-4.22E-05,-3.96E-05,-3.98E-05,-3.87E-05,-3.54E-05,-3.15E-05,-2.20E-05,-9.00E-06,7.00E-07,8.10E-06,1.23E-05,1.39E-05,1.26E-05,9.08E-06,3.54E-07,-1.25E-05,-2.68E-05,-3.78E-05,-4.47E-05,-4.99E-05,-5.25E-05,-5.49E-05,-5.72E-05,-5.95E-05,-6.15E-05,-6.14E-05,-6.01E-05,-5.78E-05,-5.88E-05,-6.16E-05,-6.67E-05,-7.05E-05,-7.51E-05,-7.89E-05,-8.03E-05,-7.83E-05,-7.76E-05,-7.73E-05,-7.63E-05,-7.53E-05,-7.42E-05,-7.18E-05,-7.05E-05,-6.78E-05,-6.46E-05,-6.32E-05,-6.18E-05,-5.99E-05,-5.80E-05,-5.52E-05,-5.28E-05
58,LFP1,38,0,34.81272316,-5.00E-05,-4.70E-05,-4.53E-05,-4.49E-05,-4.64E-05,-4.94E-05,-5.18E-05,-5.21E-05,-5.02E-05,-4.88E-05,-5.02E-05,-5.38E-05,-5.69E-05,-5.99E-05,-6.31E-05,-6.46E-05,-6.38E-05,-6.32E-05,-6.35E-05,-6.48E-05,-6.67E-05,-6.90E-05,-7.30E-05,-7.66E-05,-7.92E-05,-7.85E-05,-7.69E-05,-7.44E-05,-7.38E-05,-7.20E-05,-7.17E-05,-7.42E-05,-7.94E-05,-8.51E-05,-9.06E-05,-9.25E-05,-9.18E-05,-9.09E-05,-9.07E-05,-9.16E-05,-9.20E-05,-9.35E-05,-9.50E-05,-9.68E-05,-9.85E-05,-1.00E-04,-1.01E-04,-1.02E-04,-1.04E-04,-1.05E-04,-1.05E-04,-1.06E-04,-1.08E-04,-1.08E-04,-1.07E-04,-1.05E-04,-1.04E-04,-1.01E-04,-9.85E-05,-9.70E-05,-9.72E-05,-9.60E-05,-8.90E-05,-7.77E-05,-6.75E-05,-5.90E-05,-5.41E-05,-5.22E-05,-5.21E-05,-5.64E-05,-6.52E-05,-7.45E-05,-8.30E-05,-8.89E-05,-9.37E-05,-9.75E-05,-1.00E-04,-9.97E-05,-9.84E-05,-9.70E-05,-9.42E-05,-8.90E-05,-8.22E-05,-8.05E-05,-8.34E-05,-8.52E-05,-8.54E-05,-8.74E-05,-8.72E-05,-8.51E-05,-8.35E-05,-8.27E-05,-8.22E-05,-8.29E-05,-8.39E-05,-8.41E-05,-8.21E-05,-7.94E-05,-7.68E-05,-7.34E-05,-7.07E-05,-6.84E-05,-6.84E-05,-6.93E-05,-6.72E-05,-6.53E-05,-6.52E-05,-6.51E-05,-6.70E-05,-6.95E-05,-7.11E-05,-7.24E-05,-7.44E-05,-7.44E-05,-7.35E-05,-7.17E-05,-6.89E-05,-6.50E-05,-6.38E-05,-6.44E-05,-6.44E-05,-6.38E-05,-6.25E-05,-6.11E-05,-6.17E-05,-6.20E-05,-6.16E-05,-6.07E-05,-5.81E-05,-5.44E-05,-5.05E-05,-4.59E-05,-4.25E-05,-4.15E-05,-4.24E-05,-4.42E-05,-4.51E-05,-4.59E-05,-4.68E-05,-4.70E-05,-4.45E-05,-4.16E-05,-3.79E-05,-3.71E-05,-3.79E-05,-3.82E-05,-3.84E-05,-4.02E-05,-4.10E-05,-4.05E-05,-3.93E-05,-3.50E-05,-3.01E-05,-2.75E-05,-2.53E-05,-2.45E-05,-2.47E-05,-2.32E-05,-2.23E-05,-2.13E-05,-1.99E-05,-2.20E-05,-2.62E-05,-2.97E-05,-3.20E-05,-2.71E-05,-1.84E-05,-7.60E-06,1.82E-06,8.62E-06,1.27E-05,1.64E-05,1.92E-05,1.65E-05,7.44E-06,-2.15E-06,-1.16E-05,-2.04E-05,-2.65E-05,-3.20E-05,-3.65E-05,-3.83E-05,-3.94E-05,-4.01E-05,-4.00E-05,-3.95E-05,-3.61E-05,-3.36E-05,-3.30E-05,-3.31E-05,-3.30E-05,-3.41E-05,-3.45E-05,-3.42E-05,-3.34E-05,-3.30E-05,-3.43E-05,-3.59E-05,-3.80E-05,-4.00E-05,-4.18E-05,-4.22E-05,-4.25E-05,-4.18E-05,-4.27E-05,-4.51E-05,-4.71E-05,-4.86E-05,-4.83E-05,-4.77E-05,-4.76E-05,-4.82E-05,-4.98E-05,-5.30E-05,-5.71E-05,-6.09E-05,-6.23E-05,-6.35E-05,-6.54E-05,-6.72E-05,-6.82E-05,-6.84E-05,-7.04E-05,-7.33E-05,-7.28E-05,-7.19E-05,-7.21E-05,-7.44E-05,-7.73E-05,-7.83E-05,-7.82E-05,-7.70E-05,-7.53E-05,-7.57E-05,-7.46E-05,-7.47E-05,-7.47E-05,-7.58E-05,-7.97E-05,-8.50E-05,-8.79E-05,-8.89E-05,-8.81E-05,-8.91E-05,-8.95E-05,-9.11E-05,-9.23E-05,-9.15E-05,-9.14E-05,-9.33E-05,-9.42E-05,-9.42E-05,-9.19E-05,-9.05E-05,-9.02E-05,-9.31E-05
59,LFP1,38,0,34.89660931,-9.70E-05,-9.96E-05,-1.02E-04,-1.03E-04,-1.03E-04,-1.02E-04,-9.84E-05,-9.61E-05,-9.65E-05,-9.85E-05,-9.94E-05,-1.01E-04,-1.02E-04,-1.04E-04,-1.05E-04,-1.07E-04,-1.08E-04,-1.07E-04,-1.03E-04,-9.90E-05,-9.69E-05,-9.31E-05,-9.04E-05,-8.94E-05,-8.98E-05,-8.99E-05,-8.90E-05,-8.91E-05,-8.98E-05,-9.13E-05,-9.23E-05,-9.21E-05,-9.25E-05,-9.26E-05,-9.00E-05,-8.56E-05,-7.78E-05,-6.54E-05,-5.29E-05,-4.34E-05,-3.71E-05,-3.20E-05,-2.92E-05,-2.88E-05,-2.92E-05,-3.10E-05,-3.23E-05,-3.53E-05,-4.36E-05,-5.57E-05,-6.52E-05,-7.03E-05,-7.31E-05,-7.41E-05,-7.61E-05,-7.68E-05,-7.75E-05,-7.76E-05,-7.77E-05,-7.80E-05,-7.96E-05,-8.05E-05,-8.05E-05,-7.96E-05,-7.84E-05,-7.76E-05,-7.62E-05,-7.46E-05,-7.24E-05,-7.18E-05,-7.21E-05,-7.38E-05,-7.59E-05,-7.73E-05,-7.84E-05,-7.88E-05,-8.07E-05,-8.24E-05,-8.44E-05,-8.52E-05,-8.61E-05,-8.88E-05,-9.00E-05,-9.00E-05,-8.86E-05,-8.53E-05,-8.31E-05,-8.37E-05,-8.69E-05,-9.13E-05,-9.27E-05,-9.13E-05,-9.10E-05,-9.21E-05,-9.32E-05,-9.40E-05,-9.40E-05,-9.21E-05,-8.89E-05,-8.70E-05,-8.56E-05,-8.58E-05,-8.61E-05,-8.50E-05,-8.31E-05,-8.13E-05,-8.00E-05,-7.91E-05,-8.00E-05,-8.33E-05,-8.76E-05,-9.15E-05,-9.35E-05,-9.69E-05,-9.82E-05,-9.80E-05,-9.79E-05,-9.95E-05,-9.91E-05,-9.83E-05,-9.90E-05,-1.00E-04,-1.01E-04,-1.02E-04,-1.04E-04,-1.07E-04,-1.09E-04,-1.10E-04,-1.12E-04,-1.15E-04,-1.17E-04,-1.19E-04,-1.20E-04,-1.21E-04,-1.24E-04,-1.26E-04,-1.26E-04,-1.28E-04,-1.30E-04,-1.31E-04,-1.29E-04,-1.28E-04,-1.30E-04,-1.34E-04,-1.35E-04,-1.37E-04,-1.40E-04,-1.42E-04,-1.43E-04,-1.45E-04,-1.46E-04,-1.39E-04,-1.25E-04,-1.10E-04,-9.79E-05,-8.98E-05,-8.53E-05,-8.19E-05,-8.04E-05,-7.99E-05,-8.25E-05,-9.07E-05,-1.03E-04,-1.14E-04,-1.24E-04,-1.34E-04,-1.39E-04,-1.40E-04,-1.41E-04,-1.42E-04,-1.43E-04,-1.45E-04,-1.48E-04,-1.51E-04,-1.55E-04,-1.55E-04,-1.55E-04,-1.54E-04,-1.52E-04,-1.52E-04,-1.54E-04,-1.56E-04,-1.57E-04,-1.60E-04,-1.63E-04,-1.64E-04,-1.64E-04,-1.66E-04,-1.67E-04,-1.69E-04,-1.70E-04,-1.72E-04,-1.74E-04,-1.74E-04,-1.75E-04,-1.77E-04,-1.81E-04,-1.86E-04,-1.88E-04,-1.89E-04,-1.92E-04,-1.94E-04,-1.96E-04,-1.98E-04,-1.99E-04,-1.97E-04,-1.93E-04,-1.88E-04,-1.85E-04,-1.83E-04,-1.82E-04,-1.82E-04,-1.81E-04,-1.79E-04,-1.76E-04,-1.77E-04,-1.80E-04,-1.83E-04,-1.85E-04,-1.88E-04,-1.88E-04,-1.88E-04,-1.87E-04,-1.84E-04,-1.82E-04,-1.80E-04,-1.79E-04,-1.79E-04,-1.77E-04,-1.75E-04,-1.74E-04,-1.75E-04,-1.77E-04,-1.78E-04,-1.78E-04,-1.77E-04,-1.77E-04,-1.77E-04,-1.75E-04,-1.73E-04,-1.72E-04,-1.72E-04,-1.74E-04,-1.78E-04,-1.81E-04,-1.82E-04,-1.83E-04,-1.84E-04,-1.87E-04,-1.89E-04,-1.91E-04,-1.94E-04,-1.96E-04,-1.98E-04,-2.00E-04,-2.00E-04
60,LFP1,38,0,34.98049545,-2.00E-04,-1.98E-04,-1.94E-04,-1.90E-04,-1.90E-04,-1.91E-04,-1.92E-04,-1.93E-04,-1.92E-04,-1.89E-04,-1.88E-04,-1.88E-04,-1.88E-04,-1.89E-04,-1.85E-04,-1.74E-04,-1.61E-04,-1.48E-04,-1.39E-04,-1.33E-04,-1.32E-04,-1.35E-04,-1.40E-04,-1.45E-04,-1.50E-04,-1.58E-04,-1.69E-04,-1.79E-04,-1.88E-04,-1.96E-04,-2.01E-04,-2.06E-04,-2.09E-04,-2.09E-04,-2.08E-04,-2.06E-04,-2.04E-04,-2.04E-04,-2.04E-04,-2.06E-04,-2.06E-04,-2.05E-04,-2.04E-04,-2.05E-04,-2.09E-04,-2.11E-04,-2.12E-04,-2.15E-04,-2.18E-04,-2.22E-04,-2.26E-04,-2.27E-04,-2.27E-04,-2.28E-04,-2.30E-04,-2.33E-04,-2.39E-04,-2.44E-04,-2.50E-04,-2.55E-04,-2.58E-04,-2.61E-04,-2.64E-04,-2.66E-04,-2.68E-04,-2.68E-04,-2.69E-04,-2.72E-04,-2.74E-04,-2.74E-04,-2.74E-04,-2.74E-04,-2.75E-04,-2.77E-04,-2.79E-04,-2.80E-04,-2.81E-04,-2.82E-04,-2.84E-04,-2.86E-04,-2.91E-04,-2.95E-04,-2.97E-04,-2.97E-04,-2.93E-04,-2.91E-04,-2.90E-04,-2.89E-04,-2.89E-04,-2.89E-04,-2.88E-04,-2.87E-04,-2.86E-04,-2.85E-04,-2.86E-04,-2.87E-04,-2.89E-04,-2.90E-04,-2.91E-04,-2.94E-04,-2.98E-04,-3.00E-04,-3.01E-04,-3.01E-04,-2.99E-04,-2.99E-04,-2.98E-04,-2.95E-04,-2.94E-04,-2.94E-04,-2.96E-04,-3.03E-04,-3.06E-04,-3.05E-04,-3.03E-04,-2.99E-04,-2.94E-04,-2.91E-04,-2.88E-04,-2.84E-04,-2.85E-04,-2.87E-04,-2.88E-04,-2.88E-04,-2.90E-04,-2.90E-04,-2.91E-04,-2.93E-04,-2.97E-04,-2.99E-04,-2.99E-04,-2.98E-04,-2.96E-04,-2.96E-04,-2.89E-04,-2.75E-04,-2.58E-04,-2.46E-04,-2.37E-04,-2.33E-04,-2.30E-04,-2.30E-04,-2.31E-04,-2.32E-04,-2.34E-04,-2.34E-04,-2.39E-04,-2.49E-04,-2.57E-04,-2.64E-04,-2.71E-04,-2.77E-04,-2.80E-04,-2.82E-04,-2.84E-04,-2.84E-04,-2.85E-04,-2.89E-04,-2.93E-04,-2.98E-04,-3.02E-04,-3.04E-04,-3.05E-04,-3.07E-04,-3.10E-04,-3.14E-04,-3.16E-04,-3.20E-04,-3.21E-04,-3.21E-04,-3.21E-04,-3.21E-04,-3.21E-04,-3.24E-04,-3.28E-04,-3.32E-04,-3.34E-04,-3.37E-04,-3.38E-04,-3.40E-04,-3.44E-04,-3.49E-04,-3.53E-04,-3.57E-04,-3.60E-04,-3.63E-04,-3.66E-04,-3.71E-04,-3.74E-04,-3.76E-04,-3.76E-04,-3.78E-04,-3.81E-04,-3.82E-04,-3.83E-04,-3.84E-04,-3.87E-04,-3.88E-04,-3.90E-04,-3.93E-04,-3.93E-04,-3.94E-04,-3.97E-04,-3.98E-04,-3.99E-04,-3.99E-04,-3.98E-04,-3.97E-04,-3.96E-04,-3.97E-04,-4.00E-04,-4.04E-04,-4.07E-04,-4.06E-04,-4.05E-04,-4.05E-04,-4.05E-04,-4.05E-04,-4.02E-04,-4.00E-04,-3.98E-04,-3.97E-04,-3.97E-04,-3.99E-04,-4.02E-04,-4.04E-04,-4.06E-04,-4.07E-04,-4.06E-04,-4.04E-04,-4.04E-04,-4.04E-04,-4.04E-04,-4.05E-04,-4.07E-04,-4.08E-04,-4.08E-04,-4.09E-04,-4.10E-04,-4.12E-04,-4.13E-04,-4.15E-04,-4.16E-04,-4.17E-04,-4.18E-04,-4.17E-04,-4.17E-04,-4.18E-04,-4.18E-04,-4.18E-04,-4.16E-04,-4.06E-04,-3.91E-04,-3.77E-04,-3.66E-04,-3.61E-04
61,LFP1,38,0,35.06438136,-3.57E-04,-3.55E-04,-3.54E-04,-3.54E-04,-3.54E-04,-3.60E-04,-3.70E-04,-3.83E-04,-3.95E-04,-4.03E-04,-4.07E-04,-4.08E-04,-4.10E-04,-4.09E-04,-4.05E-04,-4.03E-04,-4.00E-04,-3.98E-04,-3.98E-04,-4.01E-04,-4.03E-04,-4.04E-04,-4.02E-04,-4.00E-04,-3.99E-04,-3.99E-04,-4.00E-04,-4.02E-04,-4.06E-04,-4.08E-04,-4.08E-04,-4.07E-04,-4.07E-04,-4.07E-04,-4.08E-04,-4.10E-04,-4.12E-04,-4.13E-04,-4.13E-04,-4.14E-04,-4.18E-04,-4.24E-04,-4.29E-04,-4.29E-04,-4.29E-04,-4.28E-04,-4.28E-04,-4.28E-04,-4.30E-04,-4.32E-04,-4.33E-04,-4.33E-04,-4.35E-04,-4.37E-04,-4.39E-04,-4.38E-04,-4.37E-04,-4.35E-04,-4.33E-04,-4.30E-04,-4.14E-04,-3.83E-04,-3.51E-04,-3.25E-04,-3.07E-04,-2.96E-04,-2.93E-04,-2.95E-04,-2.99E-04,-3.08E-04,-3.16E-04,-3.22E-04,-3.27E-04,-3.34E-04,-3.47E-04,-3.62E-04,-3.77E-04,-3.91E-04,-4.01E-04,-4.07E-04,-4.09E-04,-4.10E-04,-4.06E-04,-4.02E-04,-3.98E-04,-3.95E-04,-3.93E-04,-3.93E-04,-3.93E-04,-3.96E-04,-4.00E-04,-4.02E-04,-4.04E-04,-4.05E-04,-4.05E-04,-4.05E-04,-4.05E-04,-4.06E-04,-4.06E-04,-3.99E-04,-3.83E-04,-3.65E-04,-3.51E-04,-3.40E-04,-3.34E-04,-3.31E-04,-3.31E-04,-3.34E-04,-3.39E-04,-3.48E-04,-3.60E-04,-3.72E-04,-3.82E-04,-3.89E-04,-3.90E-04,-3.88E-04,-3.82E-04,-3.78E-04,-3.73E-04,-3.69E-04,-3.64E-04,-3.58E-04,-3.53E-04,-3.49E-04,-3.44E-04,-3.40E-04,-3.34E-04,-3.30E-04,-3.26E-04,-3.22E-04,-3.18E-04,-3.15E-04,-3.12E-04,-3.09E-04,-3.07E-04,-3.05E-04,-3.02E-04,-2.98E-04,-2.95E-04,-2.93E-04,-2.90E-04,-2.86E-04,-2.84E-04,-2.81E-04,-2.83E-04,-2.84E-04,-2.83E-04,-2.84E-04,-2.84E-04,-2.82E-04,-2.82E-04,-2.80E-04,-2.78E-04,-2.74E-04,-2.71E-04,-2.69E-04,-2.68E-04,-2.67E-04,-2.67E-04,-2.69E-04,-2.70E-04,-2.72E-04,-2.74E-04,-2.76E-04,-2.77E-04,-2.73E-04,-2.68E-04,-2.63E-04,-2.60E-04,-2.56E-04,-2.52E-04,-2.50E-04,-2.49E-04,-2.50E-04,-2.49E-04,-2.48E-04,-2.45E-04,-2.41E-04,-2.38E-04,-2.37E-04,-2.34E-04,-2.31E-04,-2.28E-04,-2.23E-04,-2.19E-04,-2.15E-04,-2.10E-04,-2.08E-04,-2.08E-04,-2.07E-04,-2.05E-04,-2.03E-04,-2.02E-04,-2.03E-04,-2.04E-04,-2.05E-04,-2.02E-04,-1.98E-04,-1.95E-04,-1.94E-04,-1.94E-04,-1.97E-04,-1.99E-04,-2.00E-04,-2.01E-04,-2.02E-04,-2.03E-04,-2.04E-04,-2.05E-04,-2.07E-04,-2.08E-04,-2.11E-04,-2.12E-04,-2.10E-04,-2.09E-04,-2.07E-04,-2.05E-04,-2.05E-04,-2.04E-04,-2.02E-04,-1.99E-04,-1.97E-04,-1.97E-04,-1.92E-04,-1.86E-04,-1.84E-04,-1.84E-04,-1.82E-04,-1.79E-04,-1.76E-04,-1.75E-04,-1.76E-04,-1.71E-04,-1.57E-04,-1.40E-04,-1.23E-04,-1.09E-04,-9.83E-05,-9.32E-05,-8.97E-05,-8.82E-05,-8.59E-05,-8.50E-05,-8.56E-05,-8.62E-05,-8.68E-05,-9.07E-05,-9.91E-05,-1.09E-04,-1.18E-04,-1.24E-04,-1.29E-04,-1.31E-04,-1.31E-04,-1.33E-04,-1.32E-04
62,LFP1,38,0,35.14826751,-1.31E-04,-1.31E-04,-1.31E-04,-1.31E-04,-1.32E-04,-1.32E-04,-1.32E-04,-1.32E-04,-1.31E-04,-1.32E-04,-1.32E-04,-1.34E-04,-1.38E-04,-1.41E-04,-1.41E-04,-1.37E-04,-1.34E-04,-1.33E-04,-1.34E-04,-1.35E-04,-1.36E-04,-1.37E-04,-1.40E-04,-1.43E-04,-1.44E-04,-1.44E-04,-1.45E-04,-1.46E-04,-1.45E-04,-1.40E-04,-1.36E-04,-1.33E-04,-1.29E-04,-1.24E-04,-1.20E-04,-1.18E-04,-1.20E-04,-1.23E-04,-1.26E-04,-1.28E-04,-1.30E-04,-1.31E-04,-1.30E-04,-1.29E-04,-1.29E-04,-1.31E-04,-1.31E-04,-1.30E-04,-1.29E-04,-1.28E-04,-1.25E-04,-1.24E-04,-1.22E-04,-1.21E-04,-1.18E-04,-1.16E-04,-1.14E-04,-1.13E-04,-1.11E-04,-1.07E-04,-1.05E-04,-1.03E-04,-1.02E-04,-1.02E-04,-1.03E-04,-1.03E-04,-1.04E-04,-1.04E-04,-1.04E-04,-1.03E-04,-1.02E-04,-1.00E-04,-1.01E-04,-1.02E-04,-1.04E-04,-1.04E-04,-1.04E-04,-1.03E-04,-1.03E-04,-1.04E-04,-1.04E-04,-1.05E-04,-1.08E-04,-1.09E-04,-1.10E-04,-1.10E-04,-1.09E-04,-1.07E-04,-1.07E-04,-1.05E-04,-1.02E-04,-9.94E-05,-9.94E-05,-1.00E-04,-1.01E-04,-1.01E-04,-1.01E-04,-9.82E-05,-8.89E-05,-7.21E-05,-5.56E-05,-4.30E-05,-3.46E-05,-3.02E-05,-2.78E-05,-2.73E-05,-3.00E-05,-3.28E-05,-3.88E-05,-5.01E-05,-6.35E-05,-7.37E-05,-8.00E-05,-8.43E-05,-8.52E-05,-8.48E-05,-8.30E-05,-8.13E-05,-8.05E-05,-8.01E-05,-8.05E-05,-7.84E-05,-7.59E-05,-7.59E-05,-7.62E-05,-7.72E-05,-7.75E-05,-7.94E-05,-8.23E-05,-8.41E-05,-8.42E-05,-8.41E-05,-8.41E-05,-8.44E-05,-8.42E-05,-8.40E-05,-8.29E-05,-8.04E-05,-7.95E-05,-8.03E-05,-8.10E-05,-8.15E-05,-8.12E-05,-8.11E-05,-8.23E-05,-8.14E-05,-7.98E-05,-7.89E-05,-7.82E-05,-7.69E-05,-7.55E-05,-7.50E-05,-7.50E-05,-7.44E-05,-7.40E-05,-7.53E-05,-7.71E-05,-7.81E-05,-7.86E-05,-7.68E-05,-7.36E-05,-7.22E-05,-7.11E-05,-6.93E-05,-6.56E-05,-6.32E-05,-6.00E-05,-5.80E-05,-5.68E-05,-5.49E-05,-5.17E-05,-4.94E-05,-4.85E-05,-4.74E-05,-4.64E-05,-4.67E-05,-4.70E-05,-4.81E-05,-4.90E-05,-4.99E-05,-5.09E-05,-5.10E-05,-5.20E-05,-5.06E-05,-4.73E-05,-4.53E-05,-4.52E-05,-4.51E-05,-4.68E-05,-4.68E-05,-4.48E-05,-4.22E-05,-4.08E-05,-3.94E-05,-3.87E-05,-3.79E-05,-3.68E-05,-3.67E-05,-3.76E-05,-3.11E-05,-1.34E-05,9.23E-06,3.08E-05,4.73E-05,5.82E-05,6.52E-05,6.82E-05,6.60E-05,5.90E-05,5.18E-05,4.44E-05,3.95E-05,3.76E-05,3.92E-05,4.28E-05,4.54E-05,4.70E-05,4.92E-05,5.37E-05,5.85E-05,6.07E-05,6.19E-05,6.38E-05,6.64E-05,7.15E-05,7.39E-05,7.47E-05,7.40E-05,7.50E-05,7.72E-05,8.06E-05,8.41E-05,8.47E-05,8.46E-05,8.28E-05,8.23E-05,8.31E-05,8.36E-05,8.24E-05,8.10E-05,8.09E-05,7.99E-05,7.93E-05,7.82E-05,7.95E-05,8.08E-05,8.10E-05,8.19E-05,8.03E-05,7.68E-05,7.37E-05,7.27E-05,7.20E-05,7.30E-05,7.43E-05,7.44E-05
63,LFP1,38,0,35.23215365,7.36E-05,7.21E-05,7.07E-05,6.78E-05,6.47E-05,6.21E-05,6.05E-05,5.96E-05,5.96E-05,6.18E-05,6.35E-05,6.47E-05,6.43E-05,6.28E-05,6.40E-05,6.65E-05,6.70E-05,6.57E-05,6.50E-05,6.55E-05,6.72E-05,6.93E-05,7.13E-05,7.16E-05,7.19E-05,7.13E-05,6.98E-05,6.76E-05,6.55E-05,6.42E-05,6.46E-05,6.58E-05,6.72E-05,6.78E-05,6.68E-05,6.45E-05,6.05E-05,5.55E-05,4.94E-05,4.41E-05,4.27E-05,4.30E-05,4.25E-05,4.01E-05,3.75E-05,3.58E-05,3.56E-05,3.41E-05,3.14E-05,2.82E-05,2.82E-05,2.86E-05,2.63E-05,2.27E-05,1.97E-05,1.80E-05,1.54E-05,1.20E-05,8.53E-06,6.53E-06,6.56E-06,1.32E-05,2.47E-05,3.83E-05,4.83E-05,5.39E-05,5.84E-05,6.08E-05,6.16E-05,6.17E-05,6.01E-05,6.06E-05,5.75E-05,4.82E-05,3.82E-05,2.79E-05,2.10E-05,1.66E-05,1.53E-05,1.62E-05,1.71E-05,1.79E-05,2.15E-05,2.33E-05,2.27E-05,2.22E-05,2.20E-05,2.23E-05,2.23E-05,2.06E-05,2.06E-05,2.20E-05,2.36E-05,2.36E-05,2.46E-05,2.63E-05,2.82E-05,3.08E-05,3.35E-05,3.69E-05,3.99E-05,4.02E-05,3.97E-05,3.60E-05,3.31E-05,3.06E-05,2.96E-05,2.93E-05,2.82E-05,2.76E-05,2.81E-05,2.86E-05,3.10E-05,3.50E-05,3.81E-05,3.90E-05,3.94E-05,4.06E-05,4.00E-05,3.99E-05,4.30E-05,4.85E-05,5.37E-05,5.69E-05,5.53E-05,5.27E-05,5.06E-05,4.95E-05,5.00E-05,5.04E-05,5.26E-05,5.57E-05,5.93E-05,6.20E-05,6.42E-05,6.43E-05,6.56E-05,6.79E-05,6.90E-05,7.03E-05,6.97E-05,6.86E-05,6.83E-05,7.00E-05,7.06E-05,7.07E-05,7.14E-05,7.23E-05,7.51E-05,7.77E-05,7.91E-05,7.94E-05,8.00E-05,7.98E-05,7.96E-05,7.96E-05,8.05E-05,7.93E-05,7.78E-05,7.64E-05,7.66E-05,7.66E-05,7.62E-05,7.60E-05,7.53E-05,7.72E-05,8.15E-05,8.37E-05,8.62E-05,8.89E-05,9.16E-05,9.31E-05,9.62E-05,9.92E-05,1.01E-04,1.03E-04,1.02E-04,1.00E-04,9.71E-05,9.51E-05,9.71E-05,1.00E-04,1.04E-04,1.08E-04,1.09E-04,1.09E-04,1.07E-04,1.04E-04,1.02E-04,9.93E-05,9.81E-05,9.74E-05,9.90E-05,1.06E-04,1.20E-04,1.38E-04,1.54E-04,1.63E-04,1.68E-04,1.73E-04,1.75E-04,1.74E-04,1.71E-04,1.70E-04,1.71E-04,1.71E-04,1.71E-04,1.69E-04,1.63E-04,1.53E-04,1.42E-04,1.33E-04,1.26E-04,1.22E-04,1.22E-04,1.25E-04,1.28E-04,1.32E-04,1.36E-04,1.40E-04,1.43E-04,1.46E-04,1.50E-04,1.54E-04,1.55E-04,1.52E-04,1.49E-04,1.49E-04,1.51E-04,1.53E-04,1.54E-04,1.57E-04,1.60E-04,1.63E-04,1.64E-04,1.65E-04,1.65E-04,1.64E-04,1.63E-04,1.59E-04,1.56E-04,1.55E-04,1.53E-04,1.53E-04,1.54E-04,1.54E-04,1.55E-04,1.54E-04,1.53E-04,1.52E-04,1.52E-04,1.54E-04,1.58E-04,1.63E-04,1.68E-04,1.73E-04
64,LFP1,38,0,35.31603956,1.78E-04,1.79E-04,1.79E-04,1.74E-04,1.68E-04,1.63E-04,1.62E-04,1.63E-04,1.65E-04,1.66E-04,1.69E-04,1.72E-04,1.74E-04,1.78E-04,1.86E-04,1.95E-04,2.04E-04,2.15E-04,2.24E-04,2.30E-04,2.36E-04,2.41E-04,2.44E-04,2.45E-04,2.44E-04,2.44E-04,2.46E-04,2.50E-04,2.55E-04,2.58E-04,2.59E-04,2.59E-04,2.59E-04,2.57E-04,2.55E-04,2.53E-04,2.50E-04,2.48E-04,2.47E-04,2.46E-04,2.46E-04,2.45E-04,2.42E-04,2.40E-04,2.40E-04,2.40E-04,2.41E-04,2.42E-04,2.42E-04,2.41E-04,2.41E-04,2.40E-04,2.39E-04,2.39E-04,2.39E-04,2.38E-04,2.37E-04,2.37E-04,2.36E-04,2.36E-04,2.36E-04,2.38E-04,2.40E-04,2.41E-04,2.41E-04,2.41E-04,2.40E-04,2.41E-04,2.45E-04,2.54E-04,2.65E-04,2.76E-04,2.85E-04,2.94E-04,2.98E-04,3.00E-04,3.00E-04,2.99E-04,2.98E-04,2.97E-04,2.96E-04,2.96E-04,2.95E-04,2.89E-04,2.78E-04,2.68E-04,2.59E-04,2.54E-04,2.50E-04,2.47E-04,2.45E-04,2.45E-04,2.45E-04,2.44E-04,2.42E-04,2.40E-04,2.39E-04,2.36E-04,2.33E-04,2.30E-04,2.29E-04,2.27E-04,2.23E-04,2.18E-04,2.13E-04,2.08E-04,2.04E-04,2.03E-04,2.02E-04,2.04E-04,2.05E-04,2.04E-04,2.03E-04,2.03E-04,2.02E-04,2.00E-04,1.97E-04,1.95E-04,1.94E-04,1.93E-04,1.95E-04,1.95E-04,1.93E-04,1.90E-04,1.85E-04,1.83E-04,1.83E-04,1.83E-04,1.82E-04,1.81E-04,1.82E-04,1.84E-04,1.85E-04,1.85E-04,1.85E-04,1.85E-04,1.85E-04,1.83E-04,1.83E-04,1.85E-04,1.88E-04,1.90E-04,1.92E-04,1.94E-04,1.95E-04,1.96E-04,1.97E-04,1.97E-04,1.96E-04,1.98E-04,1.99E-04,2.01E-04,2.03E-04,2.02E-04,2.01E-04,2.00E-04,1.97E-04,1.97E-04,1.97E-04,1.98E-04,1.99E-04,2.01E-04,2.04E-04,2.07E-04,2.11E-04,2.11E-04,2.08E-04,2.05E-04,2.04E-04,2.02E-04,1.99E-04,1.95E-04,1.92E-04,1.90E-04,1.88E-04,1.86E-04,1.87E-04,1.94E-04,2.07E-04,2.21E-04,2.34E-04,2.43E-04,2.48E-04,2.51E-04,2.52E-04,2.50E-04,2.42E-04,2.31E-04,2.19E-04,2.11E-04,2.06E-04,2.03E-04,2.03E-04,2.04E-04,2.06E-04,2.05E-04,2.07E-04,2.07E-04,2.09E-04,2.11E-04,2.11E-04,2.13E-04,2.15E-04,2.17E-04,2.21E-04,2.26E-04,2.31E-04,2.32E-04,2.32E-04,2.28E-04,2.24E-04,2.23E-04,2.21E-04,2.20E-04,2.20E-04,2.17E-04,2.14E-04,2.12E-04,2.19E-04,2.44E-04,2.75E-04,3.08E-04,3.32E-04,3.46E-04,3.51E-04,3.45E-04,3.34E-04,3.22E-04,3.11E-04,3.03E-04,2.88E-04,2.68E-04,2.47E-04,2.29E-04,2.18E-04,2.11E-04,2.08E-04,2.05E-04,2.04E-04,2.04E-04,2.03E-04,2.01E-04,2.01E-04,2.04E-04,2.07E-04,2.07E-04,2.03E-04,2.01E-04,1.98E-04,2.00E-04,2.02E-04,2.03E-04,2.04E-04,2.05E-04,2.03E-04,2.01E-04
65,LFP1,38,0,35.39992571,1.97E-04,1.91E-04,1.86E-04,1.84E-04,1.83E-04,1.84E-04,1.84E-04,1.83E-04,1.80E-04,1.80E-04,1.79E-04,1.78E-04,1.73E-04,1.68E-04,1.63E-04,1.61E-04,1.61E-04,1.61E-04,1.60E-04,1.59E-04,1.58E-04,1.56E-04,1.56E-04,1.53E-04,1.50E-04,1.47E-04,1.43E-04,1.42E-04,1.43E-04,1.46E-04,1.53E-04,1.67E-04,1.80E-04,1.94E-04,2.03E-04,2.10E-04,2.15E-04,2.18E-04,2.21E-04,2.25E-04,2.27E-04,2.28E-04,2.22E-04,2.15E-04,2.08E-04,2.00E-04,1.95E-04,1.91E-04,1.88E-04,1.85E-04,1.83E-04,1.81E-04,1.79E-04,1.80E-04,1.79E-04,1.77E-04,1.75E-04,1.74E-04,1.73E-04,1.71E-04,1.70E-04,1.67E-04,1.66E-04,1.66E-04,1.63E-04,1.59E-04,1.54E-04,1.49E-04,1.46E-04,1.44E-04,1.41E-04,1.39E-04,1.37E-04,1.36E-04,1.34E-04,1.32E-04,1.32E-04,1.31E-04,1.27E-04,1.24E-04,1.22E-04,1.22E-04,1.25E-04,1.26E-04,1.26E-04,1.24E-04,1.20E-04,1.16E-04,1.13E-04,1.08E-04,1.02E-04,9.58E-05,9.05E-05,8.67E-05,8.37E-05,8.06E-05,7.83E-05,7.71E-05,7.67E-05,7.60E-05,7.42E-05,7.28E-05,6.88E-05,6.39E-05,6.03E-05,5.67E-05,5.22E-05,4.68E-05,4.40E-05,4.17E-05,3.97E-05,3.72E-05,3.46E-05,3.11E-05,2.79E-05,2.57E-05,2.37E-05,2.17E-05,2.12E-05,2.15E-05,2.04E-05,1.93E-05,1.69E-05,1.54E-05,1.42E-05,1.22E-05,1.14E-05,1.04E-05,8.77E-06,8.74E-06,1.08E-05,1.32E-05,1.57E-05,1.65E-05,1.65E-05,1.59E-05,1.70E-05,2.09E-05,2.61E-05,3.08E-05,3.60E-05,4.03E-05,4.99E-05,6.67E-05,8.52E-05,1.01E-04,1.12E-04,1.19E-04,1.24E-04,1.30E-04,1.34E-04,1.35E-04,1.36E-04,1.32E-04,1.22E-04,1.08E-04,9.83E-05,9.22E-05,8.80E-05,8.55E-05,8.56E-05,8.79E-05,9.05E-05,9.09E-05,9.18E-05,9.32E-05,9.35E-05,9.47E-05,9.59E-05,9.68E-05,9.73E-05,9.81E-05,9.88E-05,9.83E-05,9.58E-05,9.38E-05,9.53E-05,9.67E-05,9.60E-05,9.51E-05,9.60E-05,9.78E-05,9.91E-05,1.00E-04,1.02E-04,1.04E-04,1.04E-04,1.04E-04,1.04E-04,1.04E-04,1.05E-04,1.05E-04,1.06E-04,1.07E-04,1.08E-04,1.09E-04,1.12E-04,1.16E-04,1.20E-04,1.24E-04,1.27E-04,1.27E-04,1.27E-04,1.27E-04,1.27E-04,1.26E-04,1.27E-04,1.28E-04,1.28E-04,1.29E-04,1.29E-04,1.33E-04,1.35E-04,1.36E-04,1.36E-04,1.36E-04,1.35E-04,1.34E-04,1.34E-04,1.34E-04,1.35E-04,1.37E-04,1.36E-04,1.36E-04,1.36E-04,1.35E-04,1.35E-04,1.35E-04,1.37E-04,1.37E-04,1.36E-04,1.35E-04,1.34E-04,1.33E-04,1.33E-04,1.32E-04,1.28E-04,1.23E-04,1.20E-04,1.17E-04,1.12E-04,1.06E-04,1.03E-04,9.81E-05,9.46E-05,9.22E-05,9.15E-05,9.17E-05,9.37E-05,9.38E-05,9.25E-05,9.01E-05,8.62E-05,8.13E-05,7.78E-05,7.52E-05
66,LFP1,38,0,35.48381186,7.17E-05,6.77E-05,6.63E-05,7.18E-05,8.21E-05,9.48E-05,1.05E-04,1.13E-04,1.16E-04,1.16E-04,1.13E-04,1.10E-04,1.06E-04,1.01E-04,9.47E-05,8.85E-05,8.19E-05,6.99E-05,5.66E-05,4.45E-05,3.49E-05,2.65E-05,2.09E-05,1.78E-05,1.64E-05,1.55E-05,1.25E-05,8.19E-06,4.49E-06,2.74E-06,5.61E-07,-2.76E-06,-6.41E-06,-8.15E-06,-1.09E-05,-1.35E-05,-1.57E-05,-1.62E-05,-1.47E-05,-1.33E-05,-1.30E-05,-1.33E-05,-1.23E-05,-1.31E-05,-1.57E-05,-1.70E-05,-1.81E-05,-2.00E-05,-2.35E-05,-2.82E-05,-3.30E-05,-3.77E-05,-4.18E-05,-4.53E-05,-4.75E-05,-4.92E-05,-5.19E-05,-5.57E-05,-6.06E-05,-6.59E-05,-7.12E-05,-7.88E-05,-8.51E-05,-8.88E-05,-9.20E-05,-9.45E-05,-9.75E-05,-1.01E-04,-1.03E-04,-1.03E-04,-1.04E-04,-1.05E-04,-1.07E-04,-1.09E-04,-1.11E-04,-1.13E-04,-1.13E-04,-1.11E-04,-1.11E-04,-1.12E-04,-1.14E-04,-1.17E-04,-1.19E-04,-1.21E-04,-1.24E-04,-1.28E-04,-1.33E-04,-1.35E-04,-1.36E-04,-1.34E-04,-1.32E-04,-1.31E-04,-1.33E-04,-1.35E-04,-1.38E-04,-1.40E-04,-1.43E-04,-1.45E-04,-1.47E-04,-1.51E-04,-1.56E-04,-1.62E-04,-1.67E-04,-1.71E-04,-1.75E-04,-1.79E-04,-1.82E-04,-1.86E-04,-1.90E-04,-1.93E-04,-1.95E-04,-1.97E-04,-2.01E-04,-2.05E-04,-2.07E-04,-2.09E-04,-2.09E-04,-2.09E-04,-2.10E-04,-2.12E-04,-2.16E-04,-2.21E-04,-2.25E-04,-2.30E-04,-2.35E-04,-2.39E-04,-2.41E-04,-2.42E-04,-2.42E-04,-2.38E-04,-2.27E-04,-2.14E-04,-2.03E-04,-1.98E-04,-1.96E-04,-1.95E-04,-1.94E-04,-1.95E-04,-1.97E-04,-1.98E-04,-1.98E-04,-1.98E-04,-1.98E-04,-1.99E-04,-2.03E-04,-2.13E-04,-2.24E-04,-2.36E-04,-2.46E-04,-2.53E-04,-2.57E-04,-2.62E-04,-2.65E-04,-2.65E-04,-2.65E-04,-2.68E-04,-2.68E-04,-2.69E-04,-2.70E-04,-2.70E-04,-2.67E-04,-2.65E-04,-2.64E-04,-2.65E-04,-2.67E-04,-2.68E-04,-2.69E-04,-2.68E-04,-2.70E-04,-2.74E-04,-2.76E-04,-2.78E-04,-2.81E-04,-2.83E-04,-2.83E-04,-2.82E-04,-2.82E-04,-2.82E-04,-2.83E-04,-2.85E-04,-2.87E-04,-2.90E-04,-2.91E-04,-2.93E-04,-2.97E-04,-3.00E-04,-3.00E-04,-3.02E-04,-3.04E-04,-3.05E-04,-3.06E-04,-3.06E-04,-3.06E-04,-3.06E-04,-3.06E-04,-3.06E-04,-3.08E-04,-3.06E-04,-3.04E-04,-3.02E-04,-3.02E-04,-3.03E-04,-3.04E-04,-3.04E-04,-3.06E-04,-3.10E-04,-3.14E-04,-3.17E-04,-3.20E-04,-3.24E-04,-3.27E-04,-3.26E-04,-3.25E-04,-3.24E-04,-3.23E-04,-3.22E-04,-3.21E-04,-3.20E-04,-3.19E-04,-3.17E-04,-3.15E-04,-3.17E-04,-3.18E-04,-3.18E-04,-3.19E-04,-3.19E-04,-3.18E-04,-3.17E-04,-3.18E-04,-3.21E-04,-3.22E-04,-3.24E-04,-3.26E-04,-3.27E-04,-3.28E-04,-3.27E-04,-3.29E-04,-3.29E-04,-3.30E-04,-3.33E-04,-3.36E-04,-3.40E-04,-3.44E-04,-3.47E-04,-3.49E-04,-3.48E-04,-3.45E-04,-3.42E-04,-3.41E-04,-3.41E-04,-3.42E-04,-3.43E-04,-3.43E-04,-3.43E-04,-3.43E-04,-3.44E-04
67,LFP1,38,0,35.567698,-3.44E-04,-3.42E-04,-3.40E-04,-3.39E-04,-3.38E-04,-3.38E-04,-3.38E-04,-3.36E-04,-3.29E-04,-3.16E-04,-3.02E-04,-2.93E-04,-2.86E-04,-2.82E-04,-2.81E-04,-2.83E-04,-2.86E-04,-2.89E-04,-2.93E-04,-2.97E-04,-2.98E-04,-2.99E-04,-3.04E-04,-3.12E-04,-3.23E-04,-3.32E-04,-3.40E-04,-3.45E-04,-3.49E-04,-3.51E-04,-3.53E-04,-3.54E-04,-3.56E-04,-3.57E-04,-3.57E-04,-3.56E-04,-3.55E-04,-3.57E-04,-3.61E-04,-3.63E-04,-3.62E-04,-3.60E-04,-3.58E-04,-3.57E-04,-3.56E-04,-3.53E-04,-3.52E-04,-3.54E-04,-3.56E-04,-3.58E-04,-3.60E-04,-3.63E-04,-3.66E-04,-3.70E-04,-3.73E-04,-3.75E-04,-3.77E-04,-3.77E-04,-3.74E-04,-3.71E-04,-3.71E-04,-3.74E-04,-3.78E-04,-3.80E-04,-3.81E-04,-3.81E-04,-3.79E-04,-3.77E-04,-3.78E-04,-3.81E-04,-3.83E-04,-3.83E-04,-3.84E-04,-3.87E-04,-3.90E-04,-3.89E-04,-3.89E-04,-3.90E-04,-3.92E-04,-3.94E-04,-3.96E-04,-3.95E-04,-3.95E-04,-3.93E-04,-3.90E-04,-3.88E-04,-3.86E-04,-3.85E-04,-3.86E-04,-3.86E-04,-3.86E-04,-3.85E-04,-3.84E-04,-3.83E-04,-3.83E-04,-3.83E-04,-3.83E-04,-3.85E-04,-3.85E-04,-3.85E-04,-3.85E-04,-3.86E-04,-3.88E-04,-3.90E-04,-3.92E-04,-3.94E-04,-3.95E-04,-3.96E-04,-3.97E-04,-3.97E-04,-3.98E-04,-3.99E-04,-4.00E-04,-4.01E-04,-4.03E-04,-4.06E-04,-4.07E-04,-4.08E-04,-4.09E-04,-4.12E-04,-4.16E-04,-4.21E-04,-4.22E-04,-4.20E-04,-4.17E-04,-4.16E-04,-4.14E-04,-4.13E-04,-4.12E-04,-4.14E-04,-4.16E-04,-4.17E-04,-4.18E-04,-4.19E-04,-4.17E-04,-4.16E-04,-4.16E-04,-4.14E-04,-4.11E-04,-3.99E-04,-3.84E-04,-3.68E-04,-3.58E-04,-3.52E-04,-3.50E-04,-3.49E-04,-3.49E-04,-3.49E-04,-3.47E-04,-3.47E-04,-3.46E-04,-3.45E-04,-3.45E-04,-3.43E-04,-3.42E-04,-3.48E-04,-3.55E-04,-3.63E-04,-3.69E-04,-3.72E-04,-3.74E-04,-3.75E-04,-3.76E-04,-3.75E-04,-3.75E-04,-3.74E-04,-3.72E-04,-3.69E-04,-3.65E-04,-3.63E-04,-3.63E-04,-3.63E-04,-3.64E-04,-3.64E-04,-3.61E-04,-3.59E-04,-3.59E-04,-3.61E-04,-3.61E-04,-3.60E-04,-3.59E-04,-3.59E-04,-3.56E-04,-3.53E-04,-3.50E-04,-3.48E-04,-3.44E-04,-3.42E-04,-3.41E-04,-3.39E-04,-3.37E-04,-3.36E-04,-3.36E-04,-3.38E-04,-3.41E-04,-3.44E-04,-3.46E-04,-3.46E-04,-3.41E-04,-3.36E-04,-3.31E-04,-3.29E-04,-3.27E-04,-3.24E-04,-3.22E-04,-3.22E-04,-3.23E-04,-3.23E-04,-3.22E-04,-3.22E-04,-3.20E-04,-3.20E-04,-3.21E-04,-3.22E-04,-3.22E-04,-3.23E-04,-3.22E-04,-3.22E-04,-3.19E-04,-3.15E-04,-3.11E-04,-3.10E-04,-3.11E-04,-3.13E-04,-3.15E-04,-3.18E-04,-3.20E-04,-3.24E-04,-3.24E-04,-3.24E-04,-3.24E-04,-3.24E-04,-3.25E-04,-3.26E-04,-3.27E-04,-3.28E-04,-3.31E-04,-3.34E-04,-3.36E-04,-3.37E-04,-3.38E-04,-3.40E-04,-3.42E-04,-3.41E-04,-3.41E-04,-3.41E-04,-3.42E-04,-3.44E-04,-3.45E-04,-3.46E-04,-3.47E-04,-3.49E-04,-3.51E-04,-3.50E-04,-3.49E-04,-3.49E-04
68,LFP1,38,0,35.65158391,-3.51E-04,-3.53E-04,-3.53E-04,-3.54E-04,-3.54E-04,-3.52E-04,-3.50E-04,-3.46E-04,-3.43E-04,-3.41E-04,-3.39E-04,-3.38E-04,-3.36E-04,-3.35E-04,-3.35E-04,-3.36E-04,-3.38E-04,-3.37E-04,-3.38E-04,-3.39E-04,-3.41E-04,-3.40E-04,-3.31E-04,-3.21E-04,-3.10E-04,-3.02E-04,-2.97E-04,-2.95E-04,-2.96E-04,-3.00E-04,-3.03E-04,-3.05E-04,-3.06E-04,-3.08E-04,-3.10E-04,-3.11E-04,-3.15E-04,-3.20E-04,-3.23E-04,-3.30E-04,-3.40E-04,-3.49E-04,-3.56E-04,-3.61E-04,-3.65E-04,-3.66E-04,-3.67E-04,-3.68E-04,-3.69E-04,-3.72E-04,-3.74E-04,-3.76E-04,-3.75E-04,-3.74E-04,-3.73E-04,-3.72E-04,-3.71E-04,-3.73E-04,-3.74E-04,-3.74E-04,-3.74E-04,-3.75E-04,-3.76E-04,-3.77E-04,-3.77E-04,-3.78E-04,-3.80E-04,-3.82E-04,-3.83E-04,-3.85E-04,-3.87E-04,-3.87E-04,-3.88E-04,-3.89E-04,-3.91E-04,-3.93E-04,-3.93E-04,-3.93E-04,-3.93E-04,-3.93E-04,-3.94E-04,-3.94E-04,-3.92E-04,-3.90E-04,-3.89E-04,-3.88E-04,-3.89E-04,-3.88E-04,-3.84E-04,-3.81E-04,-3.81E-04,-3.81E-04,-3.83E-04,-3.84E-04,-3.85E-04,-3.87E-04,-3.88E-04,-3.89E-04,-3.92E-04,-3.94E-04,-3.97E-04,-3.99E-04,-4.01E-04,-4.00E-04,-3.96E-04,-3.90E-04,-3.87E-04,-3.85E-04,-3.83E-04,-3.85E-04,-3.88E-04,-3.89E-04,-3.90E-04,-3.92E-04,-3.94E-04,-3.96E-04,-3.96E-04,-3.95E-04,-3.95E-04,-3.95E-04,-3.97E-04,-3.99E-04,-4.01E-04,-4.02E-04,-4.03E-04,-4.06E-04,-4.07E-04,-4.07E-04,-4.09E-04,-4.12E-04,-4.16E-04,-4.18E-04,-4.18E-04,-4.17E-04,-4.17E-04,-4.19E-04,-4.20E-04,-4.22E-04,-4.25E-04,-4.27E-04,-4.26E-04,-4.24E-04,-4.22E-04,-4.08E-04,-3.78E-04,-3.44E-04,-3.16E-04,-2.98E-04,-2.88E-04,-2.87E-04,-2.92E-04,-3.01E-04,-3.10E-04,-3.19E-04,-3.34E-04,-3.55E-04,-3.76E-04,-3.92E-04,-4.03E-04,-4.12E-04,-4.17E-04,-4.19E-04,-4.20E-04,-4.21E-04,-4.22E-04,-4.23E-04,-4.24E-04,-4.25E-04,-4.25E-04,-4.24E-04,-4.23E-04,-4.25E-04,-4.27E-04,-4.29E-04,-4.31E-04,-4.33E-04,-4.35E-04,-4.36E-04,-4.37E-04,-4.39E-04,-4.41E-04,-4.45E-04,-4.50E-04,-4.55E-04,-4.59E-04,-4.56E-04,-4.49E-04,-4.40E-04,-4.32E-04,-4.27E-04,-4.23E-04,-4.20E-04,-4.18E-04,-4.18E-04,-4.19E-04,-4.21E-04,-4.24E-04,-4.27E-04,-4.30E-04,-4.34E-04,-4.39E-04,-4.43E-04,-4.47E-04,-4.48E-04,-4.47E-04,-4.44E-04,-4.42E-04,-4.40E-04,-4.43E-04,-4.50E-04,-4.58E-04,-4.63E-04,-4.67E-04,-4.71E-04,-4.74E-04,-4.76E-04,-4.74E-04,-4.74E-04,-4.75E-04,-4.76E-04,-4.75E-04,-4.75E-04,-4.76E-04,-4.77E-04,-4.78E-04,-4.81E-04,-4.84E-04,-4.88E-04,-4.91E-04,-4.92E-04,-4.93E-04,-4.94E-04,-4.96E-04,-5.00E-04,-5.05E-04,-5.10E-04,-5.15E-04,-5.19E-04,-5.22E-04,-5.26E-04,-5.30E-04,-5.34E-04,-5.37E-04,-5.38E-04,-5.39E-04,-5.42E-04,-5.45E-04,-5.48E-04,-5.53E-04,-5.57E-04,-5.61E-04,-5.66E-04,-5.68E-04,-5.68E-04,-5.66E-04,-5.62E-04
69,LFP1,38,0,35.73547006,-5.58E-04,-5.56E-04,-5.53E-04,-5.51E-04,-5.49E-04,-5.48E-04,-5.45E-04,-5.43E-04,-5.41E-04,-5.39E-04,-5.38E-04,-5.37E-04,-5.35E-04,-5.34E-04,-5.33E-04,-5.31E-04,-5.30E-04,-5.27E-04,-5.20E-04,-5.12E-04,-5.08E-04,-5.07E-04,-5.06E-04,-5.06E-04,-5.06E-04,-5.06E-04,-5.05E-04,-5.04E-04,-5.02E-04,-5.01E-04,-4.99E-04,-4.98E-04,-4.99E-04,-4.98E-04,-5.00E-04,-5.03E-04,-5.05E-04,-5.04E-04,-5.02E-04,-5.00E-04,-4.99E-04,-4.97E-04,-4.97E-04,-4.99E-04,-5.02E-04,-5.07E-04,-5.09E-04,-5.10E-04,-5.10E-04,-5.09E-04,-5.07E-04,-5.03E-04,-4.99E-04,-4.95E-04,-4.93E-04,-4.92E-04,-4.90E-04,-4.88E-04,-4.88E-04,-4.88E-04,-4.87E-04,-4.84E-04,-4.81E-04,-4.79E-04,-4.78E-04,-4.77E-04,-4.76E-04,-4.77E-04,-4.77E-04,-4.75E-04,-4.70E-04,-4.67E-04,-4.65E-04,-4.62E-04,-4.59E-04,-4.58E-04,-4.59E-04,-4.59E-04,-4.61E-04,-4.63E-04,-4.67E-04,-4.69E-04,-4.72E-04,-4.73E-04,-4.73E-04,-4.71E-04,-4.69E-04,-4.67E-04,-4.67E-04,-4.64E-04,-4.58E-04,-4.55E-04,-4.53E-04,-4.52E-04,-4.53E-04,-4.54E-04,-4.55E-04,-4.56E-04,-4.57E-04,-4.58E-04,-4.57E-04,-4.58E-04,-4.57E-04,-4.55E-04,-4.54E-04,-4.53E-04,-4.52E-04,-4.52E-04,-4.49E-04,-4.42E-04,-4.35E-04,-4.24E-04,-4.10E-04,-3.99E-04,-3.90E-04,-3.83E-04,-3.79E-04,-3.79E-04,-3.80E-04,-3.80E-04,-3.80E-04,-3.82E-04,-3.83E-04,-3.87E-04,-3.90E-04,-3.93E-04,-3.95E-04,-3.96E-04,-3.98E-04,-4.03E-04,-4.08E-04,-4.16E-04,-4.22E-04,-4.26E-04,-4.29E-04,-4.30E-04,-4.30E-04,-4.30E-04,-4.35E-04,-4.42E-04,-4.49E-04,-4.56E-04,-4.58E-04,-4.60E-04,-4.61E-04,-4.61E-04,-4.58E-04,-4.57E-04,-4.56E-04,-4.58E-04,-4.59E-04,-4.61E-04,-4.63E-04,-4.62E-04,-4.61E-04,-4.61E-04,-4.60E-04,-4.58E-04,-4.56E-04,-4.54E-04,-4.54E-04,-4.55E-04,-4.58E-04,-4.60E-04,-4.61E-04,-4.62E-04,-4.62E-04,-4.62E-04,-4.61E-04,-4.62E-04,-4.63E-04,-4.62E-04,-4.64E-04,-4.64E-04,-4.64E-04,-4.65E-04,-4.67E-04,-4.68E-04,-4.69E-04,-4.69E-04,-4.70E-04,-4.72E-04,-4.74E-04,-4.76E-04,-4.77E-04,-4.76E-04,-4.73E-04,-4.71E-04,-4.69E-04,-4.69E-04,-4.71E-04,-4.70E-04,-4.70E-04,-4.69E-04,-4.67E-04,-4.68E-04,-4.68E-04,-4.68E-04,-4.68E-04,-4.67E-04,-4.66E-04,-4.65E-04,-4.64E-04,-4.66E-04,-4.67E-04,-4.68E-04,-4.69E-04,-4.71E-04,-4.73E-04,-4.76E-04,-4.80E-04,-4.82E-04,-4.85E-04,-4.85E-04,-4.85E-04,-4.83E-04,-4.84E-04,-4.85E-04,-4.87E-04,-4.93E-04,-4.98E-04,-5.01E-04,-5.03E-04,-5.02E-04,-5.00E-04,-5.00E-04,-5.01E-04,-5.03E-04,-5.05E-04,-5.06E-04,-5.08E-04,-5.12E-04,-5.17E-04,-5.20E-04,-5.21E-04,-5.22E-04,-5.21E-04,-5.21E-04,-5.22E-04,-5.21E-04,-5.21E-04,-5.22E-04,-5.23E-04,-5.23E-04,-5.24E-04,-5.26E-04,-5.27E-04,-5.29E-04,-5.31E-04,-5.32E-04,-5.34E-04,-5.33E-04,-5.32E-04,-5.30E-04,-5.28E-04,-5.27E-04
70,LFP1,38,0,35.8193562,-5.30E-04,-5.33E-04,-5.36E-04,-5.36E-04,-5.37E-04,-5.36E-04,-5.37E-04,-5.33E-04,-5.23E-04,-5.10E-04,-4.99E-04,-4.94E-04,-4.91E-04,-4.92E-04,-4.94E-04,-4.97E-04,-4.98E-04,-4.99E-04,-4.99E-04,-4.99E-04,-4.99E-04,-4.99E-04,-4.99E-04,-5.01E-04,-5.03E-04,-5.04E-04,-5.07E-04,-5.14E-04,-5.23E-04,-5.32E-04,-5.38E-04,-5.43E-04,-5.47E-04,-5.52E-04,-5.57E-04,-5.61E-04,-5.65E-04,-5.69E-04,-5.71E-04,-5.70E-04,-5.69E-04,-5.68E-04,-5.67E-04,-5.67E-04,-5.70E-04,-5.74E-04,-5.77E-04,-5.81E-04,-5.82E-04,-5.83E-04,-5.85E-04,-5.86E-04,-5.89E-04,-5.91E-04,-5.95E-04,-5.97E-04,-5.98E-04,-6.00E-04,-5.99E-04,-5.98E-04,-5.96E-04,-5.96E-04,-5.98E-04,-6.02E-04,-6.05E-04,-6.08E-04,-6.09E-04,-6.10E-04,-6.08E-04,-6.06E-04,-6.05E-04,-6.00E-04,-5.93E-04,-5.87E-04,-5.85E-04,-5.84E-04,-5.82E-04,-5.81E-04,-5.81E-04,-5.79E-04,-5.78E-04,-5.77E-04,-5.76E-04,-5.74E-04,-5.71E-04,-5.69E-04,-5.68E-04,-5.65E-04,-5.61E-04,-5.57E-04,-5.56E-04,-5.57E-04,-5.59E-04,-5.62E-04,-5.65E-04,-5.67E-04,-5.69E-04,-5.71E-04,-5.74E-04,-5.76E-04,-5.78E-04,-5.81E-04,-5.82E-04,-5.81E-04,-5.81E-04,-5.83E-04,-5.85E-04,-5.87E-04,-5.88E-04,-5.90E-04,-5.91E-04,-5.95E-04,-5.99E-04,-6.03E-04,-6.10E-04,-6.16E-04,-6.19E-04,-6.22E-04,-6.25E-04,-6.27E-04,-6.28E-04,-6.29E-04,-6.28E-04,-6.28E-04,-6.26E-04,-6.24E-04,-6.23E-04,-6.24E-04,-6.25E-04,-6.25E-04,-6.22E-04,-6.18E-04,-6.13E-04,-6.09E-04,-6.08E-04,-6.10E-04,-6.10E-04,-6.10E-04,-6.12E-04,-6.12E-04,-6.12E-04,-6.13E-04,-6.15E-04,-6.16E-04,-6.17E-04,-6.19E-04,-6.23E-04,-6.25E-04,-6.25E-04,-6.25E-04,-6.27E-04,-6.29E-04,-6.31E-04,-6.30E-04,-6.29E-04,-6.29E-04,-6.33E-04,-6.37E-04,-6.42E-04,-6.47E-04,-6.51E-04,-6.54E-04,-6.56E-04,-6.58E-04,-6.58E-04,-6.59E-04,-6.62E-04,-6.66E-04,-6.66E-04,-6.60E-04,-6.49E-04,-6.37E-04,-6.28E-04,-6.25E-04,-6.25E-04,-6.28E-04,-6.31E-04,-6.37E-04,-6.41E-04,-6.43E-04,-6.45E-04,-6.49E-04,-6.54E-04,-6.58E-04,-6.60E-04,-6.63E-04,-6.65E-04,-6.65E-04,-6.64E-04,-6.63E-04,-6.62E-04,-6.62E-04,-6.62E-04,-6.67E-04,-6.75E-04,-6.86E-04,-6.96E-04,-7.05E-04,-7.12E-04,-7.15E-04,-7.15E-04,-7.15E-04,-7.15E-04,-7.17E-04,-7.17E-04,-7.16E-04,-7.16E-04,-7.18E-04,-7.20E-04,-7.22E-04,-7.25E-04,-7.27E-04,-7.27E-04,-7.27E-04,-7.30E-04,-7.33E-04,-7.37E-04,-7.41E-04,-7.45E-04,-7.49E-04,-7.52E-04,-7.54E-04,-7.54E-04,-7.56E-04,-7.58E-04,-7.60E-04,-7.63E-04,-7.67E-04,-7.70E-04,-7.73E-04,-7.76E-04,-7.79E-04,-7.82E-04,-7.84E-04,-7.85E-04,-7.85E-04,-7.88E-04,-7.90E-04,-7.91E-04,-7.88E-04,-7.86E-04,-7.85E-04,-7.83E-04,-7.85E-04,-7.88E-04,-7.92E-04,-7.96E-04,-7.97E-04,-7.97E-04,-7.98E-04,-7.99E-04,-8.01E-04,-8.03E-04,-8.03E-04,-8.03E-04,-8.04E-04
71,LFP1,38,0,35.90324235,-8.05E-04,-8.04E-04,-8.00E-04,-7.96E-04,-7.97E-04,-7.98E-04,-8.01E-04,-8.05E-04,-8.10E-04,-8.15E-04,-8.17E-04,-8.19E-04,-8.20E-04,-8.23E-04,-8.26E-04,-8.31E-04,-8.36E-04,-8.37E-04,-8.40E-04,-8.42E-04,-8.46E-04,-8.49E-04,-8.52E-04,-8.53E-04,-8.53E-04,-8.53E-04,-8.55E-04,-8.56E-04,-8.56E-04,-8.59E-04,-8.60E-04,-8.61E-04,-8.62E-04,-8.64E-04,-8.65E-04,-8.68E-04,-8.69E-04,-8.71E-04,-8.73E-04,-8.71E-04,-8.68E-04,-8.67E-04,-8.69E-04,-8.72E-04,-8.76E-04,-8.78E-04,-8.79E-04,-8.80E-04,-8.80E-04,-8.80E-04,-8.79E-04,-8.78E-04,-8.78E-04,-8.76E-04,-8.64E-04,-8.46E-04,-8.31E-04,-8.20E-04,-8.13E-04,-8.09E-04,-8.10E-04,-8.13E-04,-8.18E-04,-8.22E-04,-8.30E-04,-8.43E-04,-8.43E-04,-8.25E-04,-8.01E-04,-7.79E-04,-7.67E-04,-7.65E-04,-7.69E-04,-7.75E-04,-7.83E-04,-7.92E-04,-8.02E-04,-8.14E-04,-8.32E-04,-8.56E-04,-8.79E-04,-8.97E-04,-9.10E-04,-9.19E-04,-9.21E-04,-9.21E-04,-9.20E-04,-9.18E-04,-9.17E-04,-9.18E-04,-9.17E-04,-9.16E-04,-9.16E-04,-9.16E-04,-9.15E-04,-9.14E-04,-9.15E-04,-9.15E-04,-9.15E-04,-9.18E-04,-9.23E-04,-9.28E-04,-9.33E-04,-9.37E-04,-9.41E-04,-9.47E-04,-9.52E-04,-9.55E-04,-9.58E-04,-9.63E-04,-9.70E-04,-9.75E-04,-9.79E-04,-9.84E-04,-9.86E-04,-9.87E-04,-9.88E-04,-9.89E-04,-9.91E-04,-9.93E-04,-9.95E-04,-9.97E-04,-1.00E-03,-1.01E-03,-1.01E-03,-1.01E-03,-1.02E-03,-1.02E-03,-1.02E-03,-1.02E-03,-1.02E-03,-1.02E-03,-1.02E-03,-1.02E-03,-1.02E-03,-1.02E-03,-1.02E-03,-1.02E-03,-1.03E-03,-1.03E-03,-1.03E-03,-1.03E-03,-1.03E-03,-1.03E-03,-1.03E-03,-1.04E-03,-1.04E-03,-1.05E-03,-1.05E-03,-1.06E-03,-1.06E-03,-1.06E-03,-1.06E-03,-1.07E-03,-1.07E-03,-1.08E-03,-1.08E-03,-1.09E-03,-1.09E-03,-1.10E-03,-1.11E-03,-1.11E-03,-1.12E-03,-1.12E-03,-1.12E-03,-1.13E-03,-1.13E-03,-1.13E-03,-1.14E-03,-1.14E-03,-1.14E-03,-1.15E-03,-1.15E-03,-1.15E-03,-1.14E-03,-1.14E-03,-1.15E-03,-1.15E-03,-1.16E-03,-1.16E-03,-1.16E-03,-1.16E-03,-1.16E-03,-1.16E-03,-1.16E-03,-1.16E-03,-1.16E-03,-1.16E-03,-1.16E-03,-1.16E-03,-1.17E-03,-1.17E-03,-1.17E-03,-1.17E-03,-1.18E-03,-1.18E-03,-1.18E-03,-1.18E-03,-1.18E-03,-1.18E-03,-1.18E-03,-1.18E-03,-1.17E-03,-1.17E-03,-1.17E-03,-1.18E-03,-1.17E-03,-1.15E-03,-1.14E-03,-1.12E-03,-1.12E-03,-1.11E-03,-1.11E-03,-1.11E-03,-1.12E-03,-1.12E-03,-1.13E-03,-1.13E-03,-1.13E-03,-1.14E-03,-1.16E-03,-1.17E-03,-1.18E-03,-1.19E-03,-1.19E-03,-1.19E-03,-1.19E-03,-1.19E-03,-1.19E-03,-1.19E-03,-1.19E-03,-1.19E-03,-1.18E-03,-1.18E-03,-1.18E-03,-1.18E-03,-1.17E-03,-1.17E-03,-1.17E-03,-1.17E-03,-1.17E-03,-1.17E-03,-1.17E-03,-1.17E-03,-1.16E-03,-1.17E-03,-1.17E-03,-1.17E-03,-1.18E-03,-1.18E-03,-1.18E-03,-1.18E-03,-1.18E-03,-1.18E-03,-1.18E-03,-1.18E-03
72,LFP1,38,0,35.98712826,-1.18E-03,-1.19E-03,-1.19E-03,-1.19E-03,-1.19E-03,-1.19E-03,-1.19E-03,-1.19E-03,-1.19E-03,-1.19E-03,-1.20E-03,-1.20E-03,-1.20E-03,-1.20E-03,-1.20E-03,-1.21E-03,-1.21E-03,-1.20E-03,-1.20E-03,-1.20E-03,-1.20E-03,-1.20E-03,-1.20E-03,-1.20E-03,-1.20E-03,-1.20E-03,-1.20E-03,-1.20E-03,-1.19E-03,-1.19E-03,-1.19E-03,-1.18E-03,-1.18E-03,-1.18E-03,-1.18E-03,-1.18E-03,-1.18E-03,-1.18E-03,-1.19E-03,-1.19E-03,-1.19E-03,-1.20E-03,-1.20E-03,-1.20E-03,-1.20E-03,-1.20E-03,-1.20E-03,-1.20E-03,-1.20E-03,-1.20E-03,-1.20E-03,-1.20E-03,-1.20E-03,-1.20E-03,-1.20E-03,-1.20E-03,-1.20E-03,-1.20E-03,-1.20E-03,-1.20E-03,-1.20E-03,-1.20E-03,-1.20E-03,-1.19E-03,-1.19E-03,-1.19E-03,-1.19E-03,-1.19E-03,-1.19E-03,-1.19E-03,-1.19E-03,-1.18E-03,-1.18E-03,-1.18E-03,-1.18E-03,-1.18E-03,-1.18E-03,-1.18E-03,-1.18E-03,-1.18E-03,-1.18E-03,-1.17E-03,-1.17E-03,-1.16E-03,-1.16E-03,-1.15E-03,-1.15E-03,-1.15E-03,-1.15E-03,-1.15E-03,-1.15E-03,-1.15E-03,-1.16E-03,-1.16E-03,-1.16E-03,-1.15E-03,-1.15E-03,-1.15E-03,-1.14E-03,-1.14E-03,-1.13E-03,-1.11E-03,-1.09E-03,-1.08E-03,-1.07E-03,-1.07E-03,-1.07E-03,-1.07E-03,-1.07E-03,-1.08E-03,-1.08E-03,-1.09E-03,-1.11E-03,-1.12E-03,-1.14E-03,-1.14E-03,-1.14E-03,-1.14E-03,-1.14E-03,-1.14E-03,-1.14E-03,-1.14E-03,-1.14E-03,-1.14E-03,-1.14E-03,-1.14E-03,-1.14E-03,-1.14E-03,-1.14E-03,-1.14E-03,-1.13E-03,-1.13E-03,-1.13E-03,-1.13E-03,-1.14E-03,-1.14E-03,-1.14E-03,-1.14E-03,-1.14E-03,-1.14E-03,-1.14E-03,-1.15E-03,-1.15E-03,-1.16E-03,-1.16E-03,-1.16E-03,-1.16E-03,-1.16E-03,-1.16E-03,-1.17E-03,-1.17E-03,-1.17E-03,-1.18E-03,-1.18E-03,-1.18E-03,-1.18E-03,-1.18E-03,-1.18E-03,-1.18E-03,-1.18E-03,-1.18E-03,-1.18E-03,-1.18E-03,-1.18E-03,-1.18E-03,-1.18E-03,-1.18E-03,-1.18E-03,-1.17E-03,-1.17E-03,-1.17E-03,-1.17E-03,-1.17E-03,-1.17E-03,-1.17E-03,-1.16E-03,-1.16E-03,-1.16E-03,-1.16E-03,-1.16E-03,-1.16E-03,-1.16E-03,-1.16E-03,-1.16E-03,-1.16E-03,-1.15E-03,-1.15E-03,-1.15E-03,-1.15E-03,-1.15E-03,-1.15E-03,-1.15E-03,-1.15E-03,-1.15E-03,-1.15E-03,-1.16E-03,-1.16E-03,-1.16E-03,-1.16E-03,-1.16E-03,-1.16E-03,-1.16E-03,-1.16E-03,-1.16E-03,-1.16E-03,-1.16E-03,-1.16E-03,-1.16E-03,-1.16E-03,-1.16E-03,-1.16E-03,-1.15E-03,-1.15E-03,-1.13E-03,-1.11E-03,-1.10E-03,-1.09E-03,-1.08E-03,-1.08E-03,-1.09E-03,-1.10E-03,-1.12E-03,-1.13E-03,-1.13E-03,-1.13E-03,-1.13E-03,-1.13E-03,-1.13E-03,-1.13E-03,-1.13E-03,-1.13E-03,-1.13E-03,-1.13E-03,-1.13E-03,-1.13E-03,-1.12E-03,-1.12E-03,-1.12E-03,-1.13E-03,-1.13E-03,-1.13E-03,-1.13E-03,-1.14E-03,-1.14E-03,-1.14E-03,-1.15E-03,-1.15E-03,-1.15E-03,-1.15E-03,-1.15E-03,-1.16E-03,-1.16E-03,-1.16E-03,-1.16E-03,-1.16E-03,-1.16E-03
73,LFP1,38,0,36.0710144,-1.17E-03,-1.17E-03,-1.17E-03,-1.17E-03,-1.17E-03,-1.18E-03,-1.17E-03,-1.17E-03,-1.17E-03,-1.17E-03,-1.18E-03,-1.18E-03,-1.18E-03,-1.18E-03,-1.18E-03,-1.18E-03,-1.18E-03,-1.18E-03,-1.18E-03,-1.18E-03,-1.18E-03,-1.18E-03,-1.18E-03,-1.18E-03,-1.18E-03,-1.17E-03,-1.17E-03,-1.17E-03,-1.17E-03,-1.17E-03,-1.17E-03,-1.17E-03,-1.17E-03,-1.16E-03,-1.16E-03,-1.16E-03,-1.16E-03,-1.16E-03,-1.16E-03,-1.16E-03,-1.16E-03,-1.17E-03,-1.17E-03,-1.17E-03,-1.17E-03,-1.17E-03,-1.18E-03,-1.18E-03,-1.18E-03,-1.18E-03,-1.18E-03,-1.18E-03,-1.18E-03,-1.18E-03,-1.18E-03,-1.18E-03,-1.18E-03,-1.18E-03,-1.18E-03,-1.17E-03,-1.17E-03,-1.17E-03,-1.18E-03,-1.18E-03,-1.18E-03,-1.19E-03,-1.19E-03,-1.19E-03,-1.19E-03,-1.20E-03,-1.20E-03,-1.20E-03,-1.19E-03,-1.17E-03,-1.16E-03,-1.15E-03,-1.14E-03,-1.14E-03,-1.14E-03,-1.14E-03,-1.15E-03,-1.16E-03,-1.17E-03,-1.18E-03,-1.19E-03,-1.19E-03,-1.19E-03,-1.20E-03,-1.20E-03,-1.21E-03,-1.21E-03,-1.21E-03,-1.22E-03,-1.22E-03,-1.22E-03,-1.22E-03,-1.22E-03,-1.22E-03,-1.22E-03,-1.23E-03,-1.23E-03,-1.23E-03,-1.23E-03,-1.23E-03,-1.24E-03,-1.24E-03,-1.24E-03,-1.24E-03,-1.24E-03,-1.24E-03,-1.24E-03,-1.24E-03,-1.21E-03,-1.18E-03,-1.14E-03,-1.11E-03,-1.09E-03,-1.08E-03,-1.07E-03,-1.08E-03,-1.08E-03,-1.08E-03,-1.10E-03,-1.12E-03,-1.14E-03,-1.16E-03,-1.17E-03,-1.18E-03,-1.18E-03,-1.18E-03,-1.18E-03,-1.17E-03,-1.17E-03,-1.17E-03,-1.16E-03,-1.15E-03,-1.14E-03,-1.13E-03,-1.13E-03,-1.13E-03,-1.14E-03,-1.14E-03,-1.14E-03,-1.14E-03,-1.14E-03,-1.14E-03,-1.14E-03,-1.14E-03,-1.13E-03,-1.13E-03,-1.13E-03,-1.13E-03,-1.13E-03,-1.13E-03,-1.13E-03,-1.13E-03,-1.13E-03,-1.14E-03,-1.14E-03,-1.15E-03,-1.15E-03,-1.16E-03,-1.16E-03,-1.16E-03,-1.17E-03,-1.17E-03,-1.17E-03,-1.17E-03,-1.17E-03,-1.17E-03,-1.18E-03,-1.18E-03,-1.18E-03,-1.19E-03,-1.19E-03,-1.19E-03,-1.19E-03,-1.18E-03,-1.18E-03,-1.18E-03,-1.18E-03,-1.18E-03,-1.17E-03,-1.17E-03,-1.17E-03,-1.17E-03,-1.16E-03,-1.16E-03,-1.16E-03,-1.16E-03,-1.17E-03,-1.17E-03,-1.17E-03,-1.16E-03,-1.14E-03,-1.12E-03,-1.11E-03,-1.10E-03,-1.10E-03,-1.09E-03,-1.10E-03,-1.11E-03,-1.12E-03,-1.14E-03,-1.15E-03,-1.16E-03,-1.16E-03,-1.16E-03,-1.17E-03,-1.17E-03,-1.17E-03,-1.18E-03,-1.18E-03,-1.19E-03,-1.19E-03,-1.19E-03,-1.19E-03,-1.19E-03,-1.19E-03,-1.19E-03,-1.19E-03,-1.19E-03,-1.19E-03,-1.19E-03,-1.19E-03,-1.19E-03,-1.19E-03,-1.19E-03,-1.18E-03,-1.18E-03,-1.18E-03,-1.18E-03,-1.18E-03,-1.17E-03,-1.17E-03,-1.17E-03,-1.17E-03,-1.17E-03,-1.16E-03,-1.16E-03,-1.16E-03,-1.15E-03,-1.15E-03,-1.15E-03,-1.15E-03,-1.15E-03,-1.15E-03,-1.15E-03,-1.15E-03,-1.15E-03,-1.14E-03,-1.14E-03,-1.13E-03,-1.13E-03,-1.12E-03,-1.12E-03
74,LFP1,38,0,36.15490055,-1.12E-03,-1.12E-03,-1.12E-03,-1.12E-03,-1.12E-03,-1.11E-03,-1.11E-03,-1.11E-03,-1.11E-03,-1.11E-03,-1.11E-03,-1.11E-03,-1.11E-03,-1.11E-03,-1.11E-03,-1.11E-03,-1.11E-03,-1.11E-03,-1.11E-03,-1.10E-03,-1.10E-03,-1.10E-03,-1.10E-03,-1.10E-03,-1.10E-03,-1.10E-03,-1.10E-03,-1.10E-03,-1.09E-03,-1.09E-03,-1.09E-03,-1.09E-03,-1.08E-03,-1.08E-03,-1.08E-03,-1.08E-03,-1.08E-03,-1.08E-03,-1.07E-03,-1.07E-03,-1.07E-03,-1.07E-03,-1.07E-03,-1.07E-03,-1.07E-03,-1.07E-03,-1.06E-03,-1.06E-03,-1.06E-03,-1.06E-03,-1.06E-03,-1.06E-03,-1.06E-03,-1.05E-03,-1.05E-03,-1.05E-03,-1.05E-03,-1.05E-03,-1.04E-03,-1.02E-03,-9.99E-04,-9.84E-04,-9.73E-04,-9.68E-04,-9.65E-04,-9.63E-04,-9.69E-04,-9.78E-04,-9.87E-04,-9.95E-04,-1.00E-03,-1.00E-03,-1.01E-03,-1.00E-03,-1.00E-03,-1.00E-03,-1.00E-03,-1.00E-03,-9.97E-04,-9.93E-04,-9.91E-04,-9.89E-04,-9.88E-04,-9.85E-04,-9.81E-04,-9.78E-04,-9.77E-04,-9.75E-04,-9.74E-04,-9.73E-04,-9.72E-04,-9.70E-04,-9.67E-04,-9.63E-04,-9.59E-04,-9.55E-04,-9.50E-04,-9.47E-04,-9.46E-04,-9.46E-04,-9.48E-04,-9.48E-04,-9.48E-04,-9.46E-04,-9.43E-04,-9.40E-04,-9.39E-04,-9.37E-04,-9.32E-04,-9.29E-04,-9.26E-04,-9.24E-04,-9.21E-04,-9.18E-04,-9.14E-04,-9.09E-04,-9.03E-04,-8.96E-04,-8.92E-04,-8.92E-04,-8.94E-04,-8.94E-04,-8.92E-04,-8.88E-04,-8.84E-04,-8.81E-04,-8.77E-04,-8.71E-04,-8.64E-04,-8.59E-04,-8.54E-04,-8.47E-04,-8.41E-04,-8.37E-04,-8.34E-04,-8.32E-04,-8.29E-04,-8.26E-04,-8.21E-04,-8.18E-04,-8.14E-04,-8.10E-04,-8.08E-04,-8.05E-04,-8.05E-04,-8.06E-04,-8.07E-04,-8.08E-04,-8.09E-04,-8.07E-04,-8.05E-04,-8.04E-04,-8.01E-04,-7.99E-04,-7.95E-04,-7.91E-04,-7.88E-04,-7.85E-04,-7.83E-04,-7.81E-04,-7.79E-04,-7.78E-04,-7.77E-04,-7.78E-04,-7.77E-04,-7.75E-04,-7.69E-04,-7.52E-04,-7.30E-04,-7.11E-04,-6.96E-04,-6.87E-04,-6.80E-04,-6.78E-04,-6.83E-04,-6.95E-04,-7.05E-04,-7.11E-04,-7.14E-04,-7.14E-04,-7.14E-04,-7.10E-04,-7.07E-04,-7.05E-04,-7.01E-04,-6.98E-04,-6.93E-04,-6.88E-04,-6.85E-04,-6.82E-04,-6.76E-04,-6.71E-04,-6.70E-04,-6.68E-04,-6.65E-04,-6.62E-04,-6.59E-04,-6.54E-04,-6.49E-04,-6.45E-04,-6.41E-04,-6.39E-04,-6.38E-04,-6.39E-04,-6.38E-04,-6.38E-04,-6.36E-04,-6.38E-04,-6.40E-04,-6.43E-04,-6.45E-04,-6.44E-04,-6.43E-04,-6.40E-04,-6.38E-04,-6.37E-04,-6.35E-04,-6.33E-04,-6.32E-04,-6.34E-04,-6.34E-04,-6.32E-04,-6.28E-04,-6.27E-04,-6.27E-04,-6.26E-04,-6.23E-04,-6.21E-04,-6.20E-04,-6.17E-04,-6.14E-04,-6.11E-04,-6.06E-04,-6.00E-04,-5.92E-04,-5.85E-04,-5.82E-04,-5.81E-04,-5.82E-04,-5.84E-04,-5.86E-04,-5.86E-04,-5.84E-04,-5.81E-04,-5.78E-04,-5.75E-04,-5.74E-04,-5.69E-04,-5.65E-04,-5.62E-04,-5.59E-04,-5.58E-04,-5.56E-04,-5.55E-04,-5.53E-04,-5.49E-04
75,LFP1,38,0,36.23878646,-5.47E-04,-5.46E-04,-5.45E-04,-5.44E-04,-5.44E-04,-5.44E-04,-5.44E-04,-5.45E-04,-5.43E-04,-5.40E-04,-5.37E-04,-5.36E-04,-5.34E-04,-5.32E-04,-5.32E-04,-5.33E-04,-5.33E-04,-5.32E-04,-5.29E-04,-5.23E-04,-5.07E-04,-4.86E-04,-4.66E-04,-4.49E-04,-4.36E-04,-4.26E-04,-4.21E-04,-4.20E-04,-4.26E-04,-4.36E-04,-4.46E-04,-4.54E-04,-4.60E-04,-4.63E-04,-4.66E-04,-4.70E-04,-4.71E-04,-4.68E-04,-4.64E-04,-4.60E-04,-4.56E-04,-4.54E-04,-4.52E-04,-4.51E-04,-4.48E-04,-4.44E-04,-4.41E-04,-4.40E-04,-4.40E-04,-4.36E-04,-4.31E-04,-4.29E-04,-4.28E-04,-4.31E-04,-4.33E-04,-4.35E-04,-4.36E-04,-4.34E-04,-4.31E-04,-4.31E-04,-4.32E-04,-4.35E-04,-4.37E-04,-4.37E-04,-4.38E-04,-4.40E-04,-4.41E-04,-4.41E-04,-4.39E-04,-4.39E-04,-4.39E-04,-4.38E-04,-4.36E-04,-4.33E-04,-4.32E-04,-4.31E-04,-4.29E-04,-4.27E-04,-4.26E-04,-4.23E-04,-4.20E-04,-4.16E-04,-4.12E-04,-4.09E-04,-4.08E-04,-4.08E-04,-4.08E-04,-4.10E-04,-4.11E-04,-4.11E-04,-4.10E-04,-4.08E-04,-4.05E-04,-4.03E-04,-4.00E-04,-3.97E-04,-3.95E-04,-3.93E-04,-3.92E-04,-3.90E-04,-3.88E-04,-3.86E-04,-3.85E-04,-3.82E-04,-3.79E-04,-3.78E-04,-3.77E-04,-3.77E-04,-3.77E-04,-3.77E-04,-3.76E-04,-3.75E-04,-3.75E-04,-3.73E-04,-3.71E-04,-3.70E-04,-3.69E-04,-3.69E-04,-3.68E-04,-3.68E-04,-3.67E-04,-3.65E-04,-3.63E-04,-3.59E-04,-3.54E-04,-3.50E-04,-3.47E-04,-3.46E-04,-3.45E-04,-3.43E-04,-3.32E-04,-3.14E-04,-2.95E-04,-2.80E-04,-2.72E-04,-2.71E-04,-2.72E-04,-2.79E-04,-2.92E-04,-3.06E-04,-3.18E-04,-3.24E-04,-3.24E-04,-3.21E-04,-3.20E-04,-3.19E-04,-3.16E-04,-3.13E-04,-3.11E-04,-3.13E-04,-3.16E-04,-3.17E-04,-3.16E-04,-3.14E-04,-3.14E-04,-3.13E-04,-3.12E-04,-3.12E-04,-3.10E-04,-3.09E-04,-3.06E-04,-3.04E-04,-3.04E-04,-3.04E-04,-3.04E-04,-3.03E-04,-3.01E-04,-2.99E-04,-2.99E-04,-3.01E-04,-3.01E-04,-3.02E-04,-3.00E-04,-2.98E-04,-2.95E-04,-2.95E-04,-2.96E-04,-2.98E-04,-2.99E-04,-2.99E-04,-2.97E-04,-2.97E-04,-2.96E-04,-2.95E-04,-2.93E-04,-2.91E-04,-2.89E-04,-2.89E-04,-2.90E-04,-2.90E-04,-2.89E-04,-2.90E-04,-2.91E-04,-2.90E-04,-2.88E-04,-2.85E-04,-2.83E-04,-2.81E-04,-2.79E-04,-2.80E-04,-2.81E-04,-2.85E-04,-2.88E-04,-2.92E-04,-2.95E-04,-2.95E-04,-2.92E-04,-2.88E-04,-2.85E-04,-2.85E-04,-2.87E-04,-2.88E-04,-2.88E-04,-2.87E-04,-2.86E-04,-2.84E-04,-2.82E-04,-2.84E-04,-2.85E-04,-2.89E-04,-2.91E-04,-2.91E-04,-2.92E-04,-2.93E-04,-2.94E-04,-2.96E-04,-2.96E-04,-2.95E-04,-2.89E-04,-2.74E-04,-2.56E-04,-2.40E-04,-2.30E-04,-2.24E-04,-2.29E-04,-2.39E-04,-2.50E-04,-2.62E-04,-2.70E-04,-2.75E-04,-2.78E-04,-2.81E-04,-2.80E-04,-2.78E-04,-2.75E-04,-2.76E-04,-2.77E-04,-2.78E-04,-2.78E-04,-2.79E-04,-2.79E-04,-2.79E-04,-2.78E-04,-2.74E-04,-2.71E-04,-2.67E-04
76,LFP1,38,0,36.32267261,-2.67E-04,-2.68E-04,-2.67E-04,-2.65E-04,-2.63E-04,-2.61E-04,-2.61E-04,-2.60E-04,-2.61E-04,-2.61E-04,-2.59E-04,-2.57E-04,-2.56E-04,-2.55E-04,-2.56E-04,-2.56E-04,-2.57E-04,-2.57E-04,-2.57E-04,-2.58E-04,-2.58E-04,-2.57E-04,-2.55E-04,-2.56E-04,-2.56E-04,-2.54E-04,-2.52E-04,-2.51E-04,-2.51E-04,-2.50E-04,-2.48E-04,-2.46E-04,-2.44E-04,-2.44E-04,-2.43E-04,-2.43E-04,-2.41E-04,-2.39E-04,-2.39E-04,-2.40E-04,-2.39E-04,-2.38E-04,-2.35E-04,-2.30E-04,-2.27E-04,-2.25E-04,-2.21E-04,-2.18E-04,-2.17E-04,-2.17E-04,-2.18E-04,-2.17E-04,-2.16E-04,-2.17E-04,-2.21E-04,-2.25E-04,-2.27E-04,-2.27E-04,-2.26E-04,-2.26E-04,-2.26E-04,-2.28E-04,-2.29E-04,-2.30E-04,-2.30E-04,-2.30E-04,-2.31E-04,-2.32E-04,-2.33E-04,-2.34E-04,-2.34E-04,-2.36E-04,-2.35E-04,-2.34E-04,-2.31E-04,-2.29E-04,-2.27E-04,-2.21E-04,-2.09E-04,-1.93E-04,-1.80E-04,-1.73E-04,-1.67E-04,-1.64E-04,-1.64E-04,-1.71E-04,-1.83E-04,-1.96E-04,-2.06E-04,-2.13E-04,-2.18E-04,-2.21E-04,-2.22E-04,-2.23E-04,-2.23E-04,-2.22E-04,-2.20E-04,-2.17E-04,-2.15E-04,-2.13E-04,-2.13E-04,-2.14E-04,-2.14E-04,-2.15E-04,-2.16E-04,-2.19E-04,-2.19E-04,-2.18E-04,-2.18E-04,-2.18E-04,-2.21E-04,-2.24E-04,-2.25E-04,-2.29E-04,-2.32E-04,-2.32E-04,-2.31E-04,-2.31E-04,-2.33E-04,-2.35E-04,-2.36E-04,-2.37E-04,-2.40E-04,-2.41E-04,-2.41E-04,-2.40E-04,-2.42E-04,-2.45E-04,-2.46E-04,-2.46E-04,-2.45E-04,-2.44E-04,-2.42E-04,-2.41E-04,-2.42E-04,-2.44E-04,-2.45E-04,-2.46E-04,-2.47E-04,-2.48E-04,-2.49E-04,-2.47E-04,-2.44E-04,-2.41E-04,-2.40E-04,-2.39E-04,-2.38E-04,-2.36E-04,-2.34E-04,-2.32E-04,-2.30E-04,-2.28E-04,-2.24E-04,-2.22E-04,-2.22E-04,-2.22E-04,-2.22E-04,-2.20E-04,-2.17E-04,-2.13E-04,-2.10E-04,-2.09E-04,-2.09E-04,-2.10E-04,-2.12E-04,-2.14E-04,-2.15E-04,-2.16E-04,-2.16E-04,-2.15E-04,-2.15E-04,-2.16E-04,-2.18E-04,-2.20E-04,-2.20E-04,-2.22E-04,-2.23E-04,-2.22E-04,-2.23E-04,-2.17E-04,-2.01E-04,-1.82E-04,-1.66E-04,-1.57E-04,-1.53E-04,-1.54E-04,-1.61E-04,-1.72E-04,-1.85E-04,-1.95E-04,-2.01E-04,-2.06E-04,-2.08E-04,-2.08E-04,-2.09E-04,-2.08E-04,-2.06E-04,-2.04E-04,-2.03E-04,-2.05E-04,-2.06E-04,-2.03E-04,-2.01E-04,-1.99E-04,-1.96E-04,-1.95E-04,-1.98E-04,-2.02E-04,-2.05E-04,-2.06E-04,-2.05E-04,-2.02E-04,-2.01E-04,-2.05E-04,-2.06E-04,-2.08E-04,-2.08E-04,-2.09E-04,-2.09E-04,-2.10E-04,-2.12E-04,-2.13E-04,-2.11E-04,-2.09E-04,-2.09E-04,-2.11E-04,-2.14E-04,-2.17E-04,-2.19E-04,-2.20E-04,-2.22E-04,-2.25E-04,-2.27E-04,-2.25E-04,-2.25E-04,-2.25E-04,-2.27E-04,-2.27E-04,-2.27E-04,-2.28E-04,-2.28E-04,-2.26E-04,-2.25E-04,-2.24E-04,-2.23E-04,-2.22E-04,-2.17E-04,-2.12E-04,-2.10E-04,-2.10E-04,-2.11E-04,-2.13E-04,-2.14E-04,-2.14E-04,-2.15E-04,-2.16E-04
77,LFP1,38,0,36.40655875,-2.19E-04,-2.22E-04,-2.24E-04,-2.27E-04,-2.28E-04,-2.29E-04,-2.32E-04,-2.33E-04,-2.34E-04,-2.33E-04,-2.32E-04,-2.33E-04,-2.33E-04,-2.32E-04,-2.33E-04,-2.36E-04,-2.40E-04,-2.42E-04,-2.42E-04,-2.42E-04,-2.42E-04,-2.43E-04,-2.45E-04,-2.48E-04,-2.49E-04,-2.48E-04,-2.46E-04,-2.45E-04,-2.46E-04,-2.47E-04,-2.47E-04,-2.40E-04,-2.27E-04,-2.15E-04,-2.06E-04,-2.00E-04,-1.97E-04,-1.96E-04,-2.02E-04,-2.12E-04,-2.24E-04,-2.35E-04,-2.43E-04,-2.48E-04,-2.51E-04,-2.54E-04,-2.54E-04,-2.53E-04,-2.50E-04,-2.47E-04,-2.44E-04,-2.41E-04,-2.37E-04,-2.37E-04,-2.38E-04,-2.36E-04,-2.33E-04,-2.32E-04,-2.31E-04,-2.32E-04,-2.33E-04,-2.35E-04,-2.35E-04,-2.30E-04,-2.25E-04,-2.18E-04,-2.14E-04,-2.11E-04,-2.08E-04,-2.04E-04,-2.04E-04,-2.04E-04,-2.04E-04,-2.02E-04,-2.00E-04,-1.97E-04,-1.95E-04,-1.95E-04,-1.92E-04,-1.90E-04,-1.90E-04,-1.91E-04,-1.90E-04,-1.87E-04,-1.82E-04,-1.76E-04,-1.55E-04,-1.18E-04,-8.21E-05,-5.19E-05,-3.17E-05,-2.07E-05,-1.82E-05,-1.84E-05,-2.03E-05,-2.53E-05,-3.16E-05,-3.59E-05,-4.35E-05,-5.83E-05,-7.77E-05,-9.33E-05,-1.03E-04,-1.08E-04,-1.11E-04,-1.11E-04,-1.08E-04,-1.05E-04,-1.03E-04,-9.99E-05,-9.71E-05,-9.53E-05,-9.60E-05,-9.82E-05,-9.89E-05,-9.88E-05,-9.97E-05,-1.01E-04,-1.03E-04,-1.06E-04,-1.07E-04,-1.07E-04,-1.06E-04,-1.05E-04,-1.07E-04,-1.09E-04,-1.11E-04,-1.12E-04,-1.14E-04,-1.16E-04,-1.17E-04,-1.20E-04,-1.23E-04,-1.23E-04,-1.24E-04,-1.24E-04,-1.27E-04,-1.28E-04,-1.28E-04,-1.28E-04,-1.27E-04,-1.22E-04,-1.18E-04,-1.14E-04,-1.09E-04,-1.06E-04,-1.04E-04,-1.04E-04,-1.03E-04,-9.79E-05,-8.93E-05,-7.87E-05,-6.84E-05,-6.25E-05,-5.96E-05,-5.78E-05,-5.77E-05,-5.68E-05,-5.74E-05,-5.44E-05,-4.97E-05,-4.42E-05,-4.13E-05,-3.91E-05,-3.78E-05,-3.80E-05,-3.79E-05,-3.68E-05,-3.56E-05,-3.57E-05,-3.61E-05,-3.66E-05,-3.71E-05,-3.89E-05,-4.06E-05,-4.16E-05,-4.13E-05,-4.07E-05,-4.00E-05,-4.00E-05,-4.09E-05,-4.20E-05,-4.21E-05,-4.39E-05,-4.40E-05,-4.39E-05,-4.37E-05,-4.20E-05,-3.23E-05,-1.89E-05,-4.89E-06,6.21E-06,1.50E-05,2.21E-05,2.97E-05,3.53E-05,3.60E-05,3.25E-05,3.02E-05,2.99E-05,3.04E-05,3.06E-05,2.48E-05,1.37E-05,1.93E-06,-7.54E-06,-1.29E-05,-1.64E-05,-1.74E-05,-1.38E-05,-9.70E-06,-7.24E-06,-4.62E-06,-4.43E-06,-3.08E-06,-2.96E-07,6.52E-07,1.70E-06,2.55E-06,3.57E-06,4.49E-06,6.46E-06,5.31E-06,3.23E-06,1.60E-06,-1.20E-06,-3.19E-06,-5.70E-06,-9.08E-06,-1.21E-05,-1.55E-05,-1.90E-05,-2.19E-05,-2.45E-05,-2.71E-05,-3.07E-05,-3.52E-05,-3.97E-05,-4.39E-05,-4.76E-05,-5.15E-05,-5.36E-05,-5.51E-05,-5.90E-05,-6.20E-05,-6.28E-05,-6.25E-05,-6.19E-05,-6.18E-05,-6.34E-05,-6.50E-05,-6.69E-05,-7.00E-05,-7.39E-05,-7.72E-05,-8.00E-05
78,LFP1,38,0,36.4904449,-8.22E-05,-8.20E-05,-8.00E-05,-7.92E-05,-7.99E-05,-8.14E-05,-8.37E-05,-8.51E-05,-8.75E-05,-8.93E-05,-9.28E-05,-9.59E-05,-9.93E-05,-1.02E-04,-1.05E-04,-1.05E-04,-1.06E-04,-1.08E-04,-1.11E-04,-1.13E-04,-1.16E-04,-1.18E-04,-1.21E-04,-1.25E-04,-1.29E-04,-1.32E-04,-1.34E-04,-1.37E-04,-1.39E-04,-1.41E-04,-1.43E-04,-1.46E-04,-1.50E-04,-1.52E-04,-1.54E-04,-1.56E-04,-1.58E-04,-1.59E-04,-1.60E-04,-1.59E-04,-1.59E-04,-1.61E-04,-1.64E-04,-1.66E-04,-1.64E-04,-1.62E-04,-1.62E-04,-1.62E-04,-1.63E-04,-1.61E-04,-1.61E-04,-1.63E-04,-1.65E-04,-1.66E-04,-1.65E-04,-1.63E-04,-1.59E-04,-1.55E-04,-1.53E-04,-1.52E-04,-1.50E-04,-1.50E-04,-1.51E-04,-1.54E-04,-1.57E-04,-1.60E-04,-1.58E-04,-1.48E-04,-1.35E-04,-1.21E-04,-1.09E-04,-1.01E-04,-9.67E-05,-9.69E-05,-9.79E-05,-9.96E-05,-9.99E-05,-1.02E-04,-1.10E-04,-1.22E-04,-1.35E-04,-1.46E-04,-1.53E-04,-1.57E-04,-1.60E-04,-1.63E-04,-1.65E-04,-1.66E-04,-1.67E-04,-1.65E-04,-1.61E-04,-1.58E-04,-1.56E-04,-1.54E-04,-1.51E-04,-1.51E-04,-1.49E-04,-1.48E-04,-1.46E-04,-1.43E-04,-1.41E-04,-1.40E-04,-1.41E-04,-1.42E-04,-1.43E-04,-1.42E-04,-1.39E-04,-1.35E-04,-1.32E-04,-1.29E-04,-1.30E-04,-1.31E-04,-1.33E-04,-1.35E-04,-1.38E-04,-1.40E-04,-1.40E-04,-1.39E-04,-1.38E-04,-1.38E-04,-1.40E-04,-1.43E-04,-1.43E-04,-1.44E-04,-1.42E-04,-1.42E-04,-1.44E-04,-1.44E-04,-1.46E-04,-1.47E-04,-1.47E-04,-1.47E-04,-1.48E-04,-1.48E-04,-1.49E-04,-1.50E-04,-1.50E-04,-1.51E-04,-1.49E-04,-1.48E-04,-1.48E-04,-1.46E-04,-1.43E-04,-1.41E-04,-1.40E-04,-1.38E-04,-1.33E-04,-1.30E-04,-1.27E-04,-1.24E-04,-1.22E-04,-1.21E-04,-1.22E-04,-1.22E-04,-1.23E-04,-1.24E-04,-1.24E-04,-1.19E-04,-1.14E-04,-1.10E-04,-1.08E-04,-1.05E-04,-1.02E-04,-1.03E-04,-1.06E-04,-1.10E-04,-1.12E-04,-1.14E-04,-1.15E-04,-1.15E-04,-1.14E-04,-1.13E-04,-1.14E-04,-1.16E-04,-1.17E-04,-1.16E-04,-1.17E-04,-1.16E-04,-1.16E-04,-1.17E-04,-1.17E-04,-1.17E-04,-1.20E-04,-1.23E-04,-1.25E-04,-1.28E-04,-1.30E-04,-1.27E-04,-1.16E-04,-1.02E-04,-8.80E-05,-7.95E-05,-7.43E-05,-7.22E-05,-7.20E-05,-7.34E-05,-7.92E-05,-8.90E-05,-9.96E-05,-1.07E-04,-1.12E-04,-1.15E-04,-1.18E-04,-1.21E-04,-1.26E-04,-1.31E-04,-1.34E-04,-1.36E-04,-1.35E-04,-1.36E-04,-1.36E-04,-1.38E-04,-1.39E-04,-1.39E-04,-1.40E-04,-1.42E-04,-1.44E-04,-1.46E-04,-1.46E-04,-1.45E-04,-1.45E-04,-1.43E-04,-1.44E-04,-1.45E-04,-1.45E-04,-1.42E-04,-1.41E-04,-1.43E-04,-1.44E-04,-1.46E-04,-1.48E-04,-1.49E-04,-1.53E-04,-1.57E-04,-1.62E-04,-1.65E-04,-1.67E-04,-1.69E-04,-1.67E-04,-1.63E-04,-1.61E-04,-1.57E-04,-1.54E-04,-1.53E-04,-1.52E-04,-1.52E-04,-1.56E-04,-1.60E-04,-1.62E-04,-1.61E-04,-1.57E-04,-1.54E-04,-1.53E-04,-1.55E-04,-1.55E-04,-1.55E-04
79,LFP1,38,0,36.57433081,-1.56E-04,-1.55E-04,-1.54E-04,-1.53E-04,-1.51E-04,-1.48E-04,-1.46E-04,-1.45E-04,-1.44E-04,-1.47E-04,-1.48E-04,-1.47E-04,-1.46E-04,-1.46E-04,-1.47E-04,-1.48E-04,-1.49E-04,-1.50E-04,-1.51E-04,-1.51E-04,-1.50E-04,-1.48E-04,-1.48E-04,-1.48E-04,-1.49E-04,-1.52E-04,-1.56E-04,-1.58E-04,-1.64E-04,-1.70E-04,-1.73E-04,-1.74E-04,-1.77E-04,-1.79E-04,-1.82E-04,-1.85E-04,-1.88E-04,-1.90E-04,-1.91E-04,-1.92E-04,-1.92E-04,-1.94E-04,-1.92E-04,-1.84E-04,-1.74E-04,-1.63E-04,-1.54E-04,-1.49E-04,-1.48E-04,-1.48E-04,-1.50E-04,-1.53E-04,-1.59E-04,-1.68E-04,-1.76E-04,-1.84E-04,-1.91E-04,-1.96E-04,-2.01E-04,-2.04E-04,-2.08E-04,-2.12E-04,-2.14E-04,-2.18E-04,-2.23E-04,-2.26E-04,-2.29E-04,-2.30E-04,-2.32E-04,-2.36E-04,-2.39E-04,-2.40E-04,-2.41E-04,-2.43E-04,-2.45E-04,-2.51E-04,-2.55E-04,-2.61E-04,-2.66E-04,-2.68E-04,-2.70E-04,-2.71E-04,-2.71E-04,-2.72E-04,-2.73E-04,-2.76E-04,-2.81E-04,-2.85E-04,-2.89E-04,-2.94E-04,-2.96E-04,-2.97E-04,-3.00E-04,-3.03E-04,-3.05E-04,-3.07E-04,-3.06E-04,-3.06E-04,-3.07E-04,-3.11E-04,-3.14E-04,-3.17E-04,-3.21E-04,-3.24E-04,-3.24E-04,-3.24E-04,-3.25E-04,-3.26E-04,-3.27E-04,-3.27E-04,-3.28E-04,-3.29E-04,-3.29E-04,-3.28E-04,-3.29E-04,-3.32E-04,-3.35E-04,-3.38E-04,-3.40E-04,-3.41E-04,-3.43E-04,-3.44E-04,-3.46E-04,-3.49E-04,-3.51E-04,-3.54E-04,-3.54E-04,-3.56E-04,-3.56E-04,-3.55E-04,-3.54E-04,-3.55E-04,-3.58E-04,-3.62E-04,-3.65E-04,-3.71E-04,-3.77E-04,-3.82E-04,-3.85E-04,-3.86E-04,-3.89E-04,-3.90E-04,-3.91E-04,-3.92E-04,-3.93E-04,-3.95E-04,-3.97E-04,-3.99E-04,-4.03E-04,-4.08E-04,-4.14E-04,-4.19E-04,-4.22E-04,-4.24E-04,-4.26E-04,-4.27E-04,-4.26E-04,-4.24E-04,-4.22E-04,-4.20E-04,-4.20E-04,-4.22E-04,-4.23E-04,-4.24E-04,-4.26E-04,-4.28E-04,-4.29E-04,-4.29E-04,-4.29E-04,-4.30E-04,-4.33E-04,-4.39E-04,-4.47E-04,-4.53E-04,-4.58E-04,-4.61E-04,-4.64E-04,-4.66E-04,-4.69E-04,-4.73E-04,-4.76E-04,-4.79E-04,-4.82E-04,-4.83E-04,-4.85E-04,-4.87E-04,-4.92E-04,-4.95E-04,-4.96E-04,-4.96E-04,-4.96E-04,-4.97E-04,-4.97E-04,-4.96E-04,-4.98E-04,-5.00E-04,-5.02E-04,-5.02E-04,-5.04E-04,-5.05E-04,-5.07E-04,-5.10E-04,-5.13E-04,-5.17E-04,-5.19E-04,-5.12E-04,-5.00E-04,-4.87E-04,-4.75E-04,-4.67E-04,-4.63E-04,-4.61E-04,-4.62E-04,-4.63E-04,-4.64E-04,-4.64E-04,-4.64E-04,-4.62E-04,-4.62E-04,-4.63E-04,-4.62E-04,-4.59E-04,-4.60E-04,-4.66E-04,-4.74E-04,-4.80E-04,-4.83E-04,-4.86E-04,-4.87E-04,-4.86E-04,-4.87E-04,-4.87E-04,-4.87E-04,-4.90E-04,-4.94E-04,-4.95E-04,-4.95E-04,-4.94E-04,-4.93E-04,-4.92E-04,-4.89E-04,-4.89E-04,-4.90E-04,-4.92E-04,-4.93E-04,-4.93E-04,-4.92E-04,-4.91E-04,-4.93E-04,-4.94E-04,-4.94E-04,-4.96E-04,-4.98E-04,-4.98E-04,-5.00E-04,-5.00E-04
80,LFP1,38,0,36.65821695,-5.00E-04,-4.98E-04,-4.95E-04,-4.92E-04,-4.92E-04,-4.92E-04,-4.91E-04,-4.90E-04,-4.91E-04,-4.92E-04,-4.91E-04,-4.91E-04,-4.90E-04,-4.90E-04,-4.88E-04,-4.86E-04,-4.83E-04,-4.81E-04,-4.78E-04,-4.76E-04,-4.73E-04,-4.71E-04,-4.67E-04,-4.64E-04,-4.62E-04,-4.61E-04,-4.62E-04,-4.61E-04,-4.60E-04,-4.58E-04,-4.54E-04,-4.51E-04,-4.49E-04,-4.47E-04,-4.43E-04,-4.39E-04,-4.38E-04,-4.38E-04,-4.37E-04,-4.36E-04,-4.32E-04,-4.28E-04,-4.23E-04,-4.21E-04,-4.21E-04,-4.24E-04,-4.28E-04,-4.32E-04,-4.34E-04,-4.35E-04,-4.34E-04,-4.33E-04,-4.33E-04,-4.33E-04,-4.34E-04,-4.33E-04,-4.31E-04,-4.30E-04,-4.31E-04,-4.31E-04,-4.31E-04,-4.31E-04,-4.33E-04,-4.33E-04,-4.30E-04,-4.29E-04,-4.26E-04,-4.23E-04,-4.20E-04,-4.16E-04,-4.15E-04,-4.16E-04,-4.16E-04,-4.13E-04,-4.03E-04,-3.91E-04,-3.79E-04,-3.71E-04,-3.66E-04,-3.64E-04,-3.64E-04,-3.63E-04,-3.62E-04,-3.61E-04,-3.64E-04,-3.70E-04,-3.77E-04,-3.84E-04,-3.88E-04,-3.92E-04,-3.95E-04,-3.97E-04,-3.98E-04,-3.97E-04,-3.96E-04,-3.93E-04,-3.92E-04,-3.91E-04,-3.92E-04,-3.92E-04,-3.90E-04,-3.87E-04,-3.84E-04,-3.83E-04,-3.83E-04,-3.83E-04,-3.80E-04,-3.60E-04,-3.20E-04,-2.75E-04,-2.36E-04,-2.11E-04,-1.99E-04,-1.95E-04,-1.99E-04,-2.06E-04,-2.13E-04,-2.21E-04,-2.29E-04,-2.35E-04,-2.39E-04,-2.42E-04,-2.46E-04,-2.47E-04,-2.49E-04,-2.51E-04,-2.54E-04,-2.57E-04,-2.58E-04,-2.60E-04,-2.61E-04,-2.61E-04,-2.59E-04,-2.57E-04,-2.55E-04,-2.55E-04,-2.56E-04,-2.60E-04,-2.65E-04,-2.75E-04,-2.88E-04,-3.00E-04,-3.09E-04,-3.16E-04,-3.18E-04,-3.18E-04,-3.19E-04,-3.22E-04,-3.25E-04,-3.27E-04,-3.30E-04,-3.33E-04,-3.34E-04,-3.35E-04,-3.37E-04,-3.42E-04,-3.45E-04,-3.49E-04,-3.53E-04,-3.58E-04,-3.63E-04,-3.66E-04,-3.69E-04,-3.73E-04,-3.77E-04,-3.80E-04,-3.82E-04,-3.82E-04,-3.82E-04,-3.82E-04,-3.83E-04,-3.85E-04,-3.87E-04,-3.88E-04,-3.88E-04,-3.89E-04,-3.86E-04,-3.82E-04,-3.80E-04,-3.81E-04,-3.83E-04,-3.86E-04,-3.89E-04,-3.88E-04,-3.84E-04,-3.78E-04,-3.74E-04,-3.71E-04,-3.70E-04,-3.68E-04,-3.67E-04,-3.67E-04,-3.68E-04,-3.69E-04,-3.69E-04,-3.67E-04,-3.60E-04,-3.50E-04,-3.41E-04,-3.33E-04,-3.29E-04,-3.27E-04,-3.27E-04,-3.29E-04,-3.33E-04,-3.36E-04,-3.39E-04,-3.41E-04,-3.46E-04,-3.56E-04,-3.68E-04,-3.78E-04,-3.84E-04,-3.91E-04,-3.96E-04,-3.99E-04,-4.01E-04,-4.05E-04,-4.07E-04,-4.08E-04,-4.09E-04,-4.10E-04,-4.10E-04,-4.12E-04,-4.13E-04,-4.13E-04,-4.16E-04,-4.17E-04,-4.18E-04,-4.18E-04,-4.16E-04,-4.15E-04,-4.14E-04,-4.14E-04,-4.13E-04,-4.10E-04,-4.08E-04,-4.08E-04,-4.11E-04,-4.13E-04,-4.13E-04,-4.11E-04,-4.10E-04,-4.10E-04,-4.12E-04,-4.13E-04,-4.12E-04,-4.10E-04,-4.07E-04,-4.06E-04,-4.07E-04,-4.09E-04,-4.09E-04,-4.10E-04,-4.11E-04,-4.10E-04
81,LFP1,38,0,36.7421031,-4.09E-04,-4.08E-04,-4.09E-04,-4.09E-04,-4.11E-04,-4.11E-04,-4.12E-04,-4.13E-04,-4.14E-04,-4.14E-04,-4.13E-04,-4.12E-04,-4.12E-04,-4.11E-04,-4.12E-04,-4.10E-04,-4.05E-04,-4.02E-04,-4.01E-04,-4.00E-04,-3.99E-04,-3.97E-04,-3.96E-04,-3.95E-04,-3.96E-04,-3.97E-04,-3.99E-04,-4.00E-04,-4.00E-04,-3.99E-04,-4.00E-04,-4.03E-04,-4.03E-04,-4.03E-04,-4.02E-04,-4.01E-04,-4.01E-04,-4.02E-04,-4.02E-04,-4.00E-04,-3.97E-04,-3.95E-04,-3.93E-04,-3.93E-04,-3.94E-04,-3.96E-04,-3.99E-04,-4.01E-04,-4.03E-04,-4.04E-04,-4.05E-04,-4.06E-04,-4.06E-04,-4.05E-04,-4.03E-04,-4.03E-04,-4.05E-04,-4.05E-04,-4.05E-04,-4.06E-04,-4.06E-04,-4.06E-04,-4.03E-04,-4.03E-04,-4.04E-04,-4.06E-04,-4.07E-04,-4.06E-04,-4.02E-04,-3.96E-04,-3.84E-04,-3.70E-04,-3.58E-04,-3.50E-04,-3.46E-04,-3.45E-04,-3.46E-04,-3.48E-04,-3.50E-04,-3.51E-04,-3.51E-04,-3.49E-04,-3.47E-04,-3.45E-04,-3.48E-04,-3.55E-04,-3.63E-04,-3.71E-04,-3.76E-04,-3.80E-04,-3.83E-04,-3.83E-04,-3.86E-04,-3.88E-04,-3.91E-04,-3.93E-04,-3.95E-04,-3.98E-04,-4.01E-04,-4.02E-04,-4.00E-04,-3.98E-04,-3.98E-04,-3.99E-04,-4.01E-04,-4.02E-04,-4.02E-04,-4.05E-04,-4.10E-04,-4.13E-04,-4.15E-04,-4.17E-04,-4.21E-04,-4.24E-04,-4.24E-04,-4.23E-04,-4.22E-04,-4.19E-04,-4.17E-04,-4.18E-04,-4.21E-04,-4.24E-04,-4.27E-04,-4.29E-04,-4.32E-04,-4.35E-04,-4.39E-04,-4.41E-04,-4.43E-04,-4.45E-04,-4.47E-04,-4.48E-04,-4.48E-04,-4.47E-04,-4.44E-04,-4.39E-04,-4.38E-04,-4.41E-04,-4.43E-04,-4.45E-04,-4.46E-04,-4.44E-04,-4.42E-04,-4.39E-04,-4.39E-04,-4.39E-04,-4.39E-04,-4.43E-04,-4.46E-04,-4.47E-04,-4.47E-04,-4.48E-04,-4.51E-04,-4.55E-04,-4.58E-04,-4.58E-04,-4.59E-04,-4.61E-04,-4.62E-04,-4.63E-04,-4.64E-04,-4.65E-04,-4.67E-04,-4.67E-04,-4.66E-04,-4.66E-04,-4.69E-04,-4.74E-04,-4.78E-04,-4.82E-04,-4.84E-04,-4.85E-04,-4.86E-04,-4.87E-04,-4.85E-04,-4.80E-04,-4.76E-04,-4.72E-04,-4.69E-04,-4.67E-04,-4.67E-04,-4.67E-04,-4.66E-04,-4.68E-04,-4.70E-04,-4.68E-04,-4.65E-04,-4.62E-04,-4.62E-04,-4.59E-04,-4.56E-04,-4.56E-04,-4.58E-04,-4.58E-04,-4.58E-04,-4.59E-04,-4.57E-04,-4.56E-04,-4.57E-04,-4.61E-04,-4.62E-04,-4.55E-04,-4.42E-04,-4.28E-04,-4.15E-04,-4.03E-04,-3.89E-04,-3.77E-04,-3.66E-04,-3.58E-04,-3.53E-04,-3.51E-04,-3.49E-04,-3.45E-04,-3.45E-04,-3.50E-04,-3.55E-04,-3.60E-04,-3.64E-04,-3.65E-04,-3.66E-04,-3.69E-04,-3.73E-04,-3.78E-04,-3.86E-04,-3.92E-04,-3.94E-04,-3.99E-04,-4.04E-04,-4.07E-04,-4.07E-04,-4.04E-04,-4.01E-04,-3.97E-04,-3.92E-04,-3.89E-04,-3.86E-04,-3.81E-04,-3.77E-04,-3.76E-04,-3.78E-04,-3.79E-04,-3.81E-04,-3.83E-04,-3.81E-04,-3.79E-04,-3.75E-04,-3.73E-04,-3.73E-04,-3.75E-04,-3.78E-04,-3.82E-04,-3.83E-04,-3.81E-04,-3.80E-04,-3.80E-04
82,LFP1,38,0,36.82598901,-3.82E-04,-3.85E-04,-3.90E-04,-3.91E-04,-3.93E-04,-3.92E-04,-3.91E-04,-3.89E-04,-3.86E-04,-3.85E-04,-3.87E-04,-3.88E-04,-3.89E-04,-3.80E-04,-3.55E-04,-3.23E-04,-2.92E-04,-2.68E-04,-2.53E-04,-2.48E-04,-2.47E-04,-2.49E-04,-2.54E-04,-2.59E-04,-2.64E-04,-2.67E-04,-2.70E-04,-2.71E-04,-2.71E-04,-2.71E-04,-2.79E-04,-2.92E-04,-3.06E-04,-3.14E-04,-3.18E-04,-3.21E-04,-3.22E-04,-3.21E-04,-3.21E-04,-3.19E-04,-3.18E-04,-3.17E-04,-3.15E-04,-3.14E-04,-3.14E-04,-3.14E-04,-3.13E-04,-3.13E-04,-3.11E-04,-3.11E-04,-3.11E-04,-3.13E-04,-3.13E-04,-3.13E-04,-3.11E-04,-3.10E-04,-3.12E-04,-3.13E-04,-3.13E-04,-3.08E-04,-3.02E-04,-2.98E-04,-3.00E-04,-3.04E-04,-3.07E-04,-3.09E-04,-3.10E-04,-3.10E-04,-3.10E-04,-3.08E-04,-3.07E-04,-3.05E-04,-3.03E-04,-3.02E-04,-3.03E-04,-3.02E-04,-3.00E-04,-2.98E-04,-2.94E-04,-2.79E-04,-2.60E-04,-2.44E-04,-2.30E-04,-2.19E-04,-2.11E-04,-2.05E-04,-2.01E-04,-1.97E-04,-1.94E-04,-1.90E-04,-1.84E-04,-1.79E-04,-1.74E-04,-1.70E-04,-1.70E-04,-1.76E-04,-1.85E-04,-1.94E-04,-2.02E-04,-2.05E-04,-2.06E-04,-2.06E-04,-2.07E-04,-2.07E-04,-2.06E-04,-2.07E-04,-2.07E-04,-2.05E-04,-2.03E-04,-2.06E-04,-2.07E-04,-2.08E-04,-2.09E-04,-2.09E-04,-2.10E-04,-2.13E-04,-2.15E-04,-2.12E-04,-2.11E-04,-2.12E-04,-2.14E-04,-2.18E-04,-2.22E-04,-2.25E-04,-2.29E-04,-2.31E-04,-2.29E-04,-2.27E-04,-2.30E-04,-2.32E-04,-2.33E-04,-2.32E-04,-2.31E-04,-2.32E-04,-2.34E-04,-2.37E-04,-2.37E-04,-2.37E-04,-2.37E-04,-2.36E-04,-2.34E-04,-2.30E-04,-2.27E-04,-2.27E-04,-2.29E-04,-2.32E-04,-2.33E-04,-2.35E-04,-2.37E-04,-2.37E-04,-2.35E-04,-2.36E-04,-2.38E-04,-2.40E-04,-2.43E-04,-2.44E-04,-2.45E-04,-2.45E-04,-2.46E-04,-2.47E-04,-2.47E-04,-2.47E-04,-2.50E-04,-2.53E-04,-2.56E-04,-2.57E-04,-2.56E-04,-2.58E-04,-2.60E-04,-2.64E-04,-2.67E-04,-2.69E-04,-2.72E-04,-2.73E-04,-2.73E-04,-2.74E-04,-2.73E-04,-2.73E-04,-2.72E-04,-2.72E-04,-2.73E-04,-2.73E-04,-2.74E-04,-2.75E-04,-2.75E-04,-2.75E-04,-2.74E-04,-2.71E-04,-2.68E-04,-2.65E-04,-2.64E-04,-2.64E-04,-2.65E-04,-2.67E-04,-2.65E-04,-2.65E-04,-2.65E-04,-2.67E-04,-2.70E-04,-2.72E-04,-2.71E-04,-2.70E-04,-2.71E-04,-2.73E-04,-2.76E-04,-2.79E-04,-2.83E-04,-2.84E-04,-2.85E-04,-2.77E-04,-2.65E-04,-2.54E-04,-2.47E-04,-2.44E-04,-2.44E-04,-2.45E-04,-2.50E-04,-2.54E-04,-2.55E-04,-2.55E-04,-2.59E-04,-2.64E-04,-2.73E-04,-2.85E-04,-2.98E-04,-3.09E-04,-3.17E-04,-3.22E-04,-3.26E-04,-3.29E-04,-3.31E-04,-3.31E-04,-3.27E-04,-3.23E-04,-3.19E-04,-3.17E-04,-3.16E-04,-3.17E-04,-3.18E-04,-3.18E-04,-3.21E-04,-3.24E-04,-3.27E-04,-3.30E-04,-3.33E-04,-3.35E-04,-3.36E-04,-3.39E-04,-3.42E-04,-3.45E-04,-3.48E-04,-3.49E-04,-3.49E-04,-3.51E-04,-3.54E-04,-3.56E-04
83,LFP1,38,0,36.90987515,-3.58E-04,-3.60E-04,-3.63E-04,-3.63E-04,-3.65E-04,-3.68E-04,-3.72E-04,-3.75E-04,-3.75E-04,-3.76E-04,-3.77E-04,-3.77E-04,-3.78E-04,-3.78E-04,-3.77E-04,-3.76E-04,-3.75E-04,-3.76E-04,-3.76E-04,-3.78E-04,-3.79E-04,-3.83E-04,-3.84E-04,-3.87E-04,-3.89E-04,-3.91E-04,-3.92E-04,-3.92E-04,-3.92E-04,-3.94E-04,-3.94E-04,-3.94E-04,-3.94E-04,-3.94E-04,-3.96E-04,-3.96E-04,-3.94E-04,-3.93E-04,-3.90E-04,-3.87E-04,-3.84E-04,-3.81E-04,-3.79E-04,-3.80E-04,-3.83E-04,-3.87E-04,-3.88E-04,-3.89E-04,-3.91E-04,-3.90E-04,-3.88E-04,-3.87E-04,-3.88E-04,-3.88E-04,-3.88E-04,-3.90E-04,-3.93E-04,-3.95E-04,-3.95E-04,-3.95E-04,-3.96E-04,-3.99E-04,-4.02E-04,-4.03E-04,-4.01E-04,-4.00E-04,-4.01E-04,-4.02E-04,-4.02E-04,-4.02E-04,-4.02E-04,-4.02E-04,-3.99E-04,-3.88E-04,-3.74E-04,-3.64E-04,-3.59E-04,-3.56E-04,-3.53E-04,-3.50E-04,-3.49E-04,-3.48E-04,-3.46E-04,-3.45E-04,-3.50E-04,-3.61E-04,-3.72E-04,-3.81E-04,-3.89E-04,-3.93E-04,-3.94E-04,-3.91E-04,-3.90E-04,-3.89E-04,-3.89E-04,-3.89E-04,-3.92E-04,-3.94E-04,-3.95E-04,-3.95E-04,-3.93E-04,-3.91E-04,-3.89E-04,-3.89E-04,-3.88E-04,-3.88E-04,-3.86E-04,-3.87E-04,-3.89E-04,-3.89E-04,-3.88E-04,-3.85E-04,-3.82E-04,-3.80E-04,-3.82E-04,-3.84E-04,-3.86E-04,-3.88E-04,-3.89E-04,-3.87E-04,-3.84E-04,-3.81E-04,-3.79E-04,-3.80E-04,-3.82E-04,-3.84E-04,-3.85E-04,-3.84E-04,-3.81E-04,-3.76E-04,-3.71E-04,-3.70E-04,-3.69E-04,-3.70E-04,-3.71E-04,-3.71E-04,-3.71E-04,-3.70E-04,-3.68E-04,-3.65E-04,-3.64E-04,-3.63E-04,-3.62E-04,-3.59E-04,-3.59E-04,-3.61E-04,-3.63E-04,-3.64E-04,-3.63E-04,-3.62E-04,-3.61E-04,-3.60E-04,-3.59E-04,-3.60E-04,-3.60E-04,-3.59E-04,-3.59E-04,-3.61E-04,-3.63E-04,-3.64E-04,-3.64E-04,-3.63E-04,-3.63E-04,-3.61E-04,-3.59E-04,-3.58E-04,-3.59E-04,-3.60E-04,-3.63E-04,-3.65E-04,-3.66E-04,-3.66E-04,-3.65E-04,-3.63E-04,-3.63E-04,-3.62E-04,-3.61E-04,-3.62E-04,-3.63E-04,-3.63E-04,-3.62E-04,-3.60E-04,-3.56E-04,-3.53E-04,-3.50E-04,-3.45E-04,-3.43E-04,-3.45E-04,-3.50E-04,-3.53E-04,-3.52E-04,-3.51E-04,-3.49E-04,-3.49E-04,-3.50E-04,-3.51E-04,-3.51E-04,-3.49E-04,-3.47E-04,-3.48E-04,-3.48E-04,-3.47E-04,-3.46E-04,-3.45E-04,-3.43E-04,-3.39E-04,-3.36E-04,-3.33E-04,-3.30E-04,-3.30E-04,-3.30E-04,-3.34E-04,-3.39E-04,-3.43E-04,-3.45E-04,-3.47E-04,-3.47E-04,-3.44E-04,-3.43E-04,-3.40E-04,-3.29E-04,-3.14E-04,-2.99E-04,-2.86E-04,-2.79E-04,-2.77E-04,-2.80E-04,-2.82E-04,-2.84E-04,-2.87E-04,-2.89E-04,-2.90E-04,-2.89E-04,-2.87E-04,-2.87E-04,-2.85E-04,-2.79E-04,-2.70E-04,-2.61E-04,-2.58E-04,-2.58E-04,-2.60E-04,-2.62E-04,-2.66E-04,-2.69E-04,-2.73E-04,-2.75E-04,-2.75E-04,-2.74E-04,-2.73E-04,-2.73E-04,-2.73E-04,-2.71E-04,-2.68E-04,-2.66E-04,-2.66E-04
84,LFP1,38,0,36.9937613,-2.67E-04,-2.69E-04,-2.72E-04,-2.77E-04,-2.79E-04,-2.81E-04,-2.81E-04,-2.80E-04,-2.80E-04,-2.80E-04,-2.79E-04,-2.77E-04,-2.73E-04,-2.72E-04,-2.72E-04,-2.73E-04,-2.75E-04,-2.77E-04,-2.79E-04,-2.80E-04,-2.82E-04,-2.84E-04,-2.85E-04,-2.88E-04,-2.91E-04,-2.93E-04,-2.93E-04,-2.94E-04,-2.94E-04,-2.92E-04,-2.90E-04,-2.87E-04,-2.85E-04,-2.86E-04,-2.86E-04,-2.85E-04,-2.83E-04,-2.80E-04,-2.75E-04,-2.66E-04,-2.42E-04,-2.09E-04,-1.80E-04,-1.61E-04,-1.48E-04,-1.41E-04,-1.41E-04,-1.44E-04,-1.48E-04,-1.51E-04,-1.54E-04,-1.58E-04,-1.62E-04,-1.66E-04,-1.71E-04,-1.85E-04,-2.04E-04,-2.23E-04,-2.37E-04,-2.47E-04,-2.54E-04,-2.58E-04,-2.62E-04,-2.64E-04,-2.65E-04,-2.67E-04,-2.69E-04,-2.72E-04,-2.75E-04,-2.80E-04,-2.83E-04,-2.86E-04,-2.88E-04,-2.92E-04,-2.95E-04,-2.97E-04,-3.01E-04,-3.03E-04,-3.04E-04,-3.06E-04,-3.06E-04,-3.04E-04,-3.03E-04,-3.05E-04,-3.08E-04,-3.14E-04,-3.20E-04,-3.25E-04,-3.30E-04,-3.35E-04,-3.41E-04,-3.48E-04,-3.54E-04,-3.58E-04,-3.60E-04,-3.63E-04,-3.67E-04,-3.74E-04,-3.81E-04,-3.86E-04,-3.89E-04,-3.89E-04,-3.87E-04,-3.84E-04,-3.83E-04,-3.83E-04,-3.84E-04,-3.87E-04,-3.89E-04,-3.93E-04,-3.95E-04,-3.96E-04,-3.97E-04,-3.99E-04,-3.98E-04,-3.95E-04,-3.95E-04,-3.96E-04,-3.96E-04,-3.95E-04,-3.93E-04,-3.92E-04,-3.92E-04,-3.92E-04,-3.95E-04,-4.00E-04,-4.04E-04,-4.06E-04,-4.06E-04,-4.05E-04,-4.04E-04,-4.03E-04,-4.03E-04,-4.02E-04,-4.03E-04,-4.05E-04,-4.07E-04,-4.11E-04,-4.13E-04,-4.17E-04,-4.20E-04,-4.21E-04,-4.20E-04,-4.19E-04,-4.18E-04,-4.17E-04,-4.15E-04,-4.14E-04,-4.13E-04,-4.10E-04,-4.06E-04,-4.03E-04,-4.02E-04,-4.02E-04,-4.00E-04,-3.91E-04,-3.79E-04,-3.64E-04,-3.52E-04,-3.42E-04,-3.34E-04,-3.27E-04,-3.23E-04,-3.20E-04,-3.18E-04,-3.15E-04,-3.14E-04,-3.12E-04,-3.08E-04,-3.04E-04,-3.01E-04,-2.98E-04,-2.97E-04,-2.97E-04,-2.97E-04,-2.95E-04,-2.96E-04,-2.97E-04,-2.97E-04,-2.94E-04,-2.90E-04,-2.90E-04,-2.95E-04,-3.02E-04,-3.10E-04,-3.14E-04,-3.15E-04,-3.16E-04,-3.18E-04,-3.20E-04,-3.21E-04,-3.21E-04,-3.19E-04,-3.17E-04,-3.16E-04,-3.14E-04,-3.13E-04,-3.09E-04,-3.03E-04,-2.98E-04,-2.98E-04,-2.99E-04,-3.01E-04,-3.05E-04,-3.09E-04,-3.12E-04,-3.14E-04,-3.14E-04,-3.12E-04,-3.11E-04,-3.12E-04,-3.11E-04,-3.11E-04,-3.11E-04,-3.10E-04,-3.10E-04,-3.09E-04,-3.08E-04,-3.06E-04,-3.05E-04,-3.03E-04,-3.00E-04,-3.00E-04,-3.02E-04,-3.03E-04,-3.03E-04,-3.01E-04,-2.99E-04,-2.98E-04,-2.97E-04,-2.94E-04,-2.92E-04,-2.93E-04,-2.94E-04,-2.94E-04,-2.95E-04,-2.93E-04,-2.92E-04,-2.91E-04,-2.91E-04,-2.92E-04,-2.93E-04,-2.94E-04,-2.95E-04,-2.95E-04,-2.95E-04,-2.95E-04,-2.96E-04,-2.98E-04,-3.01E-04,-3.04E-04,-3.05E-04,-3.04E-04,-3.06E-04,-3.06E-04,-3.06E-04
85,LFP1,38,0,37.07764745,-3.07E-04,-3.05E-04,-3.04E-04,-3.05E-04,-3.03E-04,-3.01E-04,-3.01E-04,-3.02E-04,-3.04E-04,-3.04E-04,-3.03E-04,-3.01E-04,-2.99E-04,-2.99E-04,-2.99E-04,-2.97E-04,-2.96E-04,-2.94E-04,-2.94E-04,-2.97E-04,-3.00E-04,-3.01E-04,-3.01E-04,-3.02E-04,-3.02E-04,-3.03E-04,-3.03E-04,-3.01E-04,-3.00E-04,-2.98E-04,-2.95E-04,-2.93E-04,-2.94E-04,-2.95E-04,-2.97E-04,-2.98E-04,-2.99E-04,-3.00E-04,-3.01E-04,-3.01E-04,-2.99E-04,-2.97E-04,-2.98E-04,-3.00E-04,-2.99E-04,-2.97E-04,-2.96E-04,-2.95E-04,-2.95E-04,-2.94E-04,-2.93E-04,-2.91E-04,-2.89E-04,-2.88E-04,-2.88E-04,-2.89E-04,-2.89E-04,-2.89E-04,-2.89E-04,-2.89E-04,-2.88E-04,-2.87E-04,-2.86E-04,-2.86E-04,-2.84E-04,-2.76E-04,-2.62E-04,-2.45E-04,-2.35E-04,-2.28E-04,-2.27E-04,-2.28E-04,-2.29E-04,-2.32E-04,-2.36E-04,-2.41E-04,-2.49E-04,-2.68E-04,-3.00E-04,-3.31E-04,-3.55E-04,-3.67E-04,-3.71E-04,-3.69E-04,-3.64E-04,-3.63E-04,-3.66E-04,-3.67E-04,-3.71E-04,-3.75E-04,-3.76E-04,-3.75E-04,-3.72E-04,-3.69E-04,-3.66E-04,-3.61E-04,-3.58E-04,-3.57E-04,-3.56E-04,-3.55E-04,-3.56E-04,-3.57E-04,-3.58E-04,-3.58E-04,-3.59E-04,-3.60E-04,-3.61E-04,-3.62E-04,-3.63E-04,-3.64E-04,-3.65E-04,-3.67E-04,-3.67E-04,-3.66E-04,-3.64E-04,-3.59E-04,-3.55E-04,-3.52E-04,-3.52E-04,-3.52E-04,-3.52E-04,-3.53E-04,-3.54E-04,-3.54E-04,-3.51E-04,-3.48E-04,-3.46E-04,-3.42E-04,-3.38E-04,-3.33E-04,-3.29E-04,-3.25E-04,-3.19E-04,-3.13E-04,-3.09E-04,-3.05E-04,-3.03E-04,-3.03E-04,-3.03E-04,-3.02E-04,-3.03E-04,-3.02E-04,-3.04E-04,-3.06E-04,-3.09E-04,-3.13E-04,-3.14E-04,-3.14E-04,-3.14E-04,-3.14E-04,-3.15E-04,-3.16E-04,-3.20E-04,-3.24E-04,-3.25E-04,-3.26E-04,-3.25E-04,-3.26E-04,-3.28E-04,-3.31E-04,-3.34E-04,-3.35E-04,-3.37E-04,-3.36E-04,-3.33E-04,-3.32E-04,-3.31E-04,-3.28E-04,-3.25E-04,-3.22E-04,-3.18E-04,-3.17E-04,-3.19E-04,-3.21E-04,-3.24E-04,-3.24E-04,-3.22E-04,-3.23E-04,-3.22E-04,-3.21E-04,-3.18E-04,-3.15E-04,-3.13E-04,-3.13E-04,-3.10E-04,-3.04E-04,-2.98E-04,-2.92E-04,-2.86E-04,-2.83E-04,-2.80E-04,-2.77E-04,-2.74E-04,-2.75E-04,-2.76E-04,-2.76E-04,-2.75E-04,-2.73E-04,-2.73E-04,-2.74E-04,-2.73E-04,-2.73E-04,-2.72E-04,-2.68E-04,-2.64E-04,-2.63E-04,-2.65E-04,-2.68E-04,-2.68E-04,-2.68E-04,-2.69E-04,-2.69E-04,-2.68E-04,-2.64E-04,-2.51E-04,-2.36E-04,-2.23E-04,-2.13E-04,-2.07E-04,-2.05E-04,-2.03E-04,-2.02E-04,-2.01E-04,-2.00E-04,-2.00E-04,-1.99E-04,-1.96E-04,-1.95E-04,-1.95E-04,-1.95E-04,-1.97E-04,-2.03E-04,-2.10E-04,-2.16E-04,-2.20E-04,-2.21E-04,-2.21E-04,-2.21E-04,-2.17E-04,-2.12E-04,-2.08E-04,-2.05E-04,-2.02E-04,-2.00E-04,-1.98E-04,-1.97E-04,-1.96E-04,-1.95E-04,-1.95E-04,-1.93E-04,-1.92E-04,-1.92E-04,-1.94E-04,-1.97E-04,-2.00E-04,-2.02E-04
86,LFP1,38,0,37.16153336,-2.05E-04,-2.09E-04,-2.11E-04,-2.10E-04,-2.08E-04,-2.06E-04,-2.06E-04,-2.06E-04,-2.04E-04,-2.03E-04,-2.03E-04,-2.03E-04,-2.05E-04,-2.05E-04,-2.06E-04,-2.07E-04,-2.08E-04,-2.10E-04,-2.12E-04,-2.12E-04,-2.12E-04,-2.12E-04,-2.09E-04,-2.07E-04,-2.05E-04,-2.03E-04,-2.02E-04,-2.01E-04,-2.01E-04,-2.02E-04,-2.03E-04,-2.04E-04,-2.05E-04,-2.03E-04,-2.02E-04,-2.00E-04,-1.98E-04,-1.96E-04,-1.94E-04,-1.91E-04,-1.90E-04,-1.89E-04,-1.87E-04,-1.84E-04,-1.83E-04,-1.82E-04,-1.81E-04,-1.81E-04,-1.82E-04,-1.83E-04,-1.84E-04,-1.84E-04,-1.83E-04,-1.88E-04,-1.92E-04,-1.95E-04,-1.97E-04,-1.98E-04,-2.00E-04,-2.01E-04,-2.02E-04,-2.03E-04,-2.04E-04,-2.06E-04,-2.08E-04,-2.10E-04,-2.11E-04,-2.12E-04,-2.12E-04,-2.11E-04,-2.09E-04,-2.08E-04,-2.08E-04,-2.09E-04,-2.10E-04,-2.12E-04,-2.13E-04,-2.15E-04,-2.15E-04,-2.11E-04,-2.08E-04,-2.07E-04,-2.07E-04,-2.06E-04,-2.05E-04,-2.02E-04,-1.99E-04,-1.97E-04,-1.97E-04,-2.02E-04,-2.07E-04,-2.10E-04,-2.10E-04,-2.10E-04,-2.01E-04,-1.88E-04,-1.77E-04,-1.70E-04,-1.64E-04,-1.60E-04,-1.59E-04,-1.59E-04,-1.62E-04,-1.64E-04,-1.66E-04,-1.69E-04,-1.72E-04,-1.74E-04,-1.77E-04,-1.80E-04,-1.85E-04,-1.94E-04,-2.03E-04,-2.11E-04,-2.19E-04,-2.23E-04,-2.24E-04,-2.24E-04,-2.24E-04,-2.24E-04,-2.26E-04,-2.33E-04,-2.40E-04,-2.45E-04,-2.48E-04,-2.48E-04,-2.49E-04,-2.50E-04,-2.51E-04,-2.52E-04,-2.55E-04,-2.58E-04,-2.59E-04,-2.60E-04,-2.60E-04,-2.59E-04,-2.60E-04,-2.63E-04,-2.68E-04,-2.75E-04,-2.80E-04,-2.86E-04,-2.89E-04,-2.90E-04,-2.92E-04,-2.95E-04,-2.97E-04,-3.01E-04,-3.04E-04,-3.08E-04,-3.13E-04,-3.16E-04,-3.17E-04,-3.18E-04,-3.20E-04,-3.24E-04,-3.27E-04,-3.29E-04,-3.32E-04,-3.36E-04,-3.40E-04,-3.41E-04,-3.40E-04,-3.37E-04,-3.31E-04,-3.25E-04,-3.22E-04,-3.21E-04,-3.24E-04,-3.27E-04,-3.29E-04,-3.31E-04,-3.31E-04,-3.33E-04,-3.36E-04,-3.38E-04,-3.38E-04,-3.37E-04,-3.37E-04,-3.38E-04,-3.40E-04,-3.41E-04,-3.43E-04,-3.45E-04,-3.46E-04,-3.48E-04,-3.49E-04,-3.50E-04,-3.52E-04,-3.53E-04,-3.54E-04,-3.58E-04,-3.63E-04,-3.67E-04,-3.71E-04,-3.72E-04,-3.70E-04,-3.70E-04,-3.73E-04,-3.76E-04,-3.80E-04,-3.86E-04,-3.90E-04,-3.94E-04,-3.97E-04,-3.99E-04,-4.00E-04,-4.03E-04,-4.07E-04,-4.10E-04,-4.10E-04,-4.12E-04,-4.14E-04,-4.17E-04,-4.21E-04,-4.23E-04,-4.25E-04,-4.27E-04,-4.31E-04,-4.34E-04,-4.36E-04,-4.38E-04,-4.40E-04,-4.45E-04,-4.50E-04,-4.47E-04,-4.37E-04,-4.25E-04,-4.15E-04,-4.09E-04,-4.07E-04,-4.06E-04,-4.06E-04,-4.07E-04,-4.10E-04,-4.13E-04,-4.14E-04,-4.15E-04,-4.15E-04,-4.18E-04,-4.24E-04,-4.32E-04,-4.42E-04,-4.52E-04,-4.60E-04,-4.65E-04,-4.69E-04,-4.70E-04,-4.71E-04,-4.72E-04,-4.76E-04,-4.79E-04,-4.80E-04,-4.83E-04,-4.87E-04,-4.91E-04
87,LFP1,38,0,37.2454195,-4.93E-04,-4.94E-04,-4.95E-04,-4.95E-04,-4.93E-04,-4.91E-04,-4.92E-04,-4.94E-04,-4.96E-04,-4.99E-04,-5.00E-04,-5.01E-04,-5.00E-04,-5.00E-04,-4.99E-04,-5.02E-04,-5.08E-04,-5.14E-04,-5.17E-04,-5.19E-04,-5.20E-04,-5.21E-04,-5.22E-04,-5.24E-04,-5.25E-04,-5.26E-04,-5.29E-04,-5.31E-04,-5.32E-04,-5.32E-04,-5.31E-04,-5.31E-04,-5.32E-04,-5.33E-04,-5.33E-04,-5.34E-04,-5.37E-04,-5.40E-04,-5.43E-04,-5.43E-04,-5.44E-04,-5.43E-04,-5.43E-04,-5.43E-04,-5.43E-04,-5.45E-04,-5.47E-04,-5.50E-04,-5.52E-04,-5.54E-04,-5.55E-04,-5.56E-04,-5.57E-04,-5.58E-04,-5.59E-04,-5.61E-04,-5.63E-04,-5.65E-04,-5.67E-04,-5.70E-04,-5.71E-04,-5.71E-04,-5.70E-04,-5.70E-04,-5.72E-04,-5.76E-04,-5.80E-04,-5.85E-04,-5.91E-04,-5.97E-04,-6.01E-04,-6.03E-04,-6.05E-04,-6.06E-04,-6.06E-04,-6.08E-04,-6.11E-04,-6.13E-04,-6.14E-04,-6.13E-04,-6.15E-04,-6.18E-04,-6.19E-04,-6.20E-04,-6.19E-04,-6.21E-04,-6.25E-04,-6.30E-04,-6.35E-04,-6.39E-04,-6.40E-04,-6.41E-04,-6.42E-04,-6.43E-04,-6.43E-04,-6.43E-04,-6.44E-04,-6.45E-04,-6.47E-04,-6.49E-04,-6.52E-04,-6.52E-04,-6.54E-04,-6.57E-04,-6.60E-04,-6.63E-04,-6.64E-04,-6.66E-04,-6.70E-04,-6.72E-04,-6.71E-04,-6.71E-04,-6.72E-04,-6.72E-04,-6.74E-04,-6.78E-04,-6.81E-04,-6.84E-04,-6.85E-04,-6.88E-04,-6.90E-04,-6.92E-04,-6.97E-04,-7.00E-04,-7.01E-04,-7.01E-04,-7.00E-04,-7.00E-04,-7.02E-04,-7.05E-04,-7.09E-04,-7.05E-04,-6.92E-04,-6.78E-04,-6.66E-04,-6.59E-04,-6.57E-04,-6.59E-04,-6.61E-04,-6.66E-04,-6.71E-04,-6.74E-04,-6.76E-04,-6.77E-04,-6.77E-04,-6.77E-04,-6.77E-04,-6.77E-04,-6.77E-04,-6.73E-04,-6.67E-04,-6.64E-04,-6.63E-04,-6.65E-04,-6.70E-04,-6.80E-04,-6.94E-04,-7.08E-04,-7.19E-04,-7.26E-04,-7.30E-04,-7.34E-04,-7.37E-04,-7.42E-04,-7.47E-04,-7.49E-04,-7.50E-04,-7.51E-04,-7.52E-04,-7.54E-04,-7.56E-04,-7.58E-04,-7.61E-04,-7.64E-04,-7.67E-04,-7.71E-04,-7.74E-04,-7.74E-04,-7.74E-04,-7.76E-04,-7.79E-04,-7.82E-04,-7.87E-04,-7.92E-04,-7.95E-04,-7.97E-04,-7.99E-04,-8.00E-04,-8.02E-04,-8.05E-04,-8.09E-04,-8.11E-04,-8.13E-04,-8.15E-04,-8.16E-04,-8.16E-04,-8.14E-04,-8.14E-04,-8.16E-04,-8.18E-04,-8.19E-04,-8.19E-04,-8.19E-04,-8.20E-04,-8.19E-04,-8.20E-04,-8.20E-04,-8.21E-04,-8.24E-04,-8.26E-04,-8.27E-04,-8.28E-04,-8.28E-04,-8.28E-04,-8.28E-04,-8.26E-04,-8.25E-04,-8.25E-04,-8.26E-04,-8.27E-04,-8.28E-04,-8.29E-04,-8.31E-04,-8.32E-04,-8.32E-04,-8.31E-04,-8.31E-04,-8.30E-04,-8.30E-04,-8.29E-04,-8.29E-04,-8.30E-04,-8.33E-04,-8.37E-04,-8.40E-04,-8.41E-04,-8.44E-04,-8.48E-04,-8.53E-04,-8.57E-04,-8.58E-04,-8.57E-04,-8.57E-04,-8.57E-04,-8.57E-04,-8.59E-04,-8.59E-04,-8.58E-04,-8.57E-04,-8.55E-04,-8.55E-04,-8.56E-04,-8.56E-04,-8.57E-04,-8.59E-04,-8.61E-04
88,LFP1,38,0,37.32930565,-8.63E-04,-8.61E-04,-8.59E-04,-8.60E-04,-8.56E-04,-8.34E-04,-8.00E-04,-7.63E-04,-7.35E-04,-7.19E-04,-7.11E-04,-7.09E-04,-7.12E-04,-7.10E-04,-7.03E-04,-6.97E-04,-6.91E-04,-6.91E-04,-7.00E-04,-7.18E-04,-7.36E-04,-7.50E-04,-7.61E-04,-7.67E-04,-7.69E-04,-7.73E-04,-7.82E-04,-7.91E-04,-8.01E-04,-8.08E-04,-8.14E-04,-8.16E-04,-8.16E-04,-8.16E-04,-8.15E-04,-8.16E-04,-8.17E-04,-8.19E-04,-8.20E-04,-8.19E-04,-8.17E-04,-8.16E-04,-8.16E-04,-8.18E-04,-8.20E-04,-8.23E-04,-8.28E-04,-8.32E-04,-8.34E-04,-8.38E-04,-8.42E-04,-8.45E-04,-8.48E-04,-8.51E-04,-8.52E-04,-8.53E-04,-8.53E-04,-8.54E-04,-8.56E-04,-8.59E-04,-8.62E-04,-8.65E-04,-8.68E-04,-8.70E-04,-8.70E-04,-8.70E-04,-8.70E-04,-8.71E-04,-8.72E-04,-8.71E-04,-8.69E-04,-8.67E-04,-8.65E-04,-8.62E-04,-8.61E-04,-8.59E-04,-8.57E-04,-8.55E-04,-8.53E-04,-8.50E-04,-8.46E-04,-8.42E-04,-8.41E-04,-8.41E-04,-8.40E-04,-8.39E-04,-8.38E-04,-8.39E-04,-8.36E-04,-8.33E-04,-8.31E-04,-8.30E-04,-8.31E-04,-8.30E-04,-8.28E-04,-8.30E-04,-8.32E-04,-8.33E-04,-8.32E-04,-8.30E-04,-8.31E-04,-8.30E-04,-8.32E-04,-8.35E-04,-8.37E-04,-8.38E-04,-8.39E-04,-8.38E-04,-8.37E-04,-8.35E-04,-8.36E-04,-8.37E-04,-8.36E-04,-8.37E-04,-8.37E-04,-8.36E-04,-8.34E-04,-8.34E-04,-8.35E-04,-8.37E-04,-8.37E-04,-8.37E-04,-8.37E-04,-8.36E-04,-8.34E-04,-8.32E-04,-8.29E-04,-8.27E-04,-8.24E-04,-8.22E-04,-8.20E-04,-8.17E-04,-8.14E-04,-8.12E-04,-8.10E-04,-8.12E-04,-8.13E-04,-8.14E-04,-8.16E-04,-8.16E-04,-8.15E-04,-8.12E-04,-8.09E-04,-8.07E-04,-8.05E-04,-8.04E-04,-8.03E-04,-8.01E-04,-8.01E-04,-8.01E-04,-8.04E-04,-8.08E-04,-8.12E-04,-8.14E-04,-8.15E-04,-8.10E-04,-7.97E-04,-7.80E-04,-7.64E-04,-7.54E-04,-7.48E-04,-7.46E-04,-7.45E-04,-7.43E-04,-7.42E-04,-7.42E-04,-7.42E-04,-7.42E-04,-7.42E-04,-7.45E-04,-7.54E-04,-7.65E-04,-7.77E-04,-7.86E-04,-7.92E-04,-7.96E-04,-7.98E-04,-7.96E-04,-7.92E-04,-7.89E-04,-7.87E-04,-7.84E-04,-7.79E-04,-7.75E-04,-7.73E-04,-7.71E-04,-7.69E-04,-7.70E-04,-7.69E-04,-7.69E-04,-7.71E-04,-7.70E-04,-7.66E-04,-7.65E-04,-7.64E-04,-7.65E-04,-7.65E-04,-7.65E-04,-7.64E-04,-7.64E-04,-7.65E-04,-7.67E-04,-7.68E-04,-7.72E-04,-7.75E-04,-7.78E-04,-7.81E-04,-7.81E-04,-7.82E-04,-7.82E-04,-7.83E-04,-7.87E-04,-7.92E-04,-7.93E-04,-7.92E-04,-7.89E-04,-7.89E-04,-7.92E-04,-7.94E-04,-7.96E-04,-7.96E-04,-7.94E-04,-7.93E-04,-7.92E-04,-7.93E-04,-7.92E-04,-7.89E-04,-7.87E-04,-7.84E-04,-7.83E-04,-7.81E-04,-7.77E-04,-7.70E-04,-7.65E-04,-7.60E-04,-7.57E-04,-7.56E-04,-7.55E-04,-7.51E-04,-7.50E-04,-7.50E-04,-7.50E-04,-7.48E-04,-7.45E-04,-7.43E-04,-7.41E-04,-7.40E-04,-7.38E-04,-7.37E-04,-7.38E-04,-7.38E-04,-7.38E-04,-7.40E-04,-7.42E-04,-7.44E-04,-7.46E-04
89,LFP1,38,0,37.4131918,-7.48E-04,-7.48E-04,-7.46E-04,-7.45E-04,-7.44E-04,-7.42E-04,-7.41E-04,-7.39E-04,-7.36E-04,-7.33E-04,-7.33E-04,-7.35E-04,-7.35E-04,-7.34E-04,-7.35E-04,-7.37E-04,-7.35E-04,-7.32E-04,-7.29E-04,-7.28E-04,-7.26E-04,-7.24E-04,-7.20E-04,-7.18E-04,-7.15E-04,-7.13E-04,-7.12E-04,-7.11E-04,-7.06E-04,-7.03E-04,-7.02E-04,-7.03E-04,-7.03E-04,-6.93E-04,-6.75E-04,-6.57E-04,-6.45E-04,-6.38E-04,-6.36E-04,-6.33E-04,-6.30E-04,-6.28E-04,-6.27E-04,-6.26E-04,-6.29E-04,-6.37E-04,-6.49E-04,-6.61E-04,-6.70E-04,-6.76E-04,-6.80E-04,-6.82E-04,-6.83E-04,-6.84E-04,-6.84E-04,-6.82E-04,-6.80E-04,-6.80E-04,-6.80E-04,-6.77E-04,-6.74E-04,-6.70E-04,-6.67E-04,-6.67E-04,-6.67E-04,-6.65E-04,-6.61E-04,-6.59E-04,-6.61E-04,-6.65E-04,-6.68E-04,-6.67E-04,-6.62E-04,-6.55E-04,-6.51E-04,-6.50E-04,-6.50E-04,-6.50E-04,-6.49E-04,-6.46E-04,-6.42E-04,-6.40E-04,-6.37E-04,-6.36E-04,-6.35E-04,-6.36E-04,-6.36E-04,-6.33E-04,-6.30E-04,-6.26E-04,-6.22E-04,-6.19E-04,-6.19E-04,-6.19E-04,-6.18E-04,-6.18E-04,-6.20E-04,-6.22E-04,-6.24E-04,-6.26E-04,-6.26E-04,-6.24E-04,-6.20E-04,-6.16E-04,-6.15E-04,-6.12E-04,-6.10E-04,-6.05E-04,-6.00E-04,-5.96E-04,-5.93E-04,-5.90E-04,-5.90E-04,-5.91E-04,-5.93E-04,-5.95E-04,-5.98E-04,-6.01E-04,-6.02E-04,-6.04E-04,-6.06E-04,-6.07E-04,-6.08E-04,-6.09E-04,-6.11E-04,-6.13E-04,-6.14E-04,-6.13E-04,-6.11E-04,-6.10E-04,-6.09E-04,-6.11E-04,-6.17E-04,-6.21E-04,-6.23E-04,-6.23E-04,-6.23E-04,-6.22E-04,-6.21E-04,-6.21E-04,-6.23E-04,-6.24E-04,-6.24E-04,-6.25E-04,-6.28E-04,-6.30E-04,-6.32E-04,-6.33E-04,-6.35E-04,-6.37E-04,-6.37E-04,-6.37E-04,-6.37E-04,-6.39E-04,-6.41E-04,-6.44E-04,-6.46E-04,-6.48E-04,-6.46E-04,-6.34E-04,-6.19E-04,-6.06E-04,-5.96E-04,-5.92E-04,-5.93E-04,-5.96E-04,-5.98E-04,-6.00E-04,-6.02E-04,-6.05E-04,-6.12E-04,-6.23E-04,-6.34E-04,-6.43E-04,-6.49E-04,-6.53E-04,-6.55E-04,-6.56E-04,-6.56E-04,-6.57E-04,-6.58E-04,-6.59E-04,-6.59E-04,-6.58E-04,-6.60E-04,-6.64E-04,-6.69E-04,-6.72E-04,-6.73E-04,-6.75E-04,-6.76E-04,-6.77E-04,-6.71E-04,-6.63E-04,-6.52E-04,-6.44E-04,-6.37E-04,-6.30E-04,-6.28E-04,-6.27E-04,-6.27E-04,-6.27E-04,-6.30E-04,-6.30E-04,-6.30E-04,-6.28E-04,-6.27E-04,-6.26E-04,-6.27E-04,-6.29E-04,-6.30E-04,-6.28E-04,-6.24E-04,-6.18E-04,-6.14E-04,-6.14E-04,-6.16E-04,-6.18E-04,-6.19E-04,-6.19E-04,-6.16E-04,-6.13E-04,-6.10E-04,-6.08E-04,-6.05E-04,-6.05E-04,-6.06E-04,-6.04E-04,-6.02E-04,-6.00E-04,-5.98E-04,-5.97E-04,-5.98E-04,-5.98E-04,-5.99E-04,-6.00E-04,-6.02E-04,-6.03E-04,-6.03E-04,-6.03E-04,-6.02E-04,-6.01E-04,-5.99E-04,-5.99E-04,-6.03E-04,-6.07E-04,-6.09E-04,-6.13E-04,-6.15E-04,-6.17E-04,-6.20E-04,-6.24E-04,-6.27E-04,-6.30E-04,-6.31E-04,-6.32E-04
90,LFP1,38,0,37.4970777,-6.34E-04,-6.35E-04,-6.36E-04,-6.38E-04,-6.40E-04,-6.41E-04,-6.41E-04,-6.41E-04,-6.42E-04,-6.44E-04,-6.48E-04,-6.50E-04,-6.52E-04,-6.55E-04,-6.55E-04,-6.52E-04,-6.49E-04,-6.49E-04,-6.50E-04,-6.53E-04,-6.56E-04,-6.59E-04,-6.61E-04,-6.65E-04,-6.68E-04,-6.69E-04,-6.68E-04,-6.67E-04,-6.67E-04,-6.67E-04,-6.67E-04,-6.69E-04,-6.69E-04,-6.67E-04,-6.63E-04,-6.60E-04,-6.59E-04,-6.59E-04,-6.60E-04,-6.61E-04,-6.62E-04,-6.61E-04,-6.64E-04,-6.66E-04,-6.67E-04,-6.68E-04,-6.64E-04,-6.53E-04,-6.37E-04,-6.26E-04,-6.17E-04,-6.11E-04,-6.07E-04,-6.08E-04,-6.11E-04,-6.14E-04,-6.17E-04,-6.18E-04,-6.19E-04,-6.20E-04,-6.22E-04,-6.29E-04,-6.42E-04,-6.57E-04,-6.71E-04,-6.81E-04,-6.85E-04,-6.86E-04,-6.85E-04,-6.84E-04,-6.85E-04,-6.86E-04,-6.87E-04,-6.88E-04,-6.91E-04,-6.94E-04,-6.96E-04,-6.95E-04,-6.96E-04,-6.96E-04,-6.97E-04,-6.98E-04,-7.01E-04,-7.04E-04,-7.06E-04,-7.06E-04,-7.07E-04,-7.07E-04,-7.09E-04,-7.13E-04,-7.19E-04,-7.24E-04,-7.30E-04,-7.34E-04,-7.37E-04,-7.42E-04,-7.47E-04,-7.51E-04,-7.56E-04,-7.59E-04,-7.62E-04,-7.64E-04,-7.67E-04,-7.68E-04,-7.69E-04,-7.71E-04,-7.74E-04,-7.76E-04,-7.79E-04,-7.81E-04,-7.84E-04,-7.87E-04,-7.90E-04,-7.93E-04,-7.95E-04,-7.98E-04,-8.00E-04,-8.01E-04,-8.03E-04,-8.03E-04,-8.02E-04,-8.02E-04,-7.99E-04,-7.97E-04,-7.97E-04,-7.97E-04,-7.97E-04,-7.98E-04,-7.99E-04,-8.02E-04,-8.06E-04,-8.09E-04,-8.12E-04,-8.15E-04,-8.19E-04,-8.24E-04,-8.26E-04,-8.29E-04,-8.34E-04,-8.41E-04,-8.46E-04,-8.52E-04,-8.56E-04,-8.61E-04,-8.66E-04,-8.69E-04,-8.71E-04,-8.75E-04,-8.79E-04,-8.82E-04,-8.86E-04,-8.89E-04,-8.92E-04,-8.96E-04,-9.00E-04,-9.02E-04,-9.04E-04,-9.05E-04,-9.05E-04,-9.07E-04,-9.10E-04,-9.13E-04,-9.17E-04,-9.21E-04,-9.25E-04,-9.27E-04,-9.27E-04,-9.27E-04,-9.28E-04,-9.29E-04,-9.30E-04,-9.31E-04,-9.32E-04,-9.30E-04,-9.30E-04,-9.29E-04,-9.30E-04,-9.29E-04,-9.28E-04,-9.22E-04,-9.09E-04,-8.94E-04,-8.79E-04,-8.67E-04,-8.59E-04,-8.56E-04,-8.54E-04,-8.53E-04,-8.55E-04,-8.57E-04,-8.59E-04,-8.64E-04,-8.72E-04,-8.83E-04,-8.95E-04,-9.03E-04,-9.08E-04,-9.12E-04,-9.14E-04,-9.14E-04,-9.16E-04,-9.15E-04,-9.15E-04,-9.14E-04,-9.12E-04,-9.09E-04,-9.06E-04,-9.00E-04,-8.95E-04,-8.92E-04,-8.89E-04,-8.87E-04,-8.86E-04,-8.86E-04,-8.84E-04,-8.81E-04,-8.77E-04,-8.74E-04,-8.74E-04,-8.75E-04,-8.75E-04,-8.74E-04,-8.73E-04,-8.74E-04,-8.75E-04,-8.76E-04,-8.76E-04,-8.73E-04,-8.70E-04,-8.66E-04,-8.64E-04,-8.64E-04,-8.64E-04,-8.65E-04,-8.67E-04,-8.69E-04,-8.70E-04,-8.70E-04,-8.67E-04,-8.67E-04,-8.67E-04,-8.67E-04,-8.67E-04,-8.66E-04,-8.64E-04,-8.61E-04,-8.60E-04,-8.61E-04,-8.63E-04,-8.65E-04,-8.64E-04,-8.62E-04,-8.59E-04,-8.57E-04,-8.55E-04,-8.52E-04
91,LFP1,38,0,37.58096385,-8.52E-04,-8.52E-04,-8.51E-04,-8.50E-04,-8.48E-04,-8.46E-04,-8.43E-04,-8.42E-04,-8.43E-04,-8.44E-04,-8.42E-04,-8.39E-04,-8.36E-04,-8.34E-04,-8.33E-04,-8.31E-04,-8.28E-04,-8.24E-04,-8.19E-04,-8.18E-04,-8.19E-04,-8.21E-04,-8.21E-04,-8.21E-04,-8.20E-04,-8.19E-04,-8.16E-04,-8.12E-04,-8.10E-04,-8.09E-04,-8.09E-04,-8.12E-04,-8.11E-04,-8.09E-04,-8.07E-04,-8.07E-04,-8.07E-04,-8.07E-04,-8.06E-04,-8.05E-04,-8.05E-04,-8.05E-04,-8.04E-04,-8.04E-04,-8.03E-04,-8.03E-04,-8.02E-04,-8.02E-04,-8.03E-04,-8.04E-04,-8.01E-04,-7.98E-04,-7.96E-04,-7.94E-04,-7.93E-04,-7.91E-04,-7.88E-04,-7.81E-04,-7.66E-04,-7.49E-04,-7.35E-04,-7.26E-04,-7.21E-04,-7.19E-04,-7.18E-04,-7.18E-04,-7.17E-04,-7.16E-04,-7.09E-04,-6.85E-04,-6.52E-04,-6.27E-04,-6.13E-04,-6.08E-04,-6.10E-04,-6.16E-04,-6.23E-04,-6.31E-04,-6.37E-04,-6.41E-04,-6.48E-04,-6.54E-04,-6.68E-04,-6.86E-04,-7.02E-04,-7.13E-04,-7.18E-04,-7.19E-04,-7.18E-04,-7.17E-04,-7.18E-04,-7.19E-04,-7.19E-04,-7.19E-04,-7.18E-04,-7.16E-04,-7.15E-04,-7.13E-04,-7.14E-04,-7.16E-04,-7.18E-04,-7.18E-04,-7.18E-04,-7.18E-04,-7.18E-04,-7.19E-04,-7.22E-04,-7.25E-04,-7.26E-04,-7.29E-04,-7.34E-04,-7.37E-04,-7.41E-04,-7.42E-04,-7.43E-04,-7.46E-04,-7.48E-04,-7.47E-04,-7.47E-04,-7.47E-04,-7.46E-04,-7.45E-04,-7.45E-04,-7.47E-04,-7.49E-04,-7.50E-04,-7.52E-04,-7.53E-04,-7.54E-04,-7.53E-04,-7.53E-04,-7.54E-04,-7.54E-04,-7.54E-04,-7.54E-04,-7.51E-04,-7.49E-04,-7.48E-04,-7.46E-04,-7.46E-04,-7.47E-04,-7.46E-04,-7.44E-04,-7.39E-04,-7.35E-04,-7.34E-04,-7.36E-04,-7.37E-04,-7.37E-04,-7.35E-04,-7.33E-04,-7.31E-04,-7.30E-04,-7.28E-04,-7.28E-04,-7.26E-04,-7.26E-04,-7.27E-04,-7.27E-04,-7.29E-04,-7.32E-04,-7.35E-04,-7.38E-04,-7.42E-04,-7.45E-04,-7.46E-04,-7.48E-04,-7.51E-04,-7.55E-04,-7.59E-04,-7.62E-04,-7.64E-04,-7.63E-04,-7.64E-04,-7.63E-04,-7.61E-04,-7.54E-04,-7.42E-04,-7.27E-04,-7.14E-04,-7.05E-04,-7.00E-04,-6.96E-04,-6.96E-04,-6.94E-04,-6.90E-04,-6.88E-04,-6.90E-04,-6.99E-04,-7.08E-04,-7.16E-04,-7.20E-04,-7.23E-04,-7.23E-04,-7.19E-04,-7.14E-04,-7.12E-04,-7.10E-04,-7.09E-04,-7.09E-04,-7.09E-04,-7.10E-04,-7.12E-04,-7.15E-04,-7.16E-04,-7.16E-04,-7.16E-04,-7.15E-04,-7.12E-04,-7.10E-04,-7.11E-04,-7.14E-04,-7.17E-04,-7.20E-04,-7.22E-04,-7.25E-04,-7.27E-04,-7.29E-04,-7.33E-04,-7.36E-04,-7.39E-04,-7.41E-04,-7.43E-04,-7.44E-04,-7.45E-04,-7.45E-04,-7.45E-04,-7.43E-04,-7.44E-04,-7.43E-04,-7.42E-04,-7.45E-04,-7.48E-04,-7.50E-04,-7.53E-04,-7.56E-04,-7.58E-04,-7.57E-04,-7.55E-04,-7.53E-04,-7.52E-04,-7.50E-04,-7.49E-04,-7.47E-04,-7.49E-04,-7.50E-04,-7.51E-04,-7.51E-04,-7.51E-04,-7.51E-04,-7.52E-04,-7.50E-04,-7.49E-04,-7.49E-04,-7.49E-04,-7.48E-04
92,LFP1,38,0,37.66485,-7.48E-04,-7.49E-04,-7.52E-04,-7.56E-04,-7.61E-04,-7.65E-04,-7.70E-04,-7.73E-04,-7.78E-04,-7.83E-04,-7.88E-04,-7.92E-04,-7.95E-04,-7.99E-04,-8.01E-04,-8.00E-04,-7.99E-04,-8.00E-04,-8.01E-04,-8.04E-04,-8.06E-04,-8.06E-04,-8.04E-04,-8.01E-04,-7.98E-04,-7.96E-04,-7.96E-04,-7.96E-04,-7.96E-04,-7.98E-04,-8.00E-04,-8.02E-04,-8.01E-04,-8.00E-04,-7.98E-04,-7.97E-04,-7.95E-04,-7.92E-04,-7.90E-04,-7.90E-04,-7.91E-04,-7.88E-04,-7.78E-04,-7.64E-04,-7.50E-04,-7.39E-04,-7.33E-04,-7.27E-04,-7.22E-04,-7.20E-04,-7.21E-04,-7.22E-04,-7.23E-04,-7.23E-04,-7.28E-04,-7.37E-04,-7.47E-04,-7.59E-04,-7.70E-04,-7.79E-04,-7.84E-04,-7.88E-04,-7.89E-04,-7.89E-04,-7.90E-04,-7.89E-04,-7.87E-04,-7.87E-04,-7.87E-04,-7.88E-04,-7.91E-04,-7.93E-04,-7.91E-04,-7.86E-04,-7.84E-04,-7.85E-04,-7.83E-04,-7.81E-04,-7.77E-04,-7.73E-04,-7.72E-04,-7.74E-04,-7.77E-04,-7.80E-04,-7.83E-04,-7.87E-04,-7.89E-04,-7.91E-04,-7.92E-04,-7.91E-04,-7.90E-04,-7.91E-04,-7.93E-04,-7.94E-04,-7.96E-04,-7.96E-04,-7.97E-04,-7.97E-04,-7.98E-04,-7.98E-04,-7.97E-04,-7.96E-04,-7.93E-04,-7.90E-04,-7.90E-04,-7.90E-04,-7.91E-04,-7.92E-04,-7.94E-04,-7.96E-04,-7.98E-04,-8.00E-04,-8.00E-04,-8.02E-04,-8.04E-04,-8.05E-04,-8.07E-04,-8.08E-04,-8.08E-04,-8.08E-04,-8.08E-04,-8.06E-04,-8.06E-04,-8.05E-04,-8.08E-04,-8.12E-04,-8.16E-04,-8.17E-04,-8.18E-04,-8.18E-04,-8.18E-04,-8.18E-04,-8.20E-04,-8.21E-04,-8.23E-04,-8.27E-04,-8.31E-04,-8.34E-04,-8.36E-04,-8.38E-04,-8.38E-04,-8.38E-04,-8.38E-04,-8.43E-04,-8.46E-04,-8.48E-04,-8.49E-04,-8.50E-04,-8.49E-04,-8.49E-04,-8.48E-04,-8.48E-04,-8.47E-04,-8.44E-04,-8.43E-04,-8.42E-04,-8.41E-04,-8.38E-04,-8.36E-04,-8.38E-04,-8.40E-04,-8.35E-04,-8.23E-04,-8.10E-04,-7.99E-04,-7.90E-04,-7.83E-04,-7.79E-04,-7.77E-04,-7.78E-04,-7.81E-04,-7.86E-04,-7.90E-04,-7.96E-04,-8.04E-04,-8.12E-04,-8.19E-04,-8.23E-04,-8.28E-04,-8.29E-04,-8.31E-04,-8.34E-04,-8.37E-04,-8.37E-04,-8.32E-04,-8.29E-04,-8.27E-04,-8.26E-04,-8.26E-04,-8.28E-04,-8.29E-04,-8.31E-04,-8.32E-04,-8.33E-04,-8.34E-04,-8.36E-04,-8.39E-04,-8.41E-04,-8.41E-04,-8.40E-04,-8.39E-04,-8.39E-04,-8.39E-04,-8.39E-04,-8.40E-04,-8.44E-04,-8.48E-04,-8.50E-04,-8.49E-04,-8.48E-04,-8.49E-04,-8.49E-04,-8.48E-04,-8.50E-04,-8.53E-04,-8.57E-04,-8.60E-04,-8.60E-04,-8.59E-04,-8.57E-04,-8.54E-04,-8.52E-04,-8.54E-04,-8.58E-04,-8.61E-04,-8.62E-04,-8.61E-04,-8.60E-04,-8.56E-04,-8.54E-04,-8.54E-04,-8.57E-04,-8.61E-04,-8.62E-04,-8.61E-04,-8.60E-04,-8.59E-04,-8.56E-04,-8.55E-04,-8.53E-04,-8.50E-04,-8.51E-04,-8.50E-04,-8.51E-04,-8.53E-04,-8.52E-04,-8.50E-04,-8.49E-04,-8.48E-04,-8.46E-04,-8.44E-04,-8.43E-04,-8.41E-04,-8.40E-04,-8.41E-04,-8.43E-04
93,LFP1,38,0,37.7487359,-8.45E-04,-8.45E-04,-8.45E-04,-8.44E-04,-8.44E-04,-8.44E-04,-8.44E-04,-8.44E-04,-8.44E-04,-8.41E-04,-8.38E-04,-8.38E-04,-8.38E-04,-8.39E-04,-8.40E-04,-8.40E-04,-8.40E-04,-8.38E-04,-8.36E-04,-8.35E-04,-8.33E-04,-8.30E-04,-8.27E-04,-8.24E-04,-8.22E-04,-8.24E-04,-8.24E-04,-8.21E-04,-8.17E-04,-8.14E-04,-8.12E-04,-8.10E-04,-8.07E-04,-8.05E-04,-8.04E-04,-8.03E-04,-8.03E-04,-8.03E-04,-8.04E-04,-8.05E-04,-8.04E-04,-8.01E-04,-8.00E-04,-7.98E-04,-8.01E-04,-8.03E-04,-8.00E-04,-7.91E-04,-7.77E-04,-7.63E-04,-7.53E-04,-7.48E-04,-7.44E-04,-7.41E-04,-7.41E-04,-7.43E-04,-7.45E-04,-7.46E-04,-7.44E-04,-7.43E-04,-7.42E-04,-7.42E-04,-7.42E-04,-7.43E-04,-7.50E-04,-7.58E-04,-7.67E-04,-7.74E-04,-7.79E-04,-7.81E-04,-7.81E-04,-7.80E-04,-7.79E-04,-7.79E-04,-7.80E-04,-7.80E-04,-7.80E-04,-7.79E-04,-7.80E-04,-7.83E-04,-7.86E-04,-7.87E-04,-7.86E-04,-7.87E-04,-7.88E-04,-7.86E-04,-7.86E-04,-7.85E-04,-7.85E-04,-7.86E-04,-7.87E-04,-7.89E-04,-7.91E-04,-7.92E-04,-7.90E-04,-7.89E-04,-7.89E-04,-7.91E-04,-7.92E-04,-7.95E-04,-7.98E-04,-8.01E-04,-8.03E-04,-8.03E-04,-8.01E-04,-7.99E-04,-7.98E-04,-7.98E-04,-7.99E-04,-8.00E-04,-8.01E-04,-8.02E-04,-8.01E-04,-8.00E-04,-7.98E-04,-7.95E-04,-7.91E-04,-7.88E-04,-7.86E-04,-7.85E-04,-7.83E-04,-7.80E-04,-7.77E-04,-7.75E-04,-7.74E-04,-7.74E-04,-7.73E-04,-7.70E-04,-7.66E-04,-7.62E-04,-7.61E-04,-7.57E-04,-7.54E-04,-7.53E-04,-7.56E-04,-7.57E-04,-7.56E-04,-7.55E-04,-7.55E-04,-7.54E-04,-7.50E-04,-7.45E-04,-7.41E-04,-7.40E-04,-7.37E-04,-7.35E-04,-7.34E-04,-7.35E-04,-7.33E-04,-7.27E-04,-7.21E-04,-7.16E-04,-7.10E-04,-7.06E-04,-7.03E-04,-7.01E-04,-7.01E-04,-7.03E-04,-7.06E-04,-7.07E-04,-7.07E-04,-7.07E-04,-7.05E-04,-7.02E-04,-6.97E-04,-6.93E-04,-6.91E-04,-6.88E-04,-6.86E-04,-6.86E-04,-6.84E-04,-6.81E-04,-6.80E-04,-6.78E-04,-6.77E-04,-6.74E-04,-6.73E-04,-6.72E-04,-6.72E-04,-6.73E-04,-6.74E-04,-6.76E-04,-6.77E-04,-6.71E-04,-6.58E-04,-6.45E-04,-6.32E-04,-6.24E-04,-6.23E-04,-6.25E-04,-6.27E-04,-6.29E-04,-6.30E-04,-6.31E-04,-6.31E-04,-6.32E-04,-6.33E-04,-6.34E-04,-6.34E-04,-6.35E-04,-6.37E-04,-6.43E-04,-6.50E-04,-6.55E-04,-6.60E-04,-6.64E-04,-6.65E-04,-6.65E-04,-6.66E-04,-6.67E-04,-6.68E-04,-6.66E-04,-6.63E-04,-6.63E-04,-6.64E-04,-6.63E-04,-6.61E-04,-6.60E-04,-6.59E-04,-6.59E-04,-6.60E-04,-6.61E-04,-6.59E-04,-6.58E-04,-6.57E-04,-6.56E-04,-6.54E-04,-6.51E-04,-6.50E-04,-6.50E-04,-6.51E-04,-6.51E-04,-6.50E-04,-6.45E-04,-6.38E-04,-6.32E-04,-6.30E-04,-6.31E-04,-6.32E-04,-6.34E-04,-6.37E-04,-6.38E-04,-6.38E-04,-6.35E-04,-6.32E-04,-6.29E-04,-6.27E-04,-6.25E-04,-6.21E-04,-6.17E-04,-6.14E-04,-6.12E-04,-6.10E-04,-6.07E-04,-6.06E-04,-6.07E-04
94,LFP1,38,0,37.83262205,-6.07E-04,-6.06E-04,-6.05E-04,-6.05E-04,-6.03E-04,-6.01E-04,-5.99E-04,-5.97E-04,-5.94E-04,-5.91E-04,-5.88E-04,-5.86E-04,-5.84E-04,-5.82E-04,-5.79E-04,-5.77E-04,-5.76E-04,-5.74E-04,-5.70E-04,-5.67E-04,-5.65E-04,-5.62E-04,-5.61E-04,-5.59E-04,-5.59E-04,-5.60E-04,-5.61E-04,-5.61E-04,-5.57E-04,-5.53E-04,-5.53E-04,-5.54E-04,-5.54E-04,-5.52E-04,-5.51E-04,-5.50E-04,-5.46E-04,-5.43E-04,-5.42E-04,-5.40E-04,-5.38E-04,-5.36E-04,-5.33E-04,-5.29E-04,-5.27E-04,-5.25E-04,-5.24E-04,-5.22E-04,-5.19E-04,-5.20E-04,-5.21E-04,-5.20E-04,-5.19E-04,-5.15E-04,-5.12E-04,-5.08E-04,-5.07E-04,-5.05E-04,-5.03E-04,-5.04E-04,-5.01E-04,-5.01E-04,-5.00E-04,-4.99E-04,-4.98E-04,-4.95E-04,-4.89E-04,-4.83E-04,-4.80E-04,-4.80E-04,-4.81E-04,-4.80E-04,-4.81E-04,-4.82E-04,-4.81E-04,-4.79E-04,-4.78E-04,-4.76E-04,-4.74E-04,-4.67E-04,-4.55E-04,-4.40E-04,-4.27E-04,-4.17E-04,-4.09E-04,-4.06E-04,-4.05E-04,-4.05E-04,-4.07E-04,-4.09E-04,-4.10E-04,-4.12E-04,-4.12E-04,-4.09E-04,-4.05E-04,-4.00E-04,-3.96E-04,-3.91E-04,-3.88E-04,-3.87E-04,-3.87E-04,-3.90E-04,-3.96E-04,-4.02E-04,-4.07E-04,-4.10E-04,-4.15E-04,-4.18E-04,-4.14E-04,-4.11E-04,-4.09E-04,-4.08E-04,-4.07E-04,-4.02E-04,-3.99E-04,-3.95E-04,-3.92E-04,-3.92E-04,-3.93E-04,-3.94E-04,-3.94E-04,-3.93E-04,-3.89E-04,-3.83E-04,-3.79E-04,-3.77E-04,-3.77E-04,-3.78E-04,-3.80E-04,-3.81E-04,-3.78E-04,-3.76E-04,-3.75E-04,-3.74E-04,-3.74E-04,-3.73E-04,-3.72E-04,-3.73E-04,-3.73E-04,-3.74E-04,-3.75E-04,-3.74E-04,-3.75E-04,-3.75E-04,-3.74E-04,-3.73E-04,-3.70E-04,-3.64E-04,-3.59E-04,-3.57E-04,-3.55E-04,-3.55E-04,-3.53E-04,-3.51E-04,-3.49E-04,-3.48E-04,-3.47E-04,-3.46E-04,-3.43E-04,-3.41E-04,-3.38E-04,-3.36E-04,-3.33E-04,-3.31E-04,-3.28E-04,-3.27E-04,-3.28E-04,-3.28E-04,-3.30E-04,-3.32E-04,-3.30E-04,-3.23E-04,-3.14E-04,-3.03E-04,-2.94E-04,-2.89E-04,-2.87E-04,-2.86E-04,-2.85E-04,-2.83E-04,-2.81E-04,-2.80E-04,-2.79E-04,-2.79E-04,-2.79E-04,-2.80E-04,-2.79E-04,-2.79E-04,-2.80E-04,-2.82E-04,-2.81E-04,-2.78E-04,-2.76E-04,-2.76E-04,-2.74E-04,-2.71E-04,-2.68E-04,-2.66E-04,-2.63E-04,-2.61E-04,-2.61E-04,-2.59E-04,-2.58E-04,-2.55E-04,-2.53E-04,-2.53E-04,-2.52E-04,-2.51E-04,-2.50E-04,-2.47E-04,-2.44E-04,-2.41E-04,-2.37E-04,-2.33E-04,-2.29E-04,-2.23E-04,-2.12E-04,-1.96E-04,-1.76E-04,-1.56E-04,-1.39E-04,-1.25E-04,-1.14E-04,-1.05E-04,-9.86E-05,-9.28E-05,-8.88E-05,-8.42E-05,-7.78E-05,-6.81E-05,-5.70E-05,-4.64E-05,-3.73E-05,-2.96E-05,-2.22E-05,-1.62E-05,-1.16E-05,-9.40E-06,-8.75E-06,-9.49E-06,-1.13E-05,-1.03E-05,-8.13E-06,-6.57E-06,-5.96E-06,-4.23E-06,-1.21E-06,-1.65E-06,-7.14E-06,-1.44E-05,-1.84E-05,-2.12E-05,-2.21E-05,-2.25E-05,-2.27E-05,-2.35E-05
95,LFP1,38,0,37.9165082,-2.26E-05,-2.11E-05,-1.92E-05,-1.77E-05,-1.92E-05,-2.25E-05,-2.59E-05,-2.97E-05,-3.26E-05,-3.34E-05,-3.25E-05,-3.05E-05,-2.99E-05,-3.07E-05,-3.15E-05,-3.08E-05,-2.93E-05,-2.90E-05,-3.08E-05,-3.32E-05,-3.64E-05,-3.85E-05,-3.95E-05,-4.21E-05,-4.62E-05,-4.92E-05,-5.18E-05,-5.36E-05,-5.45E-05,-5.47E-05,-5.52E-05,-5.55E-05,-5.54E-05,-4.34E-05,-1.58E-05,1.77E-05,4.70E-05,6.90E-05,8.24E-05,8.76E-05,8.98E-05,8.90E-05,8.49E-05,7.94E-05,7.33E-05,6.89E-05,6.04E-05,4.40E-05,2.61E-05,1.22E-05,3.82E-06,-1.39E-07,-6.96E-07,-9.33E-07,-1.16E-06,-3.56E-07,8.69E-07,1.41E-06,2.66E-06,5.38E-06,7.80E-06,1.17E-05,1.50E-05,1.63E-05,1.60E-05,1.52E-05,1.42E-05,1.36E-05,1.17E-05,9.66E-06,6.21E-06,2.33E-06,-4.68E-07,-1.42E-06,-3.09E-06,-5.59E-06,-7.86E-06,-1.26E-05,-1.62E-05,-1.80E-05,-1.90E-05,-1.99E-05,-2.09E-05,-2.01E-05,-1.99E-05,-2.17E-05,-2.56E-05,-3.11E-05,-3.77E-05,-4.10E-05,-4.20E-05,-4.05E-05,-3.81E-05,-3.52E-05,-3.35E-05,-3.26E-05,-3.05E-05,-2.81E-05,-2.61E-05,-2.50E-05,-2.17E-05,-1.83E-05,-1.70E-05,-1.86E-05,-2.09E-05,-2.05E-05,-2.08E-05,-2.09E-05,-2.09E-05,-2.12E-05,-2.11E-05,-1.95E-05,-1.98E-05,-2.03E-05,-2.14E-05,-2.26E-05,-2.26E-05,-1.68E-05,-8.85E-06,3.51E-07,8.51E-06,1.24E-05,1.22E-05,8.75E-06,2.95E-06,-2.72E-06,-8.08E-06,-1.32E-05,-1.72E-05,-2.04E-05,-2.23E-05,-2.52E-05,-2.93E-05,-3.32E-05,-3.67E-05,-3.97E-05,-4.31E-05,-5.02E-05,-5.82E-05,-6.46E-05,-7.07E-05,-7.51E-05,-7.89E-05,-8.20E-05,-8.31E-05,-8.20E-05,-8.07E-05,-7.85E-05,-7.73E-05,-7.58E-05,-7.40E-05,-7.18E-05,-7.07E-05,-6.82E-05,-6.50E-05,-6.08E-05,-6.05E-05,-6.17E-05,-6.45E-05,-6.68E-05,-6.76E-05,-6.92E-05,-7.03E-05,-6.94E-05,-6.95E-05,-7.39E-05,-7.82E-05,-8.09E-05,-8.31E-05,-8.63E-05,-8.62E-05,-8.74E-05,-9.21E-05,-9.72E-05,-1.01E-04,-1.05E-04,-1.09E-04,-1.13E-04,-1.17E-04,-1.21E-04,-1.27E-04,-1.32E-04,-1.36E-04,-1.38E-04,-1.40E-04,-1.41E-04,-1.40E-04,-1.41E-04,-1.44E-04,-1.48E-04,-1.51E-04,-1.51E-04,-1.49E-04,-1.48E-04,-1.46E-04,-1.44E-04,-1.43E-04,-1.41E-04,-1.39E-04,-1.37E-04,-1.34E-04,-1.32E-04,-1.31E-04,-1.32E-04,-1.34E-04,-1.35E-04,-1.36E-04,-1.38E-04,-1.40E-04,-1.42E-04,-1.43E-04,-1.46E-04,-1.47E-04,-1.48E-04,-1.50E-04,-1.52E-04,-1.53E-04,-1.54E-04,-1.55E-04,-1.55E-04,-1.56E-04,-1.58E-04,-1.60E-04,-1.64E-04,-1.66E-04,-1.68E-04,-1.71E-04,-1.73E-04,-1.76E-04,-1.79E-04,-1.83E-04,-1.86E-04,-1.88E-04,-1.88E-04,-1.85E-04,-1.81E-04,-1.79E-04,-1.78E-04,-1.80E-04,-1.83E-04,-1.86E-04,-1.86E-04,-1.85E-04,-1.82E-04,-1.79E-04,-1.76E-04,-1.73E-04,-1.73E-04,-1.71E-04,-1.69E-04,-1.67E-04,-1.65E-04,-1.62E-04,-1.59E-04,-1.57E-04,-1.55E-04
96,LFP1,38,0,38.00039434,-1.52E-04,-1.52E-04,-1.53E-04,-1.56E-04,-1.59E-04,-1.59E-04,-1.60E-04,-1.61E-04,-1.59E-04,-1.58E-04,-1.55E-04,-1.52E-04,-1.51E-04,-1.50E-04,-1.50E-04,-1.48E-04,-1.49E-04,-1.49E-04,-1.50E-04,-1.48E-04,-1.36E-04,-1.21E-04,-1.08E-04,-9.87E-05,-9.35E-05,-9.32E-05,-9.55E-05,-9.80E-05,-1.03E-04,-1.08E-04,-1.12E-04,-1.15E-04,-1.19E-04,-1.20E-04,-1.24E-04,-1.24E-04,-1.22E-04,-1.22E-04,-1.24E-04,-1.24E-04,-1.24E-04,-1.25E-04,-1.26E-04,-1.28E-04,-1.33E-04,-1.40E-04,-1.45E-04,-1.49E-04,-1.53E-04,-1.56E-04,-1.59E-04,-1.64E-04,-1.67E-04,-1.67E-04,-1.67E-04,-1.68E-04,-1.70E-04,-1.70E-04,-1.69E-04,-1.70E-04,-1.71E-04,-1.72E-04,-1.73E-04,-1.75E-04,-1.78E-04,-1.81E-04,-1.86E-04,-1.91E-04,-1.96E-04,-2.00E-04,-2.04E-04,-2.07E-04,-2.09E-04,-2.12E-04,-2.15E-04,-2.18E-04,-2.20E-04,-2.22E-04,-2.25E-04,-2.29E-04,-2.33E-04,-2.35E-04,-2.38E-04,-2.40E-04,-2.41E-04,-2.41E-04,-2.41E-04,-2.42E-04,-2.42E-04,-2.43E-04,-2.44E-04,-2.46E-04,-2.48E-04,-2.49E-04,-2.50E-04,-2.48E-04,-2.46E-04,-2.45E-04,-2.46E-04,-2.45E-04,-2.41E-04,-2.39E-04,-2.36E-04,-2.35E-04,-2.35E-04,-2.38E-04,-2.40E-04,-2.41E-04,-2.39E-04,-2.40E-04,-2.41E-04,-2.41E-04,-2.43E-04,-2.45E-04,-2.46E-04,-2.47E-04,-2.47E-04,-2.46E-04,-2.48E-04,-2.52E-04,-2.53E-04,-2.55E-04,-2.58E-04,-2.60E-04,-2.64E-04,-2.67E-04,-2.69E-04,-2.70E-04,-2.69E-04,-2.67E-04,-2.64E-04,-2.63E-04,-2.63E-04,-2.62E-04,-2.62E-04,-2.64E-04,-2.65E-04,-2.66E-04,-2.68E-04,-2.68E-04,-2.66E-04,-2.66E-04,-2.66E-04,-2.68E-04,-2.68E-04,-2.67E-04,-2.66E-04,-2.64E-04,-2.64E-04,-2.64E-04,-2.66E-04,-2.67E-04,-2.69E-04,-2.71E-04,-2.71E-04,-2.68E-04,-2.67E-04,-2.65E-04,-2.63E-04,-2.63E-04,-2.64E-04,-2.64E-04,-2.64E-04,-2.65E-04,-2.65E-04,-2.66E-04,-2.67E-04,-2.68E-04,-2.69E-04,-2.70E-04,-2.70E-04,-2.69E-04,-2.70E-04,-2.71E-04,-2.70E-04,-2.69E-04,-2.62E-04,-2.48E-04,-2.32E-04,-2.17E-04,-2.07E-04,-2.00E-04,-1.96E-04,-1.95E-04,-1.97E-04,-1.99E-04,-1.99E-04,-1.99E-04,-1.99E-04,-2.00E-04,-2.02E-04,-2.03E-04,-2.02E-04,-2.02E-04,-1.99E-04,-1.97E-04,-2.01E-04,-2.10E-04,-2.21E-04,-2.30E-04,-2.36E-04,-2.39E-04,-2.41E-04,-2.43E-04,-2.46E-04,-2.48E-04,-2.51E-04,-2.53E-04,-2.53E-04,-2.51E-04,-2.50E-04,-2.51E-04,-2.55E-04,-2.59E-04,-2.62E-04,-2.65E-04,-2.69E-04,-2.72E-04,-2.74E-04,-2.77E-04,-2.79E-04,-2.82E-04,-2.84E-04,-2.85E-04,-2.88E-04,-2.90E-04,-2.94E-04,-2.96E-04,-2.96E-04,-2.94E-04,-2.91E-04,-2.90E-04,-2.91E-04,-2.96E-04,-3.02E-04,-3.06E-04,-3.10E-04,-3.12E-04,-3.14E-04,-3.15E-04,-3.16E-04,-3.14E-04,-3.13E-04,-3.13E-04,-3.13E-04,-3.15E-04,-3.13E-04,-3.13E-04,-3.12E-04,-3.08E-04,-3.05E-04,-3.01E-04,-2.98E-04,-2.97E-04,-2.96E-04,-2.95E-04
97,LFP1,38,0,38.08428025,-2.92E-04,-2.90E-04,-2.88E-04,-2.85E-04,-2.83E-04,-2.81E-04,-2.84E-04,-2.87E-04,-2.88E-04,-2.88E-04,-2.86E-04,-2.87E-04,-2.88E-04,-2.88E-04,-2.88E-04,-2.88E-04,-2.88E-04,-2.89E-04,-2.90E-04,-2.90E-04,-2.94E-04,-2.99E-04,-3.03E-04,-3.04E-04,-3.04E-04,-3.04E-04,-3.04E-04,-3.04E-04,-3.06E-04,-3.05E-04,-3.05E-04,-3.05E-04,-3.07E-04,-3.08E-04,-3.09E-04,-3.09E-04,-3.06E-04,-3.02E-04,-2.97E-04,-2.93E-04,-2.91E-04,-2.90E-04,-2.89E-04,-2.86E-04,-2.84E-04,-2.84E-04,-2.83E-04,-2.81E-04,-2.79E-04,-2.77E-04,-2.75E-04,-2.74E-04,-2.73E-04,-2.71E-04,-2.70E-04,-2.70E-04,-2.72E-04,-2.74E-04,-2.74E-04,-2.73E-04,-2.73E-04,-2.73E-04,-2.73E-04,-2.73E-04,-2.75E-04,-2.76E-04,-2.74E-04,-2.73E-04,-2.71E-04,-2.70E-04,-2.70E-04,-2.71E-04,-2.75E-04,-2.75E-04,-2.73E-04,-2.73E-04,-2.75E-04,-2.75E-04,-2.75E-04,-2.74E-04,-2.76E-04,-2.77E-04,-2.79E-04,-2.80E-04,-2.79E-04,-2.76E-04,-2.71E-04,-2.66E-04,-2.63E-04,-2.61E-04,-2.62E-04,-2.66E-04,-2.72E-04,-2.77E-04,-2.81E-04,-2.79E-04,-2.69E-04,-2.53E-04,-2.36E-04,-2.25E-04,-2.18E-04,-2.12E-04,-2.09E-04,-2.08E-04,-2.06E-04,-2.05E-04,-2.05E-04,-2.05E-04,-2.05E-04,-2.04E-04,-2.03E-04,-2.01E-04,-1.99E-04,-1.96E-04,-1.96E-04,-1.98E-04,-2.05E-04,-2.13E-04,-2.23E-04,-2.34E-04,-2.40E-04,-2.42E-04,-2.41E-04,-2.38E-04,-2.33E-04,-2.31E-04,-2.30E-04,-2.30E-04,-2.29E-04,-2.27E-04,-2.24E-04,-2.24E-04,-2.25E-04,-2.24E-04,-2.23E-04,-2.23E-04,-2.23E-04,-2.23E-04,-2.22E-04,-2.23E-04,-2.22E-04,-2.23E-04,-2.23E-04,-2.22E-04,-2.23E-04,-2.25E-04,-2.29E-04,-2.32E-04,-2.35E-04,-2.36E-04,-2.38E-04,-2.38E-04,-2.41E-04,-2.43E-04,-2.44E-04,-2.44E-04,-2.42E-04,-2.41E-04,-2.38E-04,-2.35E-04,-2.31E-04,-2.30E-04,-2.31E-04,-2.33E-04,-2.35E-04,-2.35E-04,-2.36E-04,-2.36E-04,-2.37E-04,-2.37E-04,-2.35E-04,-2.33E-04,-2.32E-04,-2.33E-04,-2.35E-04,-2.38E-04,-2.42E-04,-2.45E-04,-2.47E-04,-2.48E-04,-2.49E-04,-2.50E-04,-2.52E-04,-2.52E-04,-2.53E-04,-2.51E-04,-2.50E-04,-2.51E-04,-2.53E-04,-2.54E-04,-2.53E-04,-2.54E-04,-2.55E-04,-2.54E-04,-2.54E-04,-2.55E-04,-2.57E-04,-2.56E-04,-2.55E-04,-2.54E-04,-2.53E-04,-2.54E-04,-2.57E-04,-2.59E-04,-2.63E-04,-2.67E-04,-2.69E-04,-2.72E-04,-2.76E-04,-2.79E-04,-2.81E-04,-2.83E-04,-2.84E-04,-2.84E-04,-2.84E-04,-2.87E-04,-2.91E-04,-2.94E-04,-2.96E-04,-2.98E-04,-2.97E-04,-2.96E-04,-2.95E-04,-2.95E-04,-2.96E-04,-2.96E-04,-2.98E-04,-2.98E-04,-2.99E-04,-3.00E-04,-3.02E-04,-3.07E-04,-3.10E-04,-3.11E-04,-3.13E-04,-3.14E-04,-3.16E-04,-3.17E-04,-3.16E-04,-3.14E-04,-3.11E-04,-3.07E-04,-3.03E-04,-3.02E-04,-3.02E-04,-3.02E-04,-3.01E-04,-2.99E-04,-2.97E-04,-2.94E-04,-2.86E-04,-2.69E-04,-2.53E-04,-2.42E-04,-2.36E-04,-2.35E-04
98,LFP1,38,0,38.1681664,-2.36E-04,-2.35E-04,-2.33E-04,-2.32E-04,-2.31E-04,-2.29E-04,-2.27E-04,-2.25E-04,-2.21E-04,-2.19E-04,-2.18E-04,-2.22E-04,-2.28E-04,-2.34E-04,-2.38E-04,-2.40E-04,-2.40E-04,-2.40E-04,-2.41E-04,-2.43E-04,-2.44E-04,-2.44E-04,-2.42E-04,-2.40E-04,-2.36E-04,-2.31E-04,-2.30E-04,-2.29E-04,-2.27E-04,-2.25E-04,-2.25E-04,-2.26E-04,-2.26E-04,-2.25E-04,-2.25E-04,-2.26E-04,-2.26E-04,-2.25E-04,-2.25E-04,-2.27E-04,-2.28E-04,-2.28E-04,-2.28E-04,-2.25E-04,-2.21E-04,-2.17E-04,-2.13E-04,-2.12E-04,-2.12E-04,-2.13E-04,-2.15E-04,-2.15E-04,-2.13E-04,-2.10E-04,-2.08E-04,-2.06E-04,-2.04E-04,-2.02E-04,-1.99E-04,-1.97E-04,-1.94E-04,-1.94E-04,-1.94E-04,-1.95E-04,-1.93E-04,-1.89E-04,-1.86E-04,-1.85E-04,-1.82E-04,-1.80E-04,-1.76E-04,-1.73E-04,-1.71E-04,-1.70E-04,-1.69E-04,-1.66E-04,-1.65E-04,-1.64E-04,-1.63E-04,-1.62E-04,-1.60E-04,-1.57E-04,-1.56E-04,-1.55E-04,-1.53E-04,-1.53E-04,-1.52E-04,-1.52E-04,-1.51E-04,-1.50E-04,-1.49E-04,-1.48E-04,-1.47E-04,-1.47E-04,-1.45E-04,-1.45E-04,-1.46E-04,-1.46E-04,-1.45E-04,-1.43E-04,-1.43E-04,-1.44E-04,-1.46E-04,-1.48E-04,-1.49E-04,-1.49E-04,-1.50E-04,-1.50E-04,-1.47E-04,-1.44E-04,-1.43E-04,-1.42E-04,-1.39E-04,-1.37E-04,-1.34E-04,-1.31E-04,-1.27E-04,-1.23E-04,-1.20E-04,-1.21E-04,-1.23E-04,-1.23E-04,-1.24E-04,-1.24E-04,-1.23E-04,-1.20E-04,-1.19E-04,-1.17E-04,-1.17E-04,-1.16E-04,-1.16E-04,-1.16E-04,-1.16E-04,-1.15E-04,-1.15E-04,-1.15E-04,-1.15E-04,-1.15E-04,-1.16E-04,-1.17E-04,-1.18E-04,-1.17E-04,-1.13E-04,-1.06E-04,-9.86E-05,-8.53E-05,-6.98E-05,-5.64E-05,-4.74E-05,-4.26E-05,-4.03E-05,-3.87E-05,-3.87E-05,-3.94E-05,-3.88E-05,-3.62E-05,-3.43E-05,-3.34E-05,-3.32E-05,-3.28E-05,-3.87E-05,-4.85E-05,-5.72E-05,-6.34E-05,-6.68E-05,-6.87E-05,-6.71E-05,-6.45E-05,-6.06E-05,-5.53E-05,-5.06E-05,-4.78E-05,-4.71E-05,-4.94E-05,-5.34E-05,-5.49E-05,-5.37E-05,-5.17E-05,-5.02E-05,-4.91E-05,-4.85E-05,-4.98E-05,-5.21E-05,-5.45E-05,-5.75E-05,-5.93E-05,-6.14E-05,-6.46E-05,-6.71E-05,-6.82E-05,-6.82E-05,-7.13E-05,-7.58E-05,-7.86E-05,-8.23E-05,-8.72E-05,-9.29E-05,-9.75E-05,-1.00E-04,-1.02E-04,-1.03E-04,-1.02E-04,-1.01E-04,-1.01E-04,-1.04E-04,-1.10E-04,-1.15E-04,-1.16E-04,-1.17E-04,-1.17E-04,-1.17E-04,-1.17E-04,-1.17E-04,-1.17E-04,-1.16E-04,-1.15E-04,-1.15E-04,-1.13E-04,-1.10E-04,-1.07E-04,-1.03E-04,-1.01E-04,-1.00E-04,-1.01E-04,-1.03E-04,-1.05E-04,-1.04E-04,-1.03E-04,-1.01E-04,-9.71E-05,-9.24E-05,-9.01E-05,-8.92E-05,-8.80E-05,-8.86E-05,-9.05E-05,-9.07E-05,-8.88E-05,-8.69E-05,-8.67E-05,-8.93E-05,-9.22E-05,-9.51E-05,-9.59E-05,-9.43E-05,-9.30E-05,-9.16E-05,-8.86E-05,-8.53E-05,-7.98E-05,-7.40E-05,-7.12E-05,-7.18E-05,-7.27E-05,-7.39E-05,-7.59E-05
99,LFP1,38,0,38.25205255,-7.96E-05,-8.39E-05,-8.64E-05,-8.70E-05,-8.73E-05,-8.41E-05,-7.96E-05,-7.83E-05,-7.80E-05,-7.75E-05,-7.74E-05,-7.56E-05,-7.42E-05,-7.51E-05,-7.57E-05,-7.79E-05,-8.00E-05,-8.14E-05,-8.09E-05,-7.87E-05,-7.67E-05,-7.50E-05,-7.36E-05,-6.78E-05,-5.60E-05,-4.35E-05,-3.42E-05,-2.92E-05,-2.76E-05,-2.64E-05,-2.56E-05,-2.57E-05,-2.65E-05,-2.78E-05,-2.75E-05,-2.71E-05,-3.15E-05,-4.07E-05,-4.98E-05,-5.56E-05,-5.86E-05,-6.04E-05,-6.22E-05,-6.24E-05,-6.23E-05,-6.24E-05,-6.38E-05,-6.43E-05,-6.52E-05,-6.67E-05,-6.67E-05,-6.49E-05,-6.24E-05,-6.06E-05,-5.90E-05,-5.75E-05,-5.58E-05,-5.79E-05,-5.87E-05,-5.79E-05,-5.61E-05,-5.31E-05,-5.00E-05,-4.85E-05,-4.70E-05,-4.37E-05,-3.99E-05,-3.91E-05,-4.10E-05,-4.24E-05,-4.42E-05,-4.40E-05,-4.38E-05,-4.22E-05,-4.13E-05,-4.14E-05,-4.18E-05,-4.26E-05,-4.28E-05,-4.44E-05,-4.45E-05,-4.52E-05,-4.56E-05,-4.49E-05,-4.47E-05,-4.51E-05,-4.32E-05,-4.01E-05,-3.72E-05,-3.30E-05,-2.89E-05,-2.56E-05,-2.31E-05,-2.14E-05,-1.94E-05,-1.76E-05,-1.53E-05,-1.46E-05,-1.09E-05,-6.55E-06,-4.23E-06,-3.94E-06,-3.58E-06,-2.18E-06,-1.48E-06,-3.16E-07,8.79E-07,2.06E-06,1.55E-06,-7.03E-08,-2.53E-06,-4.06E-06,-3.98E-06,-4.59E-06,-4.68E-06,-3.00E-06,-9.12E-07,3.13E-07,1.76E-06,4.06E-06,4.18E-06,4.46E-06,6.28E-06,5.58E-06,6.46E-06,8.16E-06,1.12E-05,1.36E-05,1.56E-05,1.81E-05,2.00E-05,2.04E-05,1.94E-05,1.65E-05,1.44E-05,1.49E-05,1.56E-05,1.76E-05,1.91E-05,1.86E-05,1.83E-05,2.93E-05,5.97E-05,9.66E-05,1.29E-04,1.53E-04,1.67E-04,1.70E-04,1.68E-04,1.63E-04,1.56E-04,1.47E-04,1.39E-04,1.32E-04,1.27E-04,1.23E-04,1.13E-04,9.71E-05,7.98E-05,6.53E-05,5.62E-05,5.26E-05,5.10E-05,5.25E-05,6.20E-05,7.59E-05,9.00E-05,1.01E-04,1.08E-04,1.11E-04,1.11E-04,1.11E-04,1.12E-04,1.12E-04,1.13E-04,1.14E-04,1.16E-04,1.16E-04,1.17E-04,1.17E-04,1.13E-04,1.03E-04,9.10E-05,8.13E-05,7.45E-05,7.06E-05,6.57E-05,6.06E-05,5.74E-05,5.48E-05,5.14E-05,4.96E-05,4.86E-05,5.16E-05,5.49E-05,5.72E-05,5.81E-05,5.75E-05,5.61E-05,5.29E-05,5.03E-05,5.01E-05,4.84E-05,4.74E-05,4.91E-05,5.15E-05,5.28E-05,5.17E-05,5.41E-05,5.63E-05,5.63E-05,5.58E-05,5.63E-05,5.62E-05,5.56E-05,5.33E-05,5.10E-05,5.08E-05,5.50E-05,5.82E-05,5.91E-05,5.74E-05,5.74E-05,5.85E-05,6.04E-05,6.03E-05,6.10E-05,6.00E-05,5.93E-05,5.75E-05,5.63E-05,5.51E-05,5.60E-05,5.86E-05,6.13E-05,6.12E-05,6.04E-05,6.06E-05,6.20E-05,6.40E-05,6.68E-05,6.90E-05,6.92E-05,6.83E-05,6.89E-05,7.00E-05,7.04E-05,7.08E-05,7.10E-05,6.92E-05,6.57E-05,6.36E-05,6.44E-05,6.50E-05,6.56E-05,6.61E-05
100,LFP1,38,0,38.33593845,6.41E-05,6.34E-05,6.41E-05,6.48E-05,6.56E-05,6.60E-05,6.48E-05,6.30E-05,6.32E-05,6.42E-05,6.59E-05,6.72E-05,7.03E-05,7.18E-05,7.25E-05,7.25E-05,7.18E-05,7.05E-05,6.99E-05,6.70E-05,6.30E-05,6.10E-05,6.15E-05,6.15E-05,5.99E-05,5.69E-05,5.42E-05,5.26E-05,5.03E-05,4.69E-05,4.39E-05,4.01E-05,3.70E-05,3.53E-05,3.32E-05,3.27E-05,3.28E-05,3.01E-05,3.10E-05,3.82E-05,4.67E-05,5.72E-05,6.67E-05,7.25E-05,7.39E-05,7.15E-05,6.93E-05,6.79E-05,6.53E-05,6.35E-05,6.41E-05,6.47E-05,6.13E-05,5.55E-05,4.95E-05,4.22E-05,3.69E-05,3.23E-05,2.90E-05,2.66E-05,2.69E-05,2.99E-05,3.10E-05,3.00E-05,2.87E-05,2.77E-05,2.73E-05,2.67E-05,2.64E-05,2.53E-05,2.46E-05,2.33E-05,2.24E-05,2.08E-05,1.96E-05,1.75E-05,1.44E-05,1.11E-05,8.58E-06,7.86E-06,6.54E-06,5.72E-06,4.14E-06,2.00E-06,3.69E-07,-1.56E-06,-4.55E-06,-8.73E-06,-1.19E-05,-1.38E-05,-1.49E-05,-1.71E-05,-2.01E-05,-2.11E-05,-2.14E-05,-2.24E-05,-2.32E-05,-2.41E-05,-2.47E-05,-2.59E-05,-2.63E-05,-2.65E-05,-2.56E-05,-2.49E-05,-2.41E-05,-2.32E-05,-2.28E-05,-2.16E-05,-2.09E-05,-2.06E-05,-1.95E-05,-2.02E-05,-2.00E-05,-1.88E-05,-1.57E-05,-1.27E-05,-1.35E-05,-1.82E-05,-2.22E-05,-2.58E-05,-3.05E-05,-3.23E-05,-3.16E-05,-2.92E-05,-2.75E-05,-2.68E-05,-2.56E-05,-2.41E-05,-2.38E-05,-2.46E-05,-2.47E-05,-2.41E-05,-2.08E-05,-1.78E-05,-1.84E-05,-2.06E-05,-2.27E-05,-2.48E-05,-2.50E-05,-2.60E-05,-2.76E-05,-3.00E-05,-3.15E-05,-3.13E-05,-2.92E-05,-2.97E-05,-3.21E-05,-3.32E-05,-3.28E-05,-3.26E-05,-3.30E-05,-3.20E-05,-3.00E-05,-2.84E-05,-2.66E-05,-2.29E-05,-1.78E-05,-1.25E-05,-9.78E-06,-8.60E-06,-6.54E-06,-4.40E-06,-2.39E-06,-1.02E-06,-2.92E-07,1.64E-06,6.45E-06,1.25E-05,1.52E-05,1.61E-05,1.81E-05,2.68E-05,3.95E-05,5.43E-05,6.86E-05,7.81E-05,8.42E-05,9.01E-05,9.68E-05,1.00E-04,1.01E-04,1.03E-04,1.05E-04,1.05E-04,1.05E-04,1.04E-04,1.05E-04,1.04E-04,9.95E-05,9.27E-05,8.72E-05,8.31E-05,8.06E-05,8.01E-05,7.96E-05,7.68E-05,7.51E-05,7.46E-05,7.61E-05,7.56E-05,7.28E-05,7.06E-05,7.13E-05,7.17E-05,7.12E-05,7.26E-05,7.41E-05,7.57E-05,7.63E-05,7.72E-05,7.96E-05,8.09E-05,7.97E-05,7.66E-05,7.34E-05,6.97E-05,6.70E-05,6.48E-05,6.22E-05,5.95E-05,5.59E-05,5.25E-05,5.01E-05,4.84E-05,4.69E-05,4.41E-05,3.94E-05,3.56E-05,3.41E-05,3.33E-05,3.26E-05,3.33E-05,3.34E-05,3.11E-05,3.02E-05,3.06E-05,2.92E-05,2.52E-05,2.01E-05,1.64E-05,1.39E-05,1.28E-05,1.34E-05,1.52E-05,1.77E-05,1.95E-05,2.01E-05,2.12E-05,1.97E-05,1.83E-05,1.66E-05,1.64E-05,1.43E-05,9.66E-06,5.48E-06,2.69E-06
101,LFP1,38,0,38.4198246,1.08E-06,1.52E-06,3.77E-06,6.07E-06,7.60E-06,7.92E-06,8.93E-06,9.82E-06,9.67E-06,9.48E-06,9.28E-06,7.50E-06,4.81E-06,4.68E-06,3.34E-06,3.04E-06,3.66E-06,3.77E-06,4.94E-06,6.35E-06,5.52E-06,3.14E-06,1.99E-06,5.63E-07,-1.13E-06,-3.09E-06,-4.66E-06,-7.07E-06,-7.98E-06,-7.56E-06,-5.58E-06,-2.06E-06,2.10E-07,1.13E-06,5.34E-07,-1.53E-07,-6.53E-07,5.87E-08,1.43E-06,3.06E-06,7.03E-06,1.71E-05,2.78E-05,3.71E-05,4.46E-05,4.93E-05,5.22E-05,5.49E-05,5.68E-05,5.93E-05,6.16E-05,6.55E-05,6.78E-05,6.93E-05,6.65E-05,6.14E-05,5.37E-05,4.60E-05,4.05E-05,3.75E-05,3.58E-05,3.61E-05,3.69E-05,3.83E-05,4.13E-05,4.48E-05,4.95E-05,5.22E-05,5.23E-05,5.27E-05,5.21E-05,5.18E-05,5.29E-05,5.41E-05,5.28E-05,5.19E-05,5.04E-05,4.93E-05,4.75E-05,4.57E-05,4.39E-05,4.29E-05,4.39E-05,4.61E-05,4.58E-05,4.46E-05,4.44E-05,4.47E-05,4.42E-05,4.48E-05,4.59E-05,4.56E-05,4.62E-05,4.90E-05,5.03E-05,5.22E-05,5.28E-05,5.14E-05,5.02E-05,4.89E-05,4.80E-05,4.93E-05,5.07E-05,5.24E-05,5.31E-05,5.29E-05,5.33E-05,5.32E-05,5.41E-05,5.44E-05,5.56E-05,5.73E-05,5.95E-05,6.27E-05,6.24E-05,6.04E-05,6.03E-05,6.19E-05,6.37E-05,6.57E-05,6.97E-05,7.46E-05,7.79E-05,8.21E-05,8.61E-05,8.87E-05,8.89E-05,8.98E-05,8.92E-05,8.83E-05,8.73E-05,8.69E-05,8.95E-05,9.16E-05,9.18E-05,9.09E-05,9.00E-05,9.25E-05,9.51E-05,9.67E-05,9.76E-05,9.85E-05,1.00E-04,1.01E-04,1.03E-04,1.05E-04,1.05E-04,1.04E-04,1.02E-04,1.01E-04,1.02E-04,1.02E-04,1.03E-04,1.08E-04,1.12E-04,1.13E-04,1.13E-04,1.12E-04,1.13E-04,1.13E-04,1.14E-04,1.15E-04,1.15E-04,1.18E-04,1.23E-04,1.28E-04,1.39E-04,1.53E-04,1.64E-04,1.70E-04,1.74E-04,1.75E-04,1.75E-04,1.75E-04,1.72E-04,1.68E-04,1.68E-04,1.68E-04,1.64E-04,1.56E-04,1.46E-04,1.35E-04,1.25E-04,1.18E-04,1.13E-04,1.09E-04,1.04E-04,1.03E-04,1.04E-04,1.05E-04,1.06E-04,1.04E-04,1.04E-04,1.06E-04,1.07E-04,1.06E-04,1.02E-04,9.97E-05,9.81E-05,9.77E-05,9.84E-05,9.72E-05,9.71E-05,9.86E-05,1.00E-04,1.03E-04,1.07E-04,1.09E-04,1.11E-04,1.11E-04,1.13E-04,1.13E-04,1.13E-04,1.14E-04,1.14E-04,1.13E-04,1.13E-04,1.13E-04,1.12E-04,1.10E-04,1.10E-04,1.11E-04,1.14E-04,1.16E-04,1.20E-04,1.22E-04,1.23E-04,1.21E-04,1.21E-04,1.23E-04,1.23E-04,1.25E-04,1.28E-04,1.31E-04,1.34E-04,1.36E-04,1.38E-04,1.39E-04,1.39E-04,1.38E-04,1.37E-04,1.39E-04,1.41E-04,1.43E-04,1.45E-04,1.46E-04,1.45E-04,1.42E-04,1.39E-04,1.36E-04,1.33E-04,1.32E-04,1.33E-04,1.35E-04,1.36E-04,1.36E-04
102,LFP1,38,0,38.50371075,1.34E-04,1.33E-04,1.33E-04,1.33E-04,1.33E-04,1.34E-04,1.34E-04,1.34E-04,1.34E-04,1.34E-04,1.36E-04,1.37E-04,1.38E-04,1.40E-04,1.39E-04,1.39E-04,1.41E-04,1.43E-04,1.44E-04,1.43E-04,1.41E-04,1.39E-04,1.36E-04,1.36E-04,1.35E-04,1.36E-04,1.38E-04,1.38E-04,1.40E-04,1.40E-04,1.41E-04,1.41E-04,1.41E-04,1.40E-04,1.40E-04,1.41E-04,1.44E-04,1.48E-04,1.51E-04,1.54E-04,1.57E-04,1.59E-04,1.61E-04,1.60E-04,1.59E-04,1.59E-04,1.61E-04,1.64E-04,1.64E-04,1.63E-04,1.61E-04,1.61E-04,1.61E-04,1.62E-04,1.72E-04,1.88E-04,2.04E-04,2.18E-04,2.29E-04,2.36E-04,2.38E-04,2.39E-04,2.38E-04,2.36E-04,2.34E-04,2.29E-04,2.21E-04,2.08E-04,1.95E-04,1.83E-04,1.76E-04,1.75E-04,1.74E-04,1.74E-04,1.75E-04,1.77E-04,1.80E-04,1.82E-04,1.85E-04,1.88E-04,1.90E-04,1.91E-04,1.92E-04,1.93E-04,1.94E-04,1.97E-04,1.99E-04,1.99E-04,2.00E-04,2.01E-04,2.03E-04,2.02E-04,2.00E-04,1.97E-04,1.95E-04,1.93E-04,1.94E-04,1.94E-04,1.90E-04,1.88E-04,1.86E-04,1.86E-04,1.87E-04,1.87E-04,1.86E-04,1.85E-04,1.84E-04,1.84E-04,1.85E-04,1.85E-04,1.84E-04,1.83E-04,1.80E-04,1.78E-04,1.77E-04,1.76E-04,1.77E-04,1.80E-04,1.81E-04,1.81E-04,1.80E-04,1.78E-04,1.80E-04,1.82E-04,1.84E-04,1.84E-04,1.84E-04,1.84E-04,1.84E-04,1.86E-04,1.89E-04,1.92E-04,1.95E-04,1.95E-04,1.94E-04,1.94E-04,1.96E-04,1.98E-04,1.96E-04,1.95E-04,1.96E-04,1.97E-04,1.95E-04,1.93E-04,1.92E-04,1.89E-04,1.87E-04,1.87E-04,1.87E-04,1.87E-04,1.84E-04,1.82E-04,1.81E-04,1.81E-04,1.83E-04,1.85E-04,1.85E-04,1.84E-04,1.81E-04,1.81E-04,1.84E-04,1.96E-04,2.12E-04,2.27E-04,2.37E-04,2.42E-04,2.38E-04,2.25E-04,2.12E-04,2.02E-04,1.95E-04,1.88E-04,1.85E-04,1.85E-04,1.87E-04,1.87E-04,1.87E-04,1.87E-04,1.89E-04,1.92E-04,1.92E-04,1.93E-04,1.96E-04,1.98E-04,2.00E-04,2.00E-04,1.99E-04,1.97E-04,1.93E-04,1.89E-04,1.86E-04,1.85E-04,1.86E-04,1.86E-04,1.86E-04,1.83E-04,1.80E-04,1.76E-04,1.72E-04,1.68E-04,1.64E-04,1.62E-04,1.59E-04,1.58E-04,1.58E-04,1.56E-04,1.54E-04,1.52E-04,1.48E-04,1.43E-04,1.39E-04,1.39E-04,1.40E-04,1.39E-04,1.36E-04,1.31E-04,1.25E-04,1.19E-04,1.15E-04,1.09E-04,1.06E-04,1.07E-04,1.10E-04,1.11E-04,1.10E-04,1.08E-04,1.06E-04,1.04E-04,1.02E-04,9.93E-05,9.67E-05,9.50E-05,9.39E-05,9.50E-05,9.38E-05,9.21E-05,9.25E-05,9.36E-05,9.43E-05,9.55E-05,9.64E-05,9.59E-05,9.52E-05,9.36E-05,8.84E-05,8.30E-05,7.57E-05,6.94E-05,6.67E-05,6.59E-05,6.33E-05,6.12E-05,5.85E-05,5.56E-05,5.32E-05,5.06E-05
103,LFP1,38,0,38.58759689,4.44E-05,3.90E-05,3.58E-05,3.28E-05,3.02E-05,2.83E-05,2.96E-05,3.41E-05,4.86E-05,6.50E-05,7.80E-05,8.70E-05,9.16E-05,9.20E-05,8.47E-05,7.12E-05,5.84E-05,4.79E-05,3.91E-05,3.35E-05,2.90E-05,2.67E-05,2.77E-05,2.96E-05,2.99E-05,2.79E-05,2.60E-05,2.67E-05,2.80E-05,3.12E-05,3.34E-05,3.56E-05,3.76E-05,3.91E-05,3.99E-05,3.80E-05,3.67E-05,3.61E-05,3.52E-05,3.26E-05,3.06E-05,2.86E-05,2.57E-05,2.42E-05,2.58E-05,2.64E-05,2.58E-05,2.55E-05,2.53E-05,2.57E-05,2.77E-05,2.92E-05,2.80E-05,2.51E-05,2.15E-05,2.03E-05,2.02E-05,2.12E-05,2.21E-05,2.13E-05,1.99E-05,1.94E-05,1.88E-05,2.08E-05,2.30E-05,2.52E-05,2.38E-05,2.30E-05,2.40E-05,2.38E-05,2.40E-05,2.48E-05,2.65E-05,2.78E-05,2.68E-05,2.59E-05,2.59E-05,2.90E-05,3.23E-05,3.32E-05,3.21E-05,3.05E-05,3.23E-05,3.49E-05,3.59E-05,3.69E-05,3.92E-05,4.24E-05,4.42E-05,4.38E-05,4.41E-05,4.55E-05,4.75E-05,4.87E-05,4.76E-05,4.64E-05,4.61E-05,4.54E-05,4.76E-05,5.00E-05,5.18E-05,5.19E-05,5.06E-05,4.94E-05,4.85E-05,4.71E-05,4.72E-05,4.88E-05,4.90E-05,4.92E-05,5.09E-05,5.29E-05,5.53E-05,5.80E-05,5.94E-05,5.99E-05,6.09E-05,6.21E-05,6.22E-05,6.22E-05,6.18E-05,6.31E-05,6.68E-05,7.02E-05,7.56E-05,8.16E-05,8.62E-05,8.90E-05,9.08E-05,9.27E-05,9.23E-05,9.00E-05,8.75E-05,9.45E-05,1.11E-04,1.32E-04,1.50E-04,1.64E-04,1.75E-04,1.80E-04,1.81E-04,1.73E-04,1.60E-04,1.44E-04,1.31E-04,1.23E-04,1.20E-04,1.18E-04,1.19E-04,1.19E-04,1.18E-04,1.17E-04,1.17E-04,1.17E-04,1.17E-04,1.15E-04,1.16E-04,1.18E-04,1.20E-04,1.23E-04,1.24E-04,1.23E-04,1.21E-04,1.20E-04,1.18E-04,1.14E-04,1.11E-04,1.09E-04,1.07E-04,1.07E-04,1.08E-04,1.06E-04,1.04E-04,1.04E-04,1.02E-04,9.88E-05,9.48E-05,9.37E-05,9.38E-05,9.49E-05,9.49E-05,9.52E-05,9.59E-05,9.50E-05,9.21E-05,9.01E-05,8.92E-05,8.85E-05,8.74E-05,8.75E-05,1.04E-04,1.36E-04,1.70E-04,1.97E-04,2.12E-04,2.18E-04,2.18E-04,2.15E-04,2.10E-04,2.05E-04,2.00E-04,1.95E-04,1.89E-04,1.84E-04,1.76E-04,1.59E-04,1.38E-04,1.20E-04,1.07E-04,1.00E-04,9.55E-05,9.50E-05,9.49E-05,9.35E-05,9.36E-05,9.59E-05,9.87E-05,1.00E-04,1.01E-04,9.97E-05,9.68E-05,9.75E-05,9.80E-05,9.78E-05,9.61E-05,9.45E-05,9.49E-05,9.40E-05,9.15E-05,8.90E-05,8.57E-05,8.26E-05,7.90E-05,7.71E-05,7.40E-05,6.90E-05,6.55E-05,6.32E-05,6.07E-05,5.93E-05,5.89E-05,5.86E-05,5.82E-05,5.50E-05,5.17E-05,5.00E-05,4.63E-05,4.38E-05,4.29E-05,4.29E-05,4.38E-05,4.59E-05,5.17E-05,6.51E-05,8.19E-05,9.80E-05
104,LFP1,38,0,38.6714828,1.11E-04,1.18E-04,1.20E-04,1.21E-04,1.16E-04,1.06E-04,9.35E-05,8.43E-05,8.12E-05,7.91E-05,7.78E-05,7.72E-05,7.66E-05,7.69E-05,7.77E-05,7.98E-05,8.10E-05,8.34E-05,8.56E-05,8.79E-05,9.01E-05,9.09E-05,9.00E-05,8.92E-05,8.72E-05,8.56E-05,8.28E-05,8.02E-05,7.61E-05,7.29E-05,7.07E-05,7.10E-05,7.28E-05,7.32E-05,7.26E-05,7.03E-05,6.86E-05,6.88E-05,6.84E-05,6.72E-05,6.60E-05,6.27E-05,5.90E-05,5.68E-05,5.60E-05,5.74E-05,5.88E-05,6.03E-05,6.27E-05,6.69E-05,6.97E-05,7.00E-05,6.85E-05,6.73E-05,6.66E-05,6.78E-05,7.10E-05,7.54E-05,7.93E-05,8.40E-05,8.71E-05,8.86E-05,8.99E-05,9.12E-05,9.32E-05,9.33E-05,9.38E-05,9.46E-05,9.60E-05,9.67E-05,9.71E-05,9.80E-05,9.77E-05,9.70E-05,9.52E-05,9.33E-05,9.17E-05,8.96E-05,8.81E-05,8.72E-05,8.47E-05,8.21E-05,8.26E-05,8.21E-05,7.99E-05,7.76E-05,7.65E-05,7.60E-05,7.48E-05,7.37E-05,7.30E-05,7.25E-05,7.83E-05,8.99E-05,1.02E-04,1.13E-04,1.16E-04,1.10E-04,1.01E-04,9.24E-05,8.61E-05,8.26E-05,8.19E-05,8.33E-05,8.44E-05,8.42E-05,8.68E-05,9.18E-05,9.68E-05,9.88E-05,9.94E-05,1.01E-04,1.02E-04,1.03E-04,1.03E-04,1.03E-04,1.04E-04,1.08E-04,1.13E-04,1.16E-04,1.15E-04,1.17E-04,1.18E-04,1.18E-04,1.18E-04,1.19E-04,1.20E-04,1.19E-04,1.18E-04,1.18E-04,1.19E-04,1.20E-04,1.21E-04,1.19E-04,1.18E-04,1.20E-04,1.23E-04,1.23E-04,1.22E-04,1.21E-04,1.21E-04,1.20E-04,1.20E-04,1.21E-04,1.24E-04,1.24E-04,1.25E-04,1.24E-04,1.24E-04,1.23E-04,1.24E-04,1.24E-04,1.24E-04,1.23E-04,1.24E-04,1.26E-04,1.28E-04,1.28E-04,1.29E-04,1.30E-04,1.29E-04,1.29E-04,1.29E-04,1.30E-04,1.31E-04,1.32E-04,1.32E-04,1.32E-04,1.31E-04,1.31E-04,1.32E-04,1.35E-04,1.36E-04,1.35E-04,1.35E-04,1.37E-04,1.41E-04,1.43E-04,1.42E-04,1.40E-04,1.37E-04,1.35E-04,1.33E-04,1.34E-04,1.45E-04,1.65E-04,1.82E-04,1.95E-04,2.01E-04,1.98E-04,1.90E-04,1.79E-04,1.70E-04,1.64E-04,1.61E-04,1.59E-04,1.60E-04,1.60E-04,1.60E-04,1.60E-04,1.59E-04,1.60E-04,1.63E-04,1.65E-04,1.67E-04,1.68E-04,1.71E-04,1.75E-04,1.79E-04,1.82E-04,1.84E-04,1.83E-04,1.80E-04,1.79E-04,1.79E-04,1.79E-04,1.81E-04,1.83E-04,1.86E-04,1.88E-04,1.88E-04,1.87E-04,1.86E-04,1.85E-04,1.84E-04,1.83E-04,1.79E-04,1.76E-04,1.74E-04,1.72E-04,1.72E-04,1.71E-04,1.71E-04,1.69E-04,1.66E-04,1.63E-04,1.60E-04,1.57E-04,1.56E-04,1.56E-04,1.55E-04,1.52E-04,1.47E-04,1.43E-04,1.41E-04,1.39E-04,1.36E-04,1.35E-04,1.37E-04,1.39E-04,1.40E-04,1.39E-04,1.38E-04,1.37E-04,1.37E-04,1.36E-04
105,LFP1,38,0,38.75536895,1.36E-04,1.37E-04,1.39E-04,1.42E-04,1.42E-04,1.43E-04,1.44E-04,1.46E-04,1.48E-04,1.48E-04,1.49E-04,1.52E-04,1.54E-04,1.53E-04,1.51E-04,1.48E-04,1.48E-04,1.49E-04,1.51E-04,1.51E-04,1.49E-04,1.47E-04,1.44E-04,1.45E-04,1.56E-04,1.72E-04,1.88E-04,1.97E-04,1.99E-04,1.93E-04,1.80E-04,1.65E-04,1.56E-04,1.49E-04,1.43E-04,1.38E-04,1.37E-04,1.35E-04,1.30E-04,1.26E-04,1.22E-04,1.18E-04,1.16E-04,1.16E-04,1.17E-04,1.20E-04,1.22E-04,1.24E-04,1.23E-04,1.22E-04,1.23E-04,1.24E-04,1.24E-04,1.25E-04,1.25E-04,1.27E-04,1.28E-04,1.28E-04,1.28E-04,1.31E-04,1.32E-04,1.31E-04,1.29E-04,1.28E-04,1.30E-04,1.33E-04,1.34E-04,1.34E-04,1.31E-04,1.29E-04,1.28E-04,1.27E-04,1.27E-04,1.25E-04,1.23E-04,1.21E-04,1.19E-04,1.18E-04,1.18E-04,1.20E-04,1.24E-04,1.29E-04,1.33E-04,1.36E-04,1.36E-04,1.37E-04,1.36E-04,1.31E-04,1.29E-04,1.27E-04,1.24E-04,1.23E-04,1.21E-04,1.20E-04,1.22E-04,1.22E-04,1.22E-04,1.24E-04,1.26E-04,1.28E-04,1.29E-04,1.30E-04,1.30E-04,1.29E-04,1.29E-04,1.31E-04,1.34E-04,1.35E-04,1.35E-04,1.33E-04,1.31E-04,1.31E-04,1.31E-04,1.33E-04,1.36E-04,1.38E-04,1.39E-04,1.37E-04,1.40E-04,1.52E-04,1.66E-04,1.79E-04,1.88E-04,1.89E-04,1.82E-04,1.70E-04,1.59E-04,1.49E-04,1.42E-04,1.39E-04,1.35E-04,1.33E-04,1.31E-04,1.30E-04,1.30E-04,1.33E-04,1.35E-04,1.36E-04,1.37E-04,1.37E-04,1.37E-04,1.36E-04,1.34E-04,1.35E-04,1.36E-04,1.37E-04,1.36E-04,1.36E-04,1.38E-04,1.36E-04,1.34E-04,1.32E-04,1.30E-04,1.30E-04,1.31E-04,1.33E-04,1.31E-04,1.26E-04,1.23E-04,1.21E-04,1.16E-04,1.12E-04,1.08E-04,1.06E-04,1.06E-04,1.06E-04,1.04E-04,1.00E-04,9.73E-05,9.56E-05,9.44E-05,9.30E-05,9.10E-05,8.90E-05,8.87E-05,8.92E-05,8.97E-05,8.96E-05,8.91E-05,8.81E-05,8.79E-05,8.62E-05,8.51E-05,8.58E-05,8.63E-05,8.62E-05,8.72E-05,8.97E-05,9.17E-05,9.21E-05,9.37E-05,9.65E-05,9.55E-05,9.22E-05,9.07E-05,9.12E-05,9.29E-05,9.37E-05,9.40E-05,9.54E-05,9.59E-05,9.61E-05,9.69E-05,9.85E-05,1.01E-04,1.02E-04,1.04E-04,1.07E-04,1.10E-04,1.11E-04,1.10E-04,1.10E-04,1.10E-04,1.11E-04,1.13E-04,1.16E-04,1.20E-04,1.23E-04,1.28E-04,1.30E-04,1.31E-04,1.32E-04,1.32E-04,1.33E-04,1.32E-04,1.29E-04,1.28E-04,1.27E-04,1.28E-04,1.29E-04,1.30E-04,1.31E-04,1.31E-04,1.34E-04,1.35E-04,1.35E-04,1.36E-04,1.38E-04,1.41E-04,1.43E-04,1.43E-04,1.43E-04,1.42E-04,1.41E-04,1.42E-04,1.44E-04,1.46E-04,1.47E-04,1.49E-04,1.51E-04,1.54E-04,1.57E-04,1.62E-04,1.66E-04,1.68E-04,1.69E-04
106,LFP1,38,0,38.83925509,1.71E-04,1.71E-04,1.72E-04,1.74E-04,1.75E-04,1.77E-04,1.78E-04,1.80E-04,1.83E-04,1.87E-04,1.97E-04,2.15E-04,2.35E-04,2.51E-04,2.62E-04,2.67E-04,2.70E-04,2.72E-04,2.77E-04,2.83E-04,2.83E-04,2.76E-04,2.65E-04,2.55E-04,2.45E-04,2.38E-04,2.35E-04,2.36E-04,2.37E-04,2.40E-04,2.43E-04,2.47E-04,2.49E-04,2.49E-04,2.48E-04,2.47E-04,2.45E-04,2.45E-04,2.46E-04,2.48E-04,2.51E-04,2.54E-04,2.59E-04,2.62E-04,2.63E-04,2.64E-04,2.63E-04,2.63E-04,2.64E-04,2.64E-04,2.66E-04,2.70E-04,2.73E-04,2.77E-04,2.78E-04,2.78E-04,2.76E-04,2.73E-04,2.72E-04,2.72E-04,2.74E-04,2.74E-04,2.74E-04,2.76E-04,2.78E-04,2.78E-04,2.78E-04,2.76E-04,2.72E-04,2.66E-04,2.65E-04,2.65E-04,2.68E-04,2.71E-04,2.75E-04,2.77E-04,2.79E-04,2.84E-04,2.88E-04,2.91E-04,2.92E-04,2.91E-04,2.90E-04,2.91E-04,2.93E-04,2.98E-04,3.03E-04,3.04E-04,3.02E-04,3.00E-04,2.97E-04,2.97E-04,2.96E-04,2.97E-04,2.98E-04,2.97E-04,2.97E-04,2.99E-04,3.00E-04,3.01E-04,2.99E-04,2.97E-04,2.97E-04,2.97E-04,2.98E-04,2.97E-04,2.95E-04,2.92E-04,2.88E-04,2.83E-04,2.80E-04,2.85E-04,2.97E-04,3.10E-04,3.24E-04,3.34E-04,3.36E-04,3.30E-04,3.21E-04,3.10E-04,3.00E-04,2.95E-04,2.91E-04,2.87E-04,2.87E-04,2.90E-04,2.94E-04,2.98E-04,3.03E-04,3.05E-04,3.07E-04,3.09E-04,3.12E-04,3.17E-04,3.23E-04,3.27E-04,3.28E-04,3.29E-04,3.31E-04,3.32E-04,3.31E-04,3.31E-04,3.32E-04,3.33E-04,3.32E-04,3.32E-04,3.33E-04,3.34E-04,3.34E-04,3.34E-04,3.34E-04,3.35E-04,3.36E-04,3.35E-04,3.35E-04,3.36E-04,3.37E-04,3.37E-04,3.36E-04,3.33E-04,3.31E-04,3.29E-04,3.28E-04,3.25E-04,3.24E-04,3.22E-04,3.21E-04,3.21E-04,3.22E-04,3.24E-04,3.24E-04,3.23E-04,3.20E-04,3.17E-04,3.15E-04,3.15E-04,3.16E-04,3.18E-04,3.17E-04,3.17E-04,3.18E-04,3.19E-04,3.21E-04,3.23E-04,3.27E-04,3.29E-04,3.31E-04,3.32E-04,3.32E-04,3.32E-04,3.30E-04,3.29E-04,3.30E-04,3.32E-04,3.34E-04,3.34E-04,3.35E-04,3.35E-04,3.35E-04,3.34E-04,3.32E-04,3.30E-04,3.29E-04,3.32E-04,3.40E-04,3.48E-04,3.54E-04,3.61E-04,3.75E-04,3.89E-04,4.00E-04,4.08E-04,4.10E-04,4.03E-04,3.92E-04,3.81E-04,3.72E-04,3.64E-04,3.58E-04,3.56E-04,3.57E-04,3.58E-04,3.61E-04,3.67E-04,3.72E-04,3.75E-04,3.77E-04,3.80E-04,3.81E-04,3.80E-04,3.79E-04,3.80E-04,3.80E-04,3.83E-04,3.86E-04,3.87E-04,3.88E-04,3.90E-04,3.90E-04,3.89E-04,3.86E-04,3.83E-04,3.80E-04,3.79E-04,3.80E-04,3.81E-04,3.82E-04,3.82E-04,3.82E-04,3.85E-04,3.89E-04,3.90E-04,3.88E-04,3.87E-04,3.86E-04,3.85E-04
107,LFP1,38,0,38.923141,3.84E-04,3.83E-04,3.84E-04,3.85E-04,3.84E-04,3.84E-04,3.84E-04,3.81E-04,3.78E-04,3.77E-04,3.77E-04,3.77E-04,3.75E-04,3.72E-04,3.73E-04,3.74E-04,3.74E-04,3.73E-04,3.72E-04,3.72E-04,3.72E-04,3.73E-04,3.71E-04,3.71E-04,3.73E-04,3.76E-04,3.79E-04,3.79E-04,3.79E-04,3.79E-04,3.79E-04,3.79E-04,3.80E-04,3.79E-04,3.79E-04,3.79E-04,3.80E-04,3.79E-04,3.78E-04,3.76E-04,3.74E-04,3.72E-04,3.73E-04,3.76E-04,3.76E-04,3.77E-04,3.77E-04,3.75E-04,3.71E-04,3.70E-04,3.70E-04,3.71E-04,3.71E-04,3.68E-04,3.70E-04,3.79E-04,3.92E-04,4.04E-04,4.11E-04,4.14E-04,4.10E-04,4.01E-04,3.91E-04,3.83E-04,3.76E-04,3.72E-04,3.68E-04,3.64E-04,3.61E-04,3.58E-04,3.58E-04,3.60E-04,3.62E-04,3.65E-04,3.65E-04,3.65E-04,3.64E-04,3.63E-04,3.63E-04,3.62E-04,3.62E-04,3.61E-04,3.62E-04,3.61E-04,3.57E-04,3.52E-04,3.49E-04,3.47E-04,3.46E-04,3.45E-04,3.44E-04,3.42E-04,3.40E-04,3.38E-04,3.35E-04,3.33E-04,3.31E-04,3.29E-04,3.26E-04,3.23E-04,3.20E-04,3.15E-04,3.11E-04,3.07E-04,3.04E-04,3.01E-04,2.98E-04,2.94E-04,2.92E-04,2.93E-04,2.94E-04,2.95E-04,2.94E-04,2.91E-04,2.86E-04,2.82E-04,2.78E-04,2.74E-04,2.72E-04,2.70E-04,2.71E-04,2.69E-04,2.67E-04,2.66E-04,2.68E-04,2.68E-04,2.70E-04,2.72E-04,2.73E-04,2.74E-04,2.74E-04,2.74E-04,2.71E-04,2.67E-04,2.65E-04,2.73E-04,3.01E-04,3.37E-04,3.70E-04,3.93E-04,4.05E-04,4.10E-04,4.11E-04,4.08E-04,4.03E-04,3.97E-04,3.91E-04,3.87E-04,3.82E-04,3.79E-04,3.75E-04,3.63E-04,3.43E-04,3.24E-04,3.07E-04,2.95E-04,2.88E-04,2.84E-04,2.81E-04,2.79E-04,2.81E-04,2.83E-04,2.85E-04,2.84E-04,2.83E-04,2.83E-04,2.88E-04,2.90E-04,2.94E-04,3.04E-04,3.18E-04,3.32E-04,3.42E-04,3.48E-04,3.51E-04,3.50E-04,3.41E-04,3.26E-04,3.08E-04,2.94E-04,2.83E-04,2.74E-04,2.68E-04,2.64E-04,2.63E-04,2.60E-04,2.58E-04,2.56E-04,2.53E-04,2.50E-04,2.47E-04,2.46E-04,2.44E-04,2.41E-04,2.39E-04,2.36E-04,2.34E-04,2.33E-04,2.33E-04,2.30E-04,2.26E-04,2.21E-04,2.18E-04,2.16E-04,2.17E-04,2.18E-04,2.17E-04,2.15E-04,2.12E-04,2.10E-04,2.08E-04,2.07E-04,2.07E-04,2.07E-04,2.08E-04,2.08E-04,2.05E-04,2.02E-04,2.01E-04,2.01E-04,2.00E-04,2.00E-04,2.03E-04,2.03E-04,2.02E-04,2.01E-04,2.00E-04,1.96E-04,1.91E-04,1.88E-04,1.89E-04,1.90E-04,1.91E-04,1.92E-04,1.92E-04,1.91E-04,1.89E-04,1.88E-04,1.87E-04,1.84E-04,1.80E-04,1.76E-04,1.73E-04,1.72E-04,1.71E-04,1.69E-04,1.68E-04,1.67E-04,1.66E-04,1.64E-04,1.62E-04,1.63E-04,1.66E-04,1.70E-04,1.71E-04,1.71E-04
108,LFP1,38,0,39.00702715,1.70E-04,1.69E-04,1.68E-04,1.66E-04,1.63E-04,1.60E-04,1.59E-04,1.58E-04,1.59E-04,1.61E-04,1.63E-04,1.61E-04,1.59E-04,1.58E-04,1.58E-04,1.57E-04,1.56E-04,1.59E-04,1.69E-04,1.84E-04,1.96E-04,2.04E-04,2.07E-04,2.04E-04,1.93E-04,1.77E-04,1.64E-04,1.52E-04,1.43E-04,1.37E-04,1.35E-04,1.34E-04,1.34E-04,1.33E-04,1.31E-04,1.31E-04,1.31E-04,1.32E-04,1.33E-04,1.34E-04,1.33E-04,1.30E-04,1.27E-04,1.25E-04,1.14E-04,8.39E-05,3.79E-05,-1.35E-05,-6.07E-05,-1.00E-04,-1.30E-04,-1.52E-04,-1.66E-04,-1.75E-04,-1.81E-04,-1.83E-04,-1.86E-04,-1.90E-04,-1.96E-04,-1.99E-04,-2.00E-04,-2.01E-04,-2.00E-04,-1.99E-04,-1.99E-04,-1.99E-04,-2.00E-04,-2.02E-04,-2.04E-04,-2.05E-04,-2.03E-04,-2.03E-04,-2.03E-04,-2.03E-04,-2.04E-04,-2.05E-04,-2.04E-04,-2.02E-04,-2.01E-04,-2.03E-04,-2.06E-04,-2.11E-04,-2.14E-04,-2.15E-04,-2.15E-04,-2.14E-04,-2.13E-04,-2.10E-04,-2.08E-04,-2.06E-04,-2.04E-04,-2.02E-04,-1.97E-04,-1.92E-04,-1.86E-04,-1.79E-04,-1.74E-04,-1.69E-04,-1.65E-04,-1.60E-04,-1.54E-04,-1.49E-04,-1.45E-04,-1.43E-04,-1.40E-04,-1.38E-04,-1.35E-04,-1.32E-04,-1.30E-04,-1.26E-04,-1.21E-04,-1.18E-04,-1.17E-04,-1.19E-04,-1.18E-04,-1.10E-04,-9.76E-05,-8.46E-05,-7.50E-05,-6.98E-05,-7.12E-05,-8.02E-05,-9.18E-05,-1.05E-04,-1.17E-04,-1.27E-04,-1.34E-04,-1.37E-04,-1.38E-04,-1.40E-04,-1.42E-04,-1.44E-04,-1.45E-04,-1.45E-04,-1.47E-04,-1.48E-04,-1.49E-04,-1.49E-04,-1.46E-04,-1.43E-04,-1.40E-04,-1.39E-04,-1.39E-04,-1.38E-04,-1.36E-04,-1.32E-04,-1.28E-04,-1.24E-04,-1.20E-04,-1.15E-04,-1.08E-04,-1.02E-04,-9.55E-05,-9.32E-05,-9.23E-05,-9.25E-05,-9.41E-05,-9.60E-05,-9.72E-05,-9.96E-05,-1.02E-04,-1.03E-04,-1.04E-04,-1.04E-04,-1.02E-04,-1.03E-04,-1.07E-04,-1.11E-04,-1.15E-04,-1.18E-04,-1.19E-04,-1.19E-04,-1.21E-04,-1.23E-04,-1.26E-04,-1.30E-04,-1.32E-04,-1.33E-04,-1.34E-04,-1.36E-04,-1.37E-04,-1.37E-04,-1.38E-04,-1.40E-04,-1.45E-04,-1.49E-04,-1.51E-04,-1.52E-04,-1.55E-04,-1.56E-04,-1.57E-04,-1.54E-04,-1.48E-04,-1.41E-04,-1.38E-04,-1.37E-04,-1.39E-04,-1.38E-04,-1.35E-04,-1.33E-04,-1.33E-04,-1.34E-04,-1.35E-04,-1.36E-04,-1.38E-04,-1.37E-04,-1.28E-04,-1.15E-04,-1.04E-04,-9.63E-05,-9.33E-05,-9.85E-05,-1.09E-04,-1.23E-04,-1.36E-04,-1.46E-04,-1.51E-04,-1.55E-04,-1.59E-04,-1.61E-04,-1.63E-04,-1.66E-04,-1.70E-04,-1.70E-04,-1.71E-04,-1.72E-04,-1.73E-04,-1.75E-04,-1.77E-04,-1.78E-04,-1.82E-04,-1.85E-04,-1.89E-04,-1.92E-04,-1.95E-04,-1.96E-04,-1.99E-04,-2.00E-04,-2.00E-04,-2.02E-04,-2.06E-04,-2.09E-04,-2.10E-04,-2.10E-04,-2.08E-04,-2.07E-04,-2.07E-04,-2.07E-04,-2.08E-04,-2.10E-04,-2.12E-04,-2.12E-04,-2.12E-04,-2.09E-04,-2.10E-04,-2.10E-04
109,LFP1,38,0,39.0909133,-2.09E-04,-2.09E-04,-2.10E-04,-2.10E-04,-2.12E-04,-2.12E-04,-2.11E-04,-2.09E-04,-2.09E-04,-2.10E-04,-2.13E-04,-2.16E-04,-2.20E-04,-2.22E-04,-2.23E-04,-2.25E-04,-2.26E-04,-2.27E-04,-2.27E-04,-2.26E-04,-2.27E-04,-2.30E-04,-2.30E-04,-2.29E-04,-2.27E-04,-2.25E-04,-2.22E-04,-2.18E-04,-2.14E-04,-2.16E-04,-2.17E-04,-2.20E-04,-2.23E-04,-2.27E-04,-2.29E-04,-2.30E-04,-2.28E-04,-2.25E-04,-2.21E-04,-2.16E-04,-2.14E-04,-2.12E-04,-2.04E-04,-1.89E-04,-1.75E-04,-1.63E-04,-1.55E-04,-1.56E-04,-1.62E-04,-1.70E-04,-1.78E-04,-1.85E-04,-1.89E-04,-1.90E-04,-1.89E-04,-1.87E-04,-1.84E-04,-1.80E-04,-1.77E-04,-1.73E-04,-1.68E-04,-1.65E-04,-1.63E-04,-1.61E-04,-1.59E-04,-1.58E-04,-1.56E-04,-1.51E-04,-1.47E-04,-1.45E-04,-1.43E-04,-1.41E-04,-1.39E-04,-1.37E-04,-1.34E-04,-1.33E-04,-1.31E-04,-1.27E-04,-1.22E-04,-1.18E-04,-1.17E-04,-1.16E-04,-1.16E-04,-1.15E-04,-1.13E-04,-1.12E-04,-1.11E-04,-1.08E-04,-1.05E-04,-1.02E-04,-9.82E-05,-9.56E-05,-9.09E-05,-8.73E-05,-8.48E-05,-8.23E-05,-7.91E-05,-7.65E-05,-7.41E-05,-7.11E-05,-6.94E-05,-6.76E-05,-6.65E-05,-6.58E-05,-6.32E-05,-5.78E-05,-5.20E-05,-4.69E-05,-4.49E-05,-4.31E-05,-4.11E-05,-3.96E-05,-3.69E-05,-3.54E-05,-3.36E-05,-3.10E-05,-2.91E-05,-2.81E-05,-2.67E-05,-2.49E-05,-2.43E-05,-2.41E-05,-2.27E-05,-2.13E-05,-1.96E-05,-1.69E-05,-1.55E-05,-1.51E-05,-1.49E-05,-1.34E-05,-1.26E-05,-1.32E-05,-1.57E-05,-1.57E-05,-1.54E-05,-1.58E-05,-1.61E-05,-1.59E-05,-1.52E-05,-1.22E-05,-9.22E-06,-6.85E-06,-5.06E-06,-4.18E-06,-4.78E-06,-6.32E-06,-8.29E-06,-7.43E-06,-3.55E-06,4.28E-07,4.49E-06,7.83E-06,1.10E-05,1.27E-05,1.33E-05,1.34E-05,1.34E-05,1.34E-05,1.42E-05,1.88E-05,3.21E-05,4.86E-05,6.69E-05,8.20E-05,9.30E-05,9.83E-05,1.02E-04,1.04E-04,9.92E-05,8.92E-05,7.80E-05,6.79E-05,6.19E-05,5.77E-05,5.67E-05,5.82E-05,6.22E-05,6.87E-05,7.55E-05,8.02E-05,8.54E-05,8.84E-05,9.01E-05,9.19E-05,9.43E-05,9.52E-05,9.48E-05,9.35E-05,9.32E-05,9.31E-05,9.30E-05,9.47E-05,9.63E-05,9.82E-05,1.01E-04,1.07E-04,1.13E-04,1.17E-04,1.18E-04,1.18E-04,1.20E-04,1.22E-04,1.24E-04,1.25E-04,1.26E-04,1.26E-04,1.27E-04,1.29E-04,1.32E-04,1.36E-04,1.39E-04,1.41E-04,1.44E-04,1.45E-04,1.47E-04,1.48E-04,1.49E-04,1.51E-04,1.54E-04,1.57E-04,1.59E-04,1.61E-04,1.64E-04,1.66E-04,1.69E-04,1.74E-04,1.78E-04,1.85E-04,1.91E-04,1.99E-04,2.07E-04,2.13E-04,2.15E-04,2.14E-04,2.11E-04,2.10E-04,2.09E-04,2.10E-04,2.13E-04,2.16E-04,2.18E-04,2.19E-04,2.21E-04,2.21E-04,2.22E-04,2.26E-04,2.30E-04,2.35E-04,2.39E-04,2.42E-04,2.45E-04,2.48E-04,2.52E-04,2.53E-04,2.53E-04,2.53E-04
110,LFP1,38,0,39.17479944,2.55E-04,2.56E-04,2.56E-04,2.58E-04,2.62E-04,2.74E-04,2.91E-04,3.09E-04,3.22E-04,3.29E-04,3.33E-04,3.29E-04,3.21E-04,3.13E-04,3.05E-04,2.99E-04,2.94E-04,2.91E-04,2.90E-04,2.89E-04,2.87E-04,2.86E-04,2.85E-04,2.87E-04,2.88E-04,2.89E-04,2.88E-04,2.87E-04,2.86E-04,2.86E-04,2.84E-04,2.83E-04,2.84E-04,2.83E-04,2.83E-04,2.84E-04,2.86E-04,2.89E-04,2.93E-04,2.96E-04,2.96E-04,2.96E-04,2.94E-04,2.94E-04,2.95E-04,2.96E-04,2.98E-04,3.00E-04,3.01E-04,3.01E-04,2.99E-04,2.94E-04,2.89E-04,2.86E-04,2.85E-04,2.86E-04,2.88E-04,2.90E-04,2.91E-04,2.91E-04,2.89E-04,2.86E-04,2.84E-04,2.80E-04,2.75E-04,2.72E-04,2.68E-04,2.64E-04,2.61E-04,2.60E-04,2.59E-04,2.62E-04,2.65E-04,2.69E-04,2.71E-04,2.71E-04,2.71E-04,2.69E-04,2.67E-04,2.67E-04,2.69E-04,2.70E-04,2.69E-04,2.69E-04,2.68E-04,2.69E-04,2.69E-04,2.71E-04,2.71E-04,2.68E-04,2.68E-04,2.70E-04,2.72E-04,2.74E-04,2.75E-04,2.84E-04,2.99E-04,3.14E-04,3.24E-04,3.27E-04,3.20E-04,3.08E-04,2.99E-04,2.93E-04,2.88E-04,2.85E-04,2.84E-04,2.82E-04,2.79E-04,2.77E-04,2.76E-04,2.74E-04,2.74E-04,2.74E-04,2.76E-04,2.82E-04,2.86E-04,2.86E-04,2.85E-04,2.83E-04,2.83E-04,2.82E-04,2.83E-04,2.86E-04,2.88E-04,2.91E-04,2.93E-04,2.95E-04,2.97E-04,2.98E-04,2.99E-04,2.99E-04,2.98E-04,2.97E-04,2.96E-04,2.95E-04,2.94E-04,2.92E-04,2.90E-04,2.90E-04,2.92E-04,2.94E-04,2.94E-04,2.93E-04,2.91E-04,2.89E-04,2.87E-04,2.86E-04,2.85E-04,2.84E-04,2.83E-04,2.81E-04,2.77E-04,2.72E-04,2.69E-04,2.66E-04,2.63E-04,2.61E-04,2.61E-04,2.63E-04,2.64E-04,2.66E-04,2.68E-04,2.68E-04,2.68E-04,2.65E-04,2.64E-04,2.64E-04,2.64E-04,2.64E-04,2.62E-04,2.59E-04,2.56E-04,2.55E-04,2.57E-04,2.59E-04,2.60E-04,2.61E-04,2.62E-04,2.63E-04,2.63E-04,2.64E-04,2.74E-04,2.87E-04,2.97E-04,3.04E-04,3.05E-04,2.99E-04,2.87E-04,2.75E-04,2.65E-04,2.57E-04,2.49E-04,2.45E-04,2.43E-04,2.40E-04,2.36E-04,2.35E-04,2.36E-04,2.37E-04,2.37E-04,2.36E-04,2.36E-04,2.34E-04,2.32E-04,2.28E-04,2.26E-04,2.26E-04,2.26E-04,2.25E-04,2.22E-04,2.18E-04,2.16E-04,2.14E-04,2.14E-04,2.13E-04,2.12E-04,2.13E-04,2.12E-04,2.11E-04,2.08E-04,2.04E-04,1.99E-04,1.93E-04,1.90E-04,1.90E-04,1.90E-04,1.88E-04,1.84E-04,1.81E-04,1.83E-04,1.84E-04,1.84E-04,1.85E-04,1.84E-04,1.81E-04,1.77E-04,1.72E-04,1.68E-04,1.64E-04,1.60E-04,1.58E-04,1.58E-04,1.57E-04,1.53E-04,1.51E-04,1.50E-04,1.50E-04,1.51E-04,1.52E-04,1.51E-04,1.51E-04,1.49E-04,1.46E-04,1.45E-04,1.44E-04
111,LFP1,38,0,39.25868535,1.42E-04,1.42E-04,1.43E-04,1.43E-04,1.44E-04,1.44E-04,1.43E-04,1.42E-04,1.43E-04,1.42E-04,1.40E-04,1.38E-04,1.37E-04,1.36E-04,1.34E-04,1.33E-04,1.36E-04,1.37E-04,1.37E-04,1.38E-04,1.37E-04,1.36E-04,1.34E-04,1.37E-04,1.43E-04,1.53E-04,1.65E-04,1.73E-04,1.78E-04,1.85E-04,1.89E-04,1.84E-04,1.73E-04,1.62E-04,1.53E-04,1.50E-04,1.49E-04,1.50E-04,1.51E-04,1.49E-04,1.46E-04,1.47E-04,1.48E-04,1.51E-04,1.56E-04,1.61E-04,1.63E-04,1.63E-04,1.63E-04,1.65E-04,1.65E-04,1.64E-04,1.66E-04,1.68E-04,1.70E-04,1.72E-04,1.71E-04,1.69E-04,1.67E-04,1.64E-04,1.64E-04,1.63E-04,1.63E-04,1.63E-04,1.63E-04,1.62E-04,1.62E-04,1.61E-04,1.58E-04,1.55E-04,1.54E-04,1.52E-04,1.53E-04,1.56E-04,1.60E-04,1.63E-04,1.64E-04,1.62E-04,1.60E-04,1.59E-04,1.56E-04,1.55E-04,1.54E-04,1.54E-04,1.54E-04,1.53E-04,1.52E-04,1.51E-04,1.51E-04,1.50E-04,1.50E-04,1.52E-04,1.74E-04,2.12E-04,2.51E-04,2.82E-04,3.00E-04,3.07E-04,3.06E-04,3.02E-04,2.98E-04,2.94E-04,2.91E-04,2.91E-04,2.89E-04,2.85E-04,2.83E-04,2.83E-04,2.81E-04,2.79E-04,2.76E-04,2.74E-04,2.66E-04,2.50E-04,2.35E-04,2.24E-04,2.16E-04,2.11E-04,2.10E-04,2.09E-04,2.11E-04,2.14E-04,2.17E-04,2.22E-04,2.28E-04,2.33E-04,2.39E-04,2.42E-04,2.44E-04,2.42E-04,2.42E-04,2.42E-04,2.43E-04,2.44E-04,2.45E-04,2.45E-04,2.45E-04,2.44E-04,2.44E-04,2.45E-04,2.46E-04,2.48E-04,2.49E-04,2.47E-04,2.44E-04,2.41E-04,2.39E-04,2.39E-04,2.40E-04,2.40E-04,2.39E-04,2.38E-04,2.40E-04,2.44E-04,2.47E-04,2.51E-04,2.54E-04,2.58E-04,2.63E-04,2.66E-04,2.68E-04,2.73E-04,2.79E-04,2.84E-04,2.87E-04,2.88E-04,2.90E-04,2.92E-04,2.94E-04,2.94E-04,2.96E-04,3.00E-04,3.05E-04,3.09E-04,3.11E-04,3.12E-04,3.13E-04,3.11E-04,3.10E-04,3.09E-04,3.09E-04,3.07E-04,3.13E-04,3.28E-04,3.44E-04,3.58E-04,3.69E-04,3.77E-04,3.80E-04,3.80E-04,3.78E-04,3.75E-04,3.71E-04,3.67E-04,3.65E-04,3.58E-04,3.47E-04,3.36E-04,3.27E-04,3.20E-04,3.16E-04,3.14E-04,3.12E-04,3.12E-04,3.13E-04,3.15E-04,3.18E-04,3.20E-04,3.23E-04,3.27E-04,3.31E-04,3.33E-04,3.32E-04,3.33E-04,3.34E-04,3.36E-04,3.36E-04,3.35E-04,3.35E-04,3.34E-04,3.35E-04,3.36E-04,3.36E-04,3.38E-04,3.39E-04,3.40E-04,3.38E-04,3.37E-04,3.37E-04,3.38E-04,3.36E-04,3.36E-04,3.41E-04,3.46E-04,3.47E-04,3.44E-04,3.41E-04,3.37E-04,3.34E-04,3.31E-04,3.27E-04,3.23E-04,3.18E-04,3.14E-04,3.13E-04,3.12E-04,3.10E-04,3.09E-04,3.07E-04,3.05E-04,3.01E-04,2.96E-04,2.92E-04,2.89E-04,2.88E-04,2.89E-04
112,LFP1,38,0,39.3425715,2.91E-04,2.92E-04,2.92E-04,2.95E-04,2.98E-04,3.01E-04,3.06E-04,3.09E-04,3.10E-04,3.09E-04,3.06E-04,3.03E-04,3.02E-04,3.02E-04,3.01E-04,3.02E-04,3.03E-04,3.03E-04,3.05E-04,3.05E-04,3.04E-04,3.02E-04,3.00E-04,3.00E-04,3.00E-04,2.99E-04,2.97E-04,2.96E-04,3.02E-04,3.12E-04,3.24E-04,3.34E-04,3.41E-04,3.42E-04,3.33E-04,3.22E-04,3.11E-04,3.03E-04,2.98E-04,2.95E-04,2.95E-04,2.96E-04,2.97E-04,3.00E-04,3.03E-04,3.05E-04,3.05E-04,3.05E-04,3.02E-04,3.00E-04,2.99E-04,2.99E-04,2.99E-04,3.03E-04,3.07E-04,3.11E-04,3.16E-04,3.19E-04,3.21E-04,3.21E-04,3.21E-04,3.21E-04,3.19E-04,3.17E-04,3.16E-04,3.15E-04,3.15E-04,3.17E-04,3.19E-04,3.21E-04,3.22E-04,3.24E-04,3.26E-04,3.27E-04,3.29E-04,3.29E-04,3.27E-04,3.24E-04,3.20E-04,3.15E-04,3.12E-04,3.09E-04,3.08E-04,3.06E-04,3.04E-04,3.04E-04,3.04E-04,3.03E-04,3.01E-04,2.97E-04,2.92E-04,2.89E-04,2.87E-04,2.87E-04,2.89E-04,2.89E-04,2.89E-04,2.89E-04,2.90E-04,2.90E-04,2.91E-04,2.92E-04,2.93E-04,2.94E-04,2.95E-04,2.97E-04,2.96E-04,2.94E-04,2.92E-04,2.92E-04,2.91E-04,2.91E-04,2.90E-04,2.85E-04,2.82E-04,2.80E-04,2.77E-04,2.76E-04,2.76E-04,2.77E-04,2.77E-04,2.77E-04,2.76E-04,2.75E-04,2.76E-04,2.75E-04,2.72E-04,2.74E-04,2.82E-04,2.90E-04,2.94E-04,2.96E-04,2.96E-04,2.95E-04,2.90E-04,2.82E-04,2.72E-04,2.61E-04,2.53E-04,2.46E-04,2.40E-04,2.35E-04,2.34E-04,2.35E-04,2.38E-04,2.42E-04,2.44E-04,2.42E-04,2.38E-04,2.36E-04,2.33E-04,2.33E-04,2.33E-04,2.33E-04,2.33E-04,2.35E-04,2.37E-04,2.38E-04,2.36E-04,2.32E-04,2.27E-04,2.23E-04,2.22E-04,2.22E-04,2.20E-04,2.20E-04,2.19E-04,2.18E-04,2.18E-04,2.16E-04,2.14E-04,2.13E-04,2.12E-04,2.10E-04,2.10E-04,2.10E-04,2.08E-04,2.02E-04,1.98E-04,1.96E-04,1.94E-04,1.92E-04,1.90E-04,1.88E-04,1.85E-04,1.82E-04,1.79E-04,1.78E-04,1.74E-04,1.71E-04,1.71E-04,1.69E-04,1.68E-04,1.68E-04,1.69E-04,1.67E-04,1.65E-04,1.63E-04,1.60E-04,1.57E-04,1.54E-04,1.50E-04,1.48E-04,1.46E-04,1.45E-04,1.44E-04,1.43E-04,1.40E-04,1.37E-04,1.35E-04,1.31E-04,1.27E-04,1.23E-04,1.21E-04,1.19E-04,1.16E-04,1.12E-04,1.08E-04,1.03E-04,9.71E-05,9.04E-05,8.88E-05,9.01E-05,9.09E-05,8.96E-05,8.82E-05,8.50E-05,8.07E-05,7.69E-05,7.13E-05,6.77E-05,6.83E-05,7.14E-05,7.44E-05,7.50E-05,7.45E-05,7.51E-05,7.34E-05,7.09E-05,7.13E-05,7.86E-05,8.88E-05,9.80E-05,1.03E-04,1.05E-04,1.04E-04,1.02E-04,9.79E-05,9.12E-05,7.95E-05,6.83E-05,5.94E-05,5.07E-05,4.41E-05,4.11E-05,4.00E-05
113,LFP1,38,0,39.42645764,4.04E-05,4.22E-05,4.41E-05,4.32E-05,4.13E-05,3.96E-05,3.74E-05,3.53E-05,3.30E-05,3.22E-05,2.98E-05,2.76E-05,2.77E-05,2.69E-05,2.50E-05,2.56E-05,2.72E-05,2.98E-05,3.16E-05,2.94E-05,2.50E-05,1.98E-05,1.41E-05,9.77E-06,8.47E-06,8.64E-06,9.57E-06,9.30E-06,7.18E-06,4.08E-06,4.13E-07,-3.54E-06,-6.05E-06,-8.72E-06,-1.08E-05,-1.36E-05,-1.55E-05,-1.53E-05,-1.61E-05,-1.49E-05,-1.09E-05,-6.34E-06,-3.56E-06,-6.47E-07,9.28E-07,2.35E-07,-1.20E-06,-1.50E-07,2.89E-06,7.31E-06,1.03E-05,1.31E-05,1.61E-05,1.90E-05,1.92E-05,1.84E-05,1.82E-05,1.91E-05,2.06E-05,2.21E-05,2.46E-05,2.62E-05,2.58E-05,2.44E-05,2.30E-05,2.12E-05,2.07E-05,2.01E-05,1.97E-05,2.09E-05,2.27E-05,2.38E-05,2.56E-05,2.51E-05,2.21E-05,1.97E-05,2.01E-05,2.11E-05,2.75E-05,3.70E-05,4.67E-05,5.49E-05,6.03E-05,6.19E-05,5.69E-05,4.75E-05,3.59E-05,2.80E-05,2.27E-05,1.85E-05,1.65E-05,1.62E-05,1.88E-05,1.92E-05,1.73E-05,1.81E-05,2.10E-05,2.27E-05,2.32E-05,2.37E-05,2.40E-05,2.46E-05,2.75E-05,3.07E-05,3.00E-05,2.70E-05,2.46E-05,2.27E-05,2.19E-05,2.17E-05,2.12E-05,1.85E-05,1.46E-05,1.37E-05,1.49E-05,1.64E-05,1.57E-05,1.58E-05,1.51E-05,1.24E-05,1.17E-05,1.41E-05,1.72E-05,1.87E-05,1.82E-05,1.58E-05,1.16E-05,9.65E-06,7.84E-06,4.40E-06,2.02E-06,1.17E-06,5.77E-08,-6.90E-07,-2.54E-07,-8.79E-07,-3.03E-06,-6.16E-06,-8.71E-06,-9.95E-06,-1.03E-05,-1.13E-05,-1.15E-05,-1.16E-05,-1.21E-05,-1.33E-05,-1.35E-05,-1.42E-05,-1.52E-05,-1.52E-05,-1.43E-05,-1.31E-05,-1.33E-05,-1.30E-05,-1.27E-05,-1.45E-05,-1.73E-05,-2.04E-05,-2.27E-05,-2.38E-05,-2.19E-05,-1.75E-05,-1.32E-05,-9.57E-06,-6.08E-06,-3.51E-06,1.57E-06,1.11E-05,2.21E-05,3.16E-05,3.84E-05,4.24E-05,4.39E-05,3.79E-05,2.74E-05,1.51E-05,4.22E-06,-5.19E-06,-9.83E-06,-1.26E-05,-1.43E-05,-1.42E-05,-1.42E-05,-1.32E-05,-1.11E-05,-9.75E-06,-1.01E-05,-1.06E-05,-1.03E-05,-9.14E-06,-8.84E-06,-8.50E-06,-9.49E-06,-9.53E-06,-8.63E-06,-8.12E-06,-7.69E-06,-7.41E-06,-7.55E-06,-6.39E-06,-5.22E-06,-2.82E-06,9.76E-07,1.89E-06,2.88E-07,4.97E-07,3.06E-06,4.48E-06,5.25E-06,6.11E-06,5.38E-06,3.26E-06,1.57E-06,4.97E-07,1.31E-07,5.03E-07,1.92E-07,-1.10E-06,-4.58E-06,-7.19E-06,-8.82E-06,-1.04E-05,-1.09E-05,-1.02E-05,-7.85E-06,-6.04E-06,-5.58E-06,-5.49E-06,-4.53E-06,-1.88E-06,7.09E-08,5.97E-07,1.26E-06,9.92E-08,-8.73E-07,-2.50E-06,-2.30E-06,-6.89E-07,2.74E-07,2.39E-06,4.78E-06,7.41E-06,9.95E-06,1.14E-05,1.33E-05,1.53E-05,1.82E-05,2.12E-05,2.50E-05,2.56E-05,2.51E-05,2.73E-05,2.95E-05,3.19E-05,3.46E-05,3.96E-05
114,LFP1,38,0,39.51034379,4.93E-05,6.26E-05,7.46E-05,8.64E-05,9.43E-05,9.73E-05,9.64E-05,9.30E-05,8.67E-05,8.10E-05,7.60E-05,7.36E-05,7.45E-05,7.72E-05,8.08E-05,8.47E-05,8.95E-05,9.31E-05,9.78E-05,1.03E-04,1.07E-04,1.10E-04,1.12E-04,1.15E-04,1.17E-04,1.18E-04,1.20E-04,1.21E-04,1.26E-04,1.30E-04,1.34E-04,1.37E-04,1.41E-04,1.44E-04,1.46E-04,1.49E-04,1.53E-04,1.56E-04,1.59E-04,1.60E-04,1.62E-04,1.63E-04,1.65E-04,1.67E-04,1.70E-04,1.72E-04,1.75E-04,1.79E-04,1.82E-04,1.84E-04,1.85E-04,1.88E-04,1.92E-04,1.96E-04,1.96E-04,1.96E-04,1.97E-04,1.98E-04,2.01E-04,2.02E-04,2.04E-04,2.04E-04,2.07E-04,2.10E-04,2.12E-04,2.12E-04,2.14E-04,2.14E-04,2.16E-04,2.19E-04,2.21E-04,2.22E-04,2.22E-04,2.24E-04,2.25E-04,2.26E-04,2.26E-04,2.27E-04,2.29E-04,2.32E-04,2.34E-04,2.35E-04,2.36E-04,2.37E-04,2.38E-04,2.40E-04,2.41E-04,2.41E-04,2.41E-04,2.42E-04,2.44E-04,2.44E-04,2.43E-04,2.44E-04,2.45E-04,2.43E-04,2.46E-04,2.54E-04,2.62E-04,2.69E-04,2.75E-04,2.79E-04,2.81E-04,2.82E-04,2.78E-04,2.69E-04,2.59E-04,2.50E-04,2.42E-04,2.37E-04,2.34E-04,2.32E-04,2.31E-04,2.29E-04,2.27E-04,2.27E-04,2.28E-04,2.31E-04,2.33E-04,2.35E-04,2.36E-04,2.36E-04,2.35E-04,2.35E-04,2.35E-04,2.33E-04,2.31E-04,2.28E-04,2.27E-04,2.27E-04,2.28E-04,2.29E-04,2.28E-04,2.26E-04,2.25E-04,2.24E-04,2.24E-04,2.24E-04,2.22E-04,2.19E-04,2.16E-04,2.15E-04,2.14E-04,2.15E-04,2.15E-04,2.13E-04,2.11E-04,2.11E-04,2.12E-04,2.13E-04,2.15E-04,2.17E-04,2.16E-04,2.15E-04,2.14E-04,2.14E-04,2.14E-04,2.12E-04,2.12E-04,2.14E-04,2.14E-04,2.14E-04,2.15E-04,2.15E-04,2.16E-04,2.17E-04,2.18E-04,2.17E-04,2.16E-04,2.17E-04,2.17E-04,2.17E-04,2.15E-04,2.14E-04,2.11E-04,2.09E-04,2.07E-04,2.06E-04,2.04E-04,2.01E-04,2.00E-04,2.01E-04,2.03E-04,2.04E-04,2.04E-04,2.04E-04,2.04E-04,2.04E-04,2.02E-04,2.01E-04,2.00E-04,1.99E-04,2.00E-04,2.08E-04,2.15E-04,2.22E-04,2.26E-04,2.27E-04,2.27E-04,2.26E-04,2.23E-04,2.15E-04,2.06E-04,1.98E-04,1.89E-04,1.83E-04,1.79E-04,1.76E-04,1.76E-04,1.78E-04,1.78E-04,1.75E-04,1.72E-04,1.70E-04,1.71E-04,1.73E-04,1.74E-04,1.76E-04,1.79E-04,1.81E-04,1.81E-04,1.83E-04,1.84E-04,1.84E-04,1.85E-04,1.86E-04,1.86E-04,1.86E-04,1.84E-04,1.83E-04,1.83E-04,1.85E-04,1.85E-04,1.85E-04,1.86E-04,1.86E-04,1.85E-04,1.83E-04,1.82E-04,1.80E-04,1.76E-04,1.74E-04,1.71E-04,1.69E-04,1.66E-04,1.63E-04,1.62E-04,1.63E-04,1.63E-04,1.61E-04,1.58E-04,1.55E-04,1.53E-04,1.50E-04,1.48E-04,1.49E-04
115,LFP1,38,0,39.5942297,1.49E-04,1.49E-04,1.48E-04,1.47E-04,1.43E-04,1.40E-04,1.37E-04,1.34E-04,1.32E-04,1.32E-04,1.32E-04,1.34E-04,1.34E-04,1.32E-04,1.30E-04,1.28E-04,1.26E-04,1.24E-04,1.22E-04,1.23E-04,1.21E-04,1.16E-04,1.09E-04,1.03E-04,9.87E-05,9.54E-05,9.35E-05,9.50E-05,1.00E-04,1.07E-04,1.14E-04,1.19E-04,1.21E-04,1.21E-04,1.15E-04,1.06E-04,9.48E-05,8.53E-05,7.86E-05,7.22E-05,6.70E-05,6.19E-05,5.74E-05,5.09E-05,4.58E-05,4.39E-05,4.30E-05,3.93E-05,3.51E-05,3.03E-05,2.81E-05,2.92E-05,2.95E-05,2.91E-05,2.86E-05,2.84E-05,2.70E-05,2.39E-05,1.90E-05,1.53E-05,1.31E-05,1.03E-05,9.84E-06,1.05E-05,1.06E-05,1.03E-05,8.87E-06,6.05E-06,3.18E-06,1.24E-06,-1.52E-06,-5.15E-06,-9.59E-06,-1.56E-05,-1.91E-05,-2.05E-05,-2.07E-05,-1.89E-05,-1.72E-05,-1.61E-05,-1.59E-05,-1.52E-05,-1.38E-05,-1.37E-05,-1.33E-05,-1.18E-05,-1.05E-05,-9.92E-06,-1.03E-05,-1.11E-05,-1.42E-05,-1.84E-05,-2.01E-05,-1.94E-05,-1.82E-05,-1.59E-05,-1.36E-05,-1.28E-05,-1.46E-05,-1.61E-05,-1.59E-05,-1.64E-05,-1.71E-05,-1.68E-05,-1.54E-05,-1.63E-05,-1.52E-05,-1.19E-05,-9.62E-06,-8.39E-06,-8.78E-06,-8.21E-06,-7.22E-06,-4.58E-06,-7.57E-07,3.43E-06,5.93E-06,6.28E-06,6.30E-06,1.27E-05,3.70E-05,7.11E-05,1.03E-04,1.24E-04,1.35E-04,1.38E-04,1.36E-04,1.33E-04,1.30E-04,1.25E-04,1.20E-04,1.13E-04,1.06E-04,1.06E-04,1.04E-04,9.66E-05,8.49E-05,7.45E-05,6.77E-05,6.50E-05,6.15E-05,5.93E-05,5.91E-05,6.06E-05,5.81E-05,5.25E-05,4.86E-05,4.73E-05,4.69E-05,4.77E-05,4.80E-05,4.89E-05,5.05E-05,5.21E-05,5.26E-05,5.27E-05,5.19E-05,5.17E-05,5.09E-05,4.96E-05,4.81E-05,4.77E-05,4.71E-05,4.81E-05,4.91E-05,4.86E-05,4.77E-05,4.52E-05,4.17E-05,3.87E-05,3.66E-05,3.71E-05,3.80E-05,3.87E-05,3.82E-05,3.52E-05,2.98E-05,2.62E-05,2.52E-05,2.30E-05,2.05E-05,1.96E-05,1.73E-05,1.64E-05,1.74E-05,1.80E-05,1.90E-05,1.99E-05,2.11E-05,2.11E-05,2.13E-05,2.12E-05,2.36E-05,2.71E-05,2.93E-05,3.03E-05,3.00E-05,2.77E-05,2.47E-05,2.17E-05,1.99E-05,2.10E-05,2.10E-05,1.95E-05,1.79E-05,1.61E-05,1.57E-05,1.60E-05,1.46E-05,1.07E-05,5.55E-06,-1.38E-06,-6.19E-06,-8.63E-06,-9.67E-06,-1.08E-05,-1.16E-05,-1.47E-05,-1.89E-05,-2.40E-05,-2.82E-05,-3.13E-05,-3.46E-05,-4.03E-05,-4.50E-05,-4.92E-05,-5.32E-05,-5.64E-05,-5.71E-05,-5.78E-05,-5.85E-05,-6.00E-05,-6.06E-05,-5.46E-05,-4.43E-05,-3.26E-05,-2.50E-05,-2.30E-05,-2.25E-05,-2.09E-05,-1.86E-05,-1.82E-05,-2.09E-05,-2.62E-05,-3.22E-05,-3.65E-05,-4.14E-05,-4.46E-05,-4.65E-05,-4.68E-05,-4.79E-05,-4.74E-05,-4.74E-05,-4.73E-05,-4.77E-05,-4.71E-05
116,LFP1,38,0,39.67811584,-4.80E-05,-4.82E-05,-4.87E-05,-4.87E-05,-4.91E-05,-5.10E-05,-5.42E-05,-5.70E-05,-6.09E-05,-6.38E-05,-6.62E-05,-6.84E-05,-6.89E-05,-6.85E-05,-6.82E-05,-6.89E-05,-6.98E-05,-7.13E-05,-7.37E-05,-7.75E-05,-7.97E-05,-8.10E-05,-8.13E-05,-8.04E-05,-7.98E-05,-7.91E-05,-8.02E-05,-8.34E-05,-8.78E-05,-9.20E-05,-9.42E-05,-9.52E-05,-9.58E-05,-9.80E-05,-1.01E-04,-1.02E-04,-1.01E-04,-1.02E-04,-1.03E-04,-1.06E-04,-1.08E-04,-1.06E-04,-1.04E-04,-1.01E-04,-9.92E-05,-9.96E-05,-1.01E-04,-1.04E-04,-1.05E-04,-1.06E-04,-1.07E-04,-1.08E-04,-1.07E-04,-1.07E-04,-1.07E-04,-1.07E-04,-1.07E-04,-1.09E-04,-1.11E-04,-1.13E-04,-1.13E-04,-1.14E-04,-1.15E-04,-1.15E-04,-1.15E-04,-1.16E-04,-1.16E-04,-1.18E-04,-1.21E-04,-1.21E-04,-1.22E-04,-1.24E-04,-1.26E-04,-1.30E-04,-1.31E-04,-1.31E-04,-1.33E-04,-1.36E-04,-1.37E-04,-1.37E-04,-1.36E-04,-1.30E-04,-1.21E-04,-1.11E-04,-1.05E-04,-1.00E-04,-9.62E-05,-9.28E-05,-8.97E-05,-8.87E-05,-8.68E-05,-8.68E-05,-9.25E-05,-9.82E-05,-1.03E-04,-1.07E-04,-1.09E-04,-1.09E-04,-1.08E-04,-1.05E-04,-1.02E-04,-1.02E-04,-1.03E-04,-1.06E-04,-1.08E-04,-1.08E-04,-1.06E-04,-1.03E-04,-1.01E-04,-9.82E-05,-9.59E-05,-9.42E-05,-9.39E-05,-9.68E-05,-9.69E-05,-9.66E-05,-9.69E-05,-9.82E-05,-1.01E-04,-1.04E-04,-1.09E-04,-1.13E-04,-1.16E-04,-1.18E-04,-1.20E-04,-1.21E-04,-1.22E-04,-1.22E-04,-1.25E-04,-1.28E-04,-1.32E-04,-1.35E-04,-1.35E-04,-1.36E-04,-1.35E-04,-1.35E-04,-1.37E-04,-1.37E-04,-1.38E-04,-1.38E-04,-1.37E-04,-1.36E-04,-1.32E-04,-1.30E-04,-1.28E-04,-1.27E-04,-1.27E-04,-1.28E-04,-1.25E-04,-1.22E-04,-1.20E-04,-1.18E-04,-1.17E-04,-1.18E-04,-1.18E-04,-1.20E-04,-1.23E-04,-1.27E-04,-1.31E-04,-1.33E-04,-1.34E-04,-1.35E-04,-1.35E-04,-1.34E-04,-1.32E-04,-1.30E-04,-1.29E-04,-1.29E-04,-1.28E-04,-1.29E-04,-1.30E-04,-1.33E-04,-1.37E-04,-1.42E-04,-1.48E-04,-1.54E-04,-1.56E-04,-1.56E-04,-1.55E-04,-1.54E-04,-1.53E-04,-1.54E-04,-1.55E-04,-1.58E-04,-1.60E-04,-1.61E-04,-1.61E-04,-1.62E-04,-1.63E-04,-1.63E-04,-1.57E-04,-1.46E-04,-1.37E-04,-1.31E-04,-1.27E-04,-1.24E-04,-1.22E-04,-1.23E-04,-1.26E-04,-1.27E-04,-1.27E-04,-1.29E-04,-1.32E-04,-1.40E-04,-1.48E-04,-1.54E-04,-1.59E-04,-1.62E-04,-1.63E-04,-1.63E-04,-1.63E-04,-1.62E-04,-1.60E-04,-1.59E-04,-1.58E-04,-1.56E-04,-1.56E-04,-1.57E-04,-1.59E-04,-1.60E-04,-1.63E-04,-1.66E-04,-1.69E-04,-1.71E-04,-1.71E-04,-1.73E-04,-1.75E-04,-1.77E-04,-1.82E-04,-1.84E-04,-1.85E-04,-1.85E-04,-1.86E-04,-1.87E-04,-1.90E-04,-1.92E-04,-1.94E-04,-1.95E-04,-1.96E-04,-1.96E-04,-1.97E-04,-1.99E-04,-1.99E-04,-1.97E-04,-1.95E-04,-1.94E-04,-1.91E-04,-1.87E-04,-1.84E-04,-1.81E-04,-1.80E-04,-1.79E-04,-1.79E-04,-1.80E-04,-1.80E-04,-1.80E-04
117,LFP1,38,0,39.76200199,-1.79E-04,-1.79E-04,-1.77E-04,-1.76E-04,-1.74E-04,-1.71E-04,-1.67E-04,-1.65E-04,-1.64E-04,-1.62E-04,-1.60E-04,-1.59E-04,-1.59E-04,-1.59E-04,-1.58E-04,-1.57E-04,-1.55E-04,-1.56E-04,-1.55E-04,-1.56E-04,-1.57E-04,-1.56E-04,-1.55E-04,-1.52E-04,-1.49E-04,-1.47E-04,-1.46E-04,-1.48E-04,-1.50E-04,-1.52E-04,-1.53E-04,-1.55E-04,-1.55E-04,-1.54E-04,-1.52E-04,-1.51E-04,-1.51E-04,-1.48E-04,-1.43E-04,-1.41E-04,-1.44E-04,-1.47E-04,-1.45E-04,-1.36E-04,-1.23E-04,-1.12E-04,-1.04E-04,-1.00E-04,-9.99E-05,-1.02E-04,-1.05E-04,-1.06E-04,-1.09E-04,-1.15E-04,-1.21E-04,-1.27E-04,-1.32E-04,-1.36E-04,-1.37E-04,-1.37E-04,-1.34E-04,-1.32E-04,-1.33E-04,-1.34E-04,-1.31E-04,-1.27E-04,-1.26E-04,-1.27E-04,-1.28E-04,-1.28E-04,-1.30E-04,-1.32E-04,-1.32E-04,-1.32E-04,-1.31E-04,-1.31E-04,-1.30E-04,-1.31E-04,-1.31E-04,-1.32E-04,-1.32E-04,-1.34E-04,-1.35E-04,-1.37E-04,-1.37E-04,-1.35E-04,-1.34E-04,-1.35E-04,-1.35E-04,-1.35E-04,-1.35E-04,-1.35E-04,-1.36E-04,-1.38E-04,-1.38E-04,-1.39E-04,-1.38E-04,-1.36E-04,-1.34E-04,-1.34E-04,-1.33E-04,-1.33E-04,-1.35E-04,-1.35E-04,-1.35E-04,-1.35E-04,-1.34E-04,-1.34E-04,-1.32E-04,-1.29E-04,-1.26E-04,-1.23E-04,-1.18E-04,-1.14E-04,-1.13E-04,-1.13E-04,-1.13E-04,-1.10E-04,-1.07E-04,-1.06E-04,-1.07E-04,-1.09E-04,-1.11E-04,-1.11E-04,-1.12E-04,-1.12E-04,-1.12E-04,-1.12E-04,-1.12E-04,-1.11E-04,-1.08E-04,-1.07E-04,-1.06E-04,-1.06E-04,-1.05E-04,-1.04E-04,-1.03E-04,-1.02E-04,-1.03E-04,-1.05E-04,-1.06E-04,-1.08E-04,-1.09E-04,-1.07E-04,-1.05E-04,-1.02E-04,-9.41E-05,-8.23E-05,-7.01E-05,-6.08E-05,-5.23E-05,-4.48E-05,-4.07E-05,-4.13E-05,-4.10E-05,-4.05E-05,-4.51E-05,-5.32E-05,-6.15E-05,-6.83E-05,-7.15E-05,-7.39E-05,-7.36E-05,-6.91E-05,-6.24E-05,-5.75E-05,-5.43E-05,-5.45E-05,-5.64E-05,-5.79E-05,-5.62E-05,-5.39E-05,-5.23E-05,-5.09E-05,-5.05E-05,-4.85E-05,-4.49E-05,-4.20E-05,-4.05E-05,-4.03E-05,-3.99E-05,-3.96E-05,-3.99E-05,-3.96E-05,-3.90E-05,-3.98E-05,-3.87E-05,-3.66E-05,-3.59E-05,-3.64E-05,-3.67E-05,-3.85E-05,-4.09E-05,-4.35E-05,-4.64E-05,-4.77E-05,-4.96E-05,-4.99E-05,-4.96E-05,-4.89E-05,-4.80E-05,-4.66E-05,-4.42E-05,-4.39E-05,-4.37E-05,-4.39E-05,-4.32E-05,-4.28E-05,-4.26E-05,-4.22E-05,-4.17E-05,-4.18E-05,-4.35E-05,-4.50E-05,-4.41E-05,-4.29E-05,-4.19E-05,-4.26E-05,-4.35E-05,-4.32E-05,-4.17E-05,-4.06E-05,-3.95E-05,-3.76E-05,-3.60E-05,-3.49E-05,-3.59E-05,-3.67E-05,-3.63E-05,-3.45E-05,-3.30E-05,-3.34E-05,-3.40E-05,-3.49E-05,-3.67E-05,-3.89E-05,-4.25E-05,-4.69E-05,-5.04E-05,-5.22E-05,-5.28E-05,-5.41E-05,-5.63E-05,-5.90E-05,-6.23E-05,-6.39E-05,-6.41E-05,-6.60E-05,-6.74E-05,-6.90E-05,-7.15E-05,-7.49E-05,-7.72E-05,-7.85E-05,-7.99E-05,-7.99E-05
118,LFP1,38,0,39.8458879,-7.84E-05,-7.80E-05,-7.97E-05,-8.36E-05,-8.77E-05,-9.16E-05,-9.52E-05,-9.74E-05,-9.77E-05,-9.72E-05,-9.78E-05,-9.73E-05,-9.85E-05,-1.02E-04,-1.08E-04,-1.18E-04,-1.28E-04,-1.38E-04,-1.45E-04,-1.46E-04,-1.44E-04,-1.41E-04,-1.41E-04,-1.40E-04,-1.38E-04,-1.37E-04,-1.37E-04,-1.38E-04,-1.35E-04,-1.34E-04,-1.33E-04,-1.34E-04,-1.35E-04,-1.33E-04,-1.32E-04,-1.32E-04,-1.29E-04,-1.28E-04,-1.26E-04,-1.22E-04,-1.11E-04,-9.83E-05,-8.56E-05,-7.47E-05,-6.68E-05,-6.05E-05,-5.47E-05,-5.20E-05,-5.16E-05,-5.21E-05,-5.39E-05,-5.44E-05,-5.33E-05,-4.98E-05,-4.64E-05,-4.48E-05,-4.39E-05,-4.26E-05,-4.21E-05,-4.14E-05,-4.21E-05,-4.40E-05,-4.50E-05,-4.77E-05,-4.64E-05,-4.41E-05,-4.35E-05,-4.29E-05,-4.31E-05,-4.31E-05,-4.31E-05,-4.17E-05,-4.03E-05,-3.81E-05,-3.63E-05,-3.48E-05,-3.27E-05,-3.19E-05,-3.16E-05,-3.37E-05,-3.57E-05,-3.78E-05,-3.90E-05,-4.01E-05,-3.92E-05,-3.65E-05,-3.47E-05,-3.36E-05,-3.42E-05,-3.35E-05,-3.43E-05,-3.59E-05,-3.65E-05,-3.76E-05,-3.92E-05,-4.00E-05,-3.99E-05,-3.90E-05,-3.60E-05,-3.29E-05,-2.95E-05,-2.49E-05,-2.10E-05,-1.79E-05,-1.55E-05,-1.36E-05,-9.85E-06,-7.41E-06,-6.73E-06,-7.59E-06,-8.38E-06,-9.03E-06,-1.01E-05,-9.19E-06,-6.73E-06,-2.80E-06,5.33E-06,1.25E-05,1.68E-05,1.84E-05,2.00E-05,2.01E-05,1.95E-05,1.89E-05,1.89E-05,2.13E-05,2.45E-05,2.74E-05,2.94E-05,3.08E-05,3.03E-05,2.86E-05,2.58E-05,2.50E-05,2.53E-05,2.56E-05,2.61E-05,2.66E-05,2.68E-05,2.64E-05,2.23E-05,1.68E-05,1.26E-05,1.17E-05,1.34E-05,1.42E-05,1.45E-05,1.23E-05,1.12E-05,1.23E-05,1.28E-05,1.20E-05,1.05E-05,7.33E-06,3.43E-06,2.32E-06,1.35E-06,-3.87E-07,-1.66E-06,-2.67E-06,-2.29E-06,-1.03E-06,5.60E-06,1.56E-05,2.71E-05,3.72E-05,4.43E-05,4.74E-05,4.81E-05,5.00E-05,5.17E-05,5.17E-05,5.17E-05,5.14E-05,4.82E-05,4.16E-05,3.46E-05,2.86E-05,2.43E-05,2.29E-05,2.24E-05,2.24E-05,2.34E-05,2.52E-05,2.64E-05,2.83E-05,3.05E-05,3.33E-05,3.71E-05,3.86E-05,3.71E-05,3.49E-05,3.35E-05,3.28E-05,3.21E-05,3.26E-05,3.20E-05,3.18E-05,3.17E-05,3.04E-05,2.82E-05,2.73E-05,2.64E-05,2.58E-05,2.64E-05,2.68E-05,2.65E-05,2.93E-05,3.28E-05,3.59E-05,3.79E-05,4.20E-05,4.56E-05,4.74E-05,4.81E-05,4.99E-05,4.97E-05,4.90E-05,4.80E-05,4.85E-05,5.14E-05,5.35E-05,5.37E-05,5.33E-05,5.41E-05,5.54E-05,5.80E-05,6.11E-05,6.38E-05,6.46E-05,6.67E-05,6.82E-05,6.96E-05,6.98E-05,6.90E-05,6.81E-05,7.01E-05,7.30E-05,7.43E-05,7.38E-05,7.27E-05,7.14E-05,7.11E-05,7.13E-05,7.29E-05,7.51E-05,7.64E-05,7.63E-05,7.88E-05,8.12E-05,8.38E-05,8.41E-05,8.27E-05,8.18E-05,8.17E-05,8.00E-05
119,LFP1,38,0,39.92977405,7.86E-05,7.90E-05,7.94E-05,8.02E-05,8.60E-05,1.11E-04,1.51E-04,1.94E-04,2.29E-04,2.53E-04,2.65E-04,2.71E-04,2.71E-04,2.66E-04,2.61E-04,2.55E-04,2.48E-04,2.40E-04,2.26E-04,2.03E-04,1.75E-04,1.51E-04,1.35E-04,1.27E-04,1.24E-04,1.24E-04,1.24E-04,1.25E-04,1.26E-04,1.28E-04,1.29E-04,1.31E-04,1.34E-04,1.37E-04,1.40E-04,1.43E-04,1.44E-04,1.44E-04,1.43E-04,1.42E-04,1.41E-04,1.40E-04,1.41E-04,1.41E-04,1.42E-04,1.43E-04,1.41E-04,1.38E-04,1.35E-04,1.33E-04,1.31E-04,1.29E-04,1.26E-04,1.24E-04,1.21E-04,1.18E-04,1.18E-04,1.19E-04,1.18E-04,1.16E-04,1.16E-04,1.15E-04,1.17E-04,1.18E-04,1.19E-04,1.20E-04,1.20E-04,1.22E-04,1.25E-04,1.26E-04,1.27E-04,1.27E-04,1.29E-04,1.32E-04,1.36E-04,1.40E-04,1.45E-04,1.50E-04,1.55E-04,1.57E-04,1.60E-04,1.63E-04,1.67E-04,1.72E-04,1.74E-04,1.78E-04,1.83E-04,1.89E-04,1.93E-04,1.94E-04,1.93E-04,1.94E-04,1.95E-04,1.95E-04,1.92E-04,1.89E-04,1.86E-04,1.85E-04,1.84E-04,1.83E-04,1.83E-04,1.81E-04,1.76E-04,1.72E-04,1.70E-04,1.70E-04,1.70E-04,1.67E-04,1.65E-04,1.67E-04,1.70E-04,1.72E-04,1.75E-04,1.77E-04,1.81E-04,1.87E-04,1.98E-04,2.10E-04,2.20E-04,2.26E-04,2.32E-04,2.35E-04,2.38E-04,2.41E-04,2.46E-04,2.51E-04,2.54E-04,2.55E-04,2.56E-04,2.58E-04,2.58E-04,2.53E-04,2.49E-04,2.45E-04,2.42E-04,2.41E-04,2.42E-04,2.42E-04,2.41E-04,2.42E-04,2.42E-04,2.42E-04,2.41E-04,2.42E-04,2.44E-04,2.47E-04,2.49E-04,2.51E-04,2.53E-04,2.54E-04,2.54E-04,2.54E-04,2.54E-04,2.52E-04,2.51E-04,2.51E-04,2.53E-04,2.54E-04,2.54E-04,2.56E-04,2.56E-04,2.56E-04,2.57E-04,2.58E-04,2.59E-04,2.58E-04,2.58E-04,2.59E-04,2.60E-04,2.61E-04,2.61E-04,2.58E-04,2.54E-04,2.52E-04,2.52E-04,2.52E-04,2.54E-04,2.58E-04,2.61E-04,2.63E-04,2.65E-04,2.66E-04,2.69E-04,2.73E-04,2.78E-04,2.84E-04,2.88E-04,2.91E-04,2.94E-04,2.97E-04,2.98E-04,2.98E-04,2.97E-04,2.96E-04,2.99E-04,3.02E-04,3.04E-04,3.08E-04,3.11E-04,3.12E-04,3.13E-04,3.12E-04,3.10E-04,3.08E-04,3.08E-04,3.09E-04,3.07E-04,3.05E-04,3.04E-04,3.04E-04,3.07E-04,3.10E-04,3.15E-04,3.18E-04,3.19E-04,3.17E-04,3.14E-04,3.09E-04,3.06E-04,3.04E-04,3.02E-04,3.01E-04,3.02E-04,3.03E-04,3.06E-04,3.09E-04,3.11E-04,3.13E-04,3.15E-04,3.16E-04,3.17E-04,3.19E-04,3.25E-04,3.31E-04,3.35E-04,3.38E-04,3.42E-04,3.50E-04,3.62E-04,3.74E-04,3.84E-04,3.90E-04,3.94E-04,3.96E-04,3.98E-04,3.98E-04,3.97E-04,3.97E-04,3.97E-04,3.97E-04,3.97E-04,3.97E-04,3.97E-04,3.98E-04,3.97E-04,3.92E-04
120,LFP1,38,0,40.01366019,3.85E-04,3.78E-04,3.72E-04,3.70E-04,3.69E-04,3.69E-04,3.69E-04,3.72E-04,3.77E-04,3.82E-04,3.86E-04,3.89E-04,3.91E-04,3.94E-04,3.97E-04,3.98E-04,3.98E-04,3.96E-04,3.95E-04,3.94E-04,3.95E-04,3.95E-04,3.95E-04,3.95E-04,3.95E-04,3.96E-04,3.96E-04,3.96E-04,3.93E-04,3.92E-04,3.90E-04,3.88E-04,3.88E-04,3.90E-04,3.89E-04,3.86E-04,3.85E-04,3.85E-04,3.86E-04,3.87E-04,3.88E-04,3.88E-04,3.84E-04,3.81E-04,3.80E-04,3.81E-04,3.81E-04,3.79E-04,3.77E-04,3.76E-04,3.76E-04,3.76E-04,3.76E-04,3.77E-04,3.76E-04,3.75E-04,3.78E-04,3.80E-04,3.80E-04,3.79E-04,3.79E-04,3.79E-04,3.80E-04,3.79E-04,3.78E-04,3.76E-04,3.75E-04,3.74E-04,3.72E-04,3.70E-04,3.70E-04,3.69E-04,3.68E-04,3.67E-04,3.66E-04,3.68E-04,3.71E-04,3.74E-04,3.75E-04,3.75E-04,3.75E-04,3.76E-04,3.74E-04,3.72E-04,3.69E-04,3.67E-04,3.65E-04,3.64E-04,3.62E-04,3.63E-04,3.65E-04,3.67E-04,3.67E-04,3.65E-04,3.62E-04,3.59E-04,3.55E-04,3.50E-04,3.46E-04,3.44E-04,3.44E-04,3.42E-04,3.39E-04,3.36E-04,3.37E-04,3.36E-04,3.35E-04,3.36E-04,3.36E-04,3.38E-04,3.42E-04,3.47E-04,3.47E-04,3.46E-04,3.42E-04,3.39E-04,3.36E-04,3.34E-04,3.40E-04,3.50E-04,3.62E-04,3.71E-04,3.77E-04,3.80E-04,3.83E-04,3.84E-04,3.83E-04,3.84E-04,3.86E-04,3.85E-04,3.85E-04,3.85E-04,3.86E-04,3.86E-04,3.87E-04,3.89E-04,3.90E-04,3.89E-04,3.84E-04,3.75E-04,3.65E-04,3.56E-04,3.50E-04,3.49E-04,3.50E-04,3.51E-04,3.50E-04,3.47E-04,3.46E-04,3.45E-04,3.45E-04,3.44E-04,3.43E-04,3.45E-04,3.47E-04,3.49E-04,3.49E-04,3.48E-04,3.46E-04,3.45E-04,3.45E-04,3.44E-04,3.43E-04,3.39E-04,3.35E-04,3.35E-04,3.36E-04,3.35E-04,3.33E-04,3.32E-04,3.30E-04,3.28E-04,3.25E-04,3.23E-04,3.23E-04,3.24E-04,3.26E-04,3.28E-04,3.29E-04,3.29E-04,3.30E-04,3.33E-04,3.35E-04,3.37E-04,3.37E-04,3.36E-04,3.36E-04,3.39E-04,3.39E-04,3.40E-04,3.40E-04,3.41E-04,3.42E-04,3.43E-04,3.43E-04,3.44E-04,3.44E-04,3.47E-04,3.51E-04,3.55E-04,3.58E-04,3.61E-04,3.63E-04,3.64E-04,3.65E-04,3.67E-04,3.70E-04,3.73E-04,3.75E-04,3.78E-04,3.83E-04,3.86E-04,3.90E-04,3.93E-04,3.94E-04,3.94E-04,3.95E-04,3.96E-04,3.95E-04,3.95E-04,3.94E-04,3.94E-04,3.93E-04,3.93E-04,3.92E-04,3.90E-04,3.90E-04,3.93E-04,3.96E-04,3.99E-04,4.01E-04,4.02E-04,4.03E-04,4.06E-04,4.08E-04,4.10E-04,4.13E-04,4.14E-04,4.11E-04,4.10E-04,4.10E-04,4.13E-04,4.14E-04,4.16E-04,4.19E-04,4.20E-04,4.19E-04,4.18E-04,4.18E-04,4.18E-04,4.17E-04,4.13E-04,4.11E-04,4.10E-04,4.11E-04,4.12E-04
121,LFP1,38,0,40.09754634,4.13E-04,4.17E-04,4.27E-04,4.37E-04,4.45E-04,4.52E-04,4.60E-04,4.66E-04,4.69E-04,4.70E-04,4.69E-04,4.68E-04,4.70E-04,4.71E-04,4.72E-04,4.73E-04,4.74E-04,4.74E-04,4.72E-04,4.71E-04,4.73E-04,4.77E-04,4.79E-04,4.78E-04,4.72E-04,4.64E-04,4.56E-04,4.51E-04,4.47E-04,4.42E-04,4.39E-04,4.40E-04,4.42E-04,4.46E-04,4.49E-04,4.51E-04,4.54E-04,4.56E-04,4.58E-04,4.58E-04,4.60E-04,4.61E-04,4.62E-04,4.62E-04,4.62E-04,4.61E-04,4.62E-04,4.62E-04,4.63E-04,4.64E-04,4.66E-04,4.69E-04,4.70E-04,4.69E-04,4.69E-04,4.69E-04,4.69E-04,4.69E-04,4.71E-04,4.72E-04,4.71E-04,4.69E-04,4.67E-04,4.64E-04,4.61E-04,4.58E-04,4.58E-04,4.58E-04,4.58E-04,4.59E-04,4.59E-04,4.61E-04,4.67E-04,4.75E-04,4.83E-04,4.86E-04,4.87E-04,4.88E-04,4.91E-04,4.93E-04,4.96E-04,4.97E-04,4.96E-04,4.94E-04,4.94E-04,4.94E-04,4.97E-04,5.00E-04,5.01E-04,5.01E-04,5.01E-04,5.01E-04,5.03E-04,5.05E-04,5.06E-04,5.08E-04,5.11E-04,5.12E-04,5.12E-04,5.13E-04,5.14E-04,5.15E-04,5.16E-04,5.18E-04,5.21E-04,5.21E-04,5.21E-04,5.21E-04,5.22E-04,5.25E-04,5.28E-04,5.33E-04,5.35E-04,5.37E-04,5.39E-04,5.41E-04,5.40E-04,5.38E-04,5.36E-04,5.34E-04,5.35E-04,5.36E-04,5.38E-04,5.42E-04,5.46E-04,5.48E-04,5.50E-04,5.51E-04,5.54E-04,5.57E-04,5.61E-04,5.72E-04,5.84E-04,5.95E-04,6.05E-04,6.14E-04,6.19E-04,6.21E-04,6.25E-04,6.27E-04,6.28E-04,6.30E-04,6.34E-04,6.36E-04,6.37E-04,6.38E-04,6.41E-04,6.44E-04,6.46E-04,6.44E-04,6.39E-04,6.31E-04,6.23E-04,6.19E-04,6.16E-04,6.16E-04,6.18E-04,6.20E-04,6.22E-04,6.25E-04,6.26E-04,6.26E-04,6.25E-04,6.23E-04,6.20E-04,6.20E-04,6.20E-04,6.19E-04,6.20E-04,6.21E-04,6.24E-04,6.24E-04,6.25E-04,6.27E-04,6.28E-04,6.27E-04,6.25E-04,6.22E-04,6.22E-04,6.22E-04,6.24E-04,6.25E-04,6.26E-04,6.25E-04,6.22E-04,6.20E-04,6.20E-04,6.21E-04,6.21E-04,6.21E-04,6.20E-04,6.20E-04,6.19E-04,6.18E-04,6.19E-04,6.18E-04,6.18E-04,6.19E-04,6.19E-04,6.17E-04,6.17E-04,6.16E-04,6.16E-04,6.16E-04,6.16E-04,6.14E-04,6.13E-04,6.12E-04,6.12E-04,6.12E-04,6.13E-04,6.15E-04,6.16E-04,6.16E-04,6.14E-04,6.09E-04,6.04E-04,6.00E-04,5.95E-04,5.92E-04,5.91E-04,5.92E-04,5.92E-04,5.91E-04,5.89E-04,5.90E-04,5.89E-04,5.87E-04,5.83E-04,5.83E-04,5.84E-04,5.87E-04,5.88E-04,5.87E-04,5.84E-04,5.81E-04,5.79E-04,5.79E-04,5.75E-04,5.73E-04,5.73E-04,5.75E-04,5.76E-04,5.77E-04,5.78E-04,5.80E-04,5.81E-04,5.81E-04,5.79E-04,5.78E-04,5.80E-04,5.80E-04,5.79E-04,5.77E-04,5.76E-04,5.76E-04
122,LFP1,38,0,40.18143225,5.77E-04,5.86E-04,6.04E-04,6.19E-04,6.29E-04,6.35E-04,6.40E-04,6.44E-04,6.45E-04,6.42E-04,6.39E-04,6.38E-04,6.38E-04,6.38E-04,6.36E-04,6.34E-04,6.34E-04,6.35E-04,6.36E-04,6.34E-04,6.27E-04,6.18E-04,6.11E-04,6.04E-04,5.98E-04,5.93E-04,5.88E-04,5.84E-04,5.82E-04,5.81E-04,5.81E-04,5.81E-04,5.81E-04,5.80E-04,5.80E-04,5.79E-04,5.78E-04,5.77E-04,5.75E-04,5.71E-04,5.67E-04,5.66E-04,5.65E-04,5.65E-04,5.65E-04,5.64E-04,5.62E-04,5.62E-04,5.62E-04,5.62E-04,5.60E-04,5.56E-04,5.53E-04,5.51E-04,5.51E-04,5.52E-04,5.53E-04,5.53E-04,5.53E-04,5.52E-04,5.50E-04,5.47E-04,5.46E-04,5.45E-04,5.45E-04,5.47E-04,5.50E-04,5.53E-04,5.55E-04,5.56E-04,5.54E-04,5.52E-04,5.51E-04,5.51E-04,5.52E-04,5.54E-04,5.55E-04,5.57E-04,5.59E-04,5.61E-04,5.63E-04,5.66E-04,5.69E-04,5.69E-04,5.69E-04,5.72E-04,5.74E-04,5.76E-04,5.76E-04,5.76E-04,5.78E-04,5.79E-04,5.78E-04,5.76E-04,5.75E-04,5.75E-04,5.73E-04,5.71E-04,5.72E-04,5.72E-04,5.74E-04,5.74E-04,5.74E-04,5.73E-04,5.74E-04,5.72E-04,5.69E-04,5.68E-04,5.69E-04,5.71E-04,5.74E-04,5.76E-04,5.75E-04,5.73E-04,5.71E-04,5.71E-04,5.72E-04,5.72E-04,5.74E-04,5.76E-04,5.79E-04,5.80E-04,5.81E-04,5.82E-04,5.84E-04,5.87E-04,5.87E-04,5.87E-04,5.88E-04,5.92E-04,5.95E-04,5.96E-04,5.95E-04,5.96E-04,5.96E-04,5.98E-04,6.01E-04,6.13E-04,6.31E-04,6.47E-04,6.61E-04,6.70E-04,6.75E-04,6.80E-04,6.84E-04,6.88E-04,6.89E-04,6.88E-04,6.90E-04,6.91E-04,6.91E-04,6.92E-04,6.91E-04,6.90E-04,6.89E-04,6.90E-04,6.89E-04,6.87E-04,6.80E-04,6.71E-04,6.64E-04,6.58E-04,6.53E-04,6.49E-04,6.46E-04,6.44E-04,6.44E-04,6.45E-04,6.45E-04,6.45E-04,6.46E-04,6.48E-04,6.52E-04,6.53E-04,6.54E-04,6.56E-04,6.59E-04,6.60E-04,6.63E-04,6.65E-04,6.67E-04,6.69E-04,6.67E-04,6.65E-04,6.61E-04,6.59E-04,6.60E-04,6.62E-04,6.65E-04,6.67E-04,6.68E-04,6.67E-04,6.65E-04,6.65E-04,6.67E-04,6.69E-04,6.68E-04,6.67E-04,6.66E-04,6.65E-04,6.66E-04,6.67E-04,6.68E-04,6.68E-04,6.69E-04,6.69E-04,6.80E-04,7.11E-04,7.49E-04,7.83E-04,8.06E-04,8.21E-04,8.27E-04,8.27E-04,8.25E-04,8.19E-04,8.12E-04,8.05E-04,8.01E-04,7.98E-04,7.95E-04,7.94E-04,7.94E-04,7.93E-04,7.85E-04,7.70E-04,7.51E-04,7.36E-04,7.24E-04,7.19E-04,7.18E-04,7.17E-04,7.17E-04,7.17E-04,7.18E-04,7.19E-04,7.18E-04,7.17E-04,7.17E-04,7.14E-04,7.12E-04,7.09E-04,7.07E-04,7.04E-04,7.00E-04,6.93E-04,6.89E-04,6.84E-04,6.78E-04,6.75E-04,6.74E-04,6.73E-04,6.70E-04,6.66E-04,6.64E-04,6.65E-04
123,LFP1,38,0,40.26531839,6.66E-04,6.66E-04,6.64E-04,6.63E-04,6.61E-04,6.60E-04,6.64E-04,6.76E-04,6.92E-04,7.05E-04,7.13E-04,7.18E-04,7.20E-04,7.22E-04,7.24E-04,7.26E-04,7.28E-04,7.28E-04,7.23E-04,7.13E-04,7.01E-04,6.91E-04,6.84E-04,6.82E-04,6.83E-04,6.87E-04,6.88E-04,6.87E-04,6.86E-04,6.85E-04,6.85E-04,6.86E-04,6.88E-04,6.92E-04,6.98E-04,7.02E-04,7.03E-04,7.03E-04,7.02E-04,7.01E-04,7.00E-04,6.98E-04,6.97E-04,6.96E-04,6.93E-04,6.90E-04,6.86E-04,6.86E-04,6.85E-04,6.82E-04,6.81E-04,6.79E-04,6.77E-04,6.77E-04,6.76E-04,6.73E-04,6.72E-04,6.68E-04,6.64E-04,6.61E-04,6.59E-04,6.57E-04,6.55E-04,6.56E-04,6.56E-04,6.55E-04,6.55E-04,6.56E-04,6.58E-04,6.60E-04,6.62E-04,6.63E-04,6.64E-04,6.65E-04,6.66E-04,6.69E-04,6.73E-04,6.78E-04,6.82E-04,6.83E-04,6.83E-04,6.83E-04,6.84E-04,6.84E-04,6.84E-04,6.81E-04,6.77E-04,6.75E-04,6.75E-04,6.76E-04,6.77E-04,6.75E-04,6.71E-04,6.67E-04,6.65E-04,6.60E-04,6.55E-04,6.49E-04,6.45E-04,6.42E-04,6.39E-04,6.36E-04,6.34E-04,6.32E-04,6.28E-04,6.27E-04,6.27E-04,6.32E-04,6.37E-04,6.39E-04,6.40E-04,6.42E-04,6.41E-04,6.37E-04,6.33E-04,6.33E-04,6.43E-04,6.59E-04,6.76E-04,6.89E-04,6.95E-04,6.97E-04,6.97E-04,6.96E-04,6.95E-04,6.89E-04,6.80E-04,6.70E-04,6.62E-04,6.57E-04,6.53E-04,6.51E-04,6.51E-04,6.50E-04,6.50E-04,6.50E-04,6.50E-04,6.51E-04,6.52E-04,6.54E-04,6.54E-04,6.54E-04,6.53E-04,6.52E-04,6.49E-04,6.46E-04,6.44E-04,6.43E-04,6.45E-04,6.49E-04,6.54E-04,6.57E-04,6.59E-04,6.58E-04,6.55E-04,6.53E-04,6.52E-04,6.52E-04,6.51E-04,6.50E-04,6.47E-04,6.45E-04,6.41E-04,6.39E-04,6.37E-04,6.35E-04,6.35E-04,6.34E-04,6.33E-04,6.34E-04,6.36E-04,6.37E-04,6.37E-04,6.38E-04,6.42E-04,6.46E-04,6.47E-04,6.48E-04,6.50E-04,6.49E-04,6.47E-04,6.46E-04,6.45E-04,6.44E-04,6.42E-04,6.40E-04,6.38E-04,6.38E-04,6.38E-04,6.38E-04,6.38E-04,6.39E-04,6.38E-04,6.36E-04,6.34E-04,6.31E-04,6.28E-04,6.24E-04,6.23E-04,6.23E-04,6.23E-04,6.23E-04,6.19E-04,6.15E-04,6.11E-04,6.09E-04,6.08E-04,6.07E-04,6.06E-04,6.05E-04,6.03E-04,5.98E-04,5.93E-04,5.89E-04,5.86E-04,5.84E-04,5.85E-04,5.87E-04,5.87E-04,5.87E-04,5.86E-04,5.87E-04,5.86E-04,5.84E-04,5.83E-04,5.84E-04,5.87E-04,5.89E-04,5.90E-04,5.91E-04,5.93E-04,5.94E-04,5.95E-04,5.97E-04,5.99E-04,5.99E-04,6.00E-04,6.01E-04,6.04E-04,6.15E-04,6.33E-04,6.48E-04,6.60E-04,6.68E-04,6.71E-04,6.70E-04,6.69E-04,6.68E-04,6.64E-04,6.59E-04,6.51E-04,6.39E-04,6.24E-04,6.11E-04,6.03E-04,5.99E-04
124,LFP1,38,0,40.34920454,5.96E-04,5.93E-04,5.93E-04,5.93E-04,5.92E-04,5.90E-04,5.86E-04,5.84E-04,5.82E-04,5.80E-04,5.76E-04,5.74E-04,5.75E-04,5.75E-04,5.74E-04,5.72E-04,5.70E-04,5.68E-04,5.67E-04,5.68E-04,5.70E-04,5.71E-04,5.70E-04,5.70E-04,5.67E-04,5.64E-04,5.61E-04,5.55E-04,5.49E-04,5.42E-04,5.37E-04,5.34E-04,5.32E-04,5.32E-04,5.32E-04,5.31E-04,5.29E-04,5.26E-04,5.21E-04,5.16E-04,5.12E-04,5.10E-04,5.08E-04,5.07E-04,5.07E-04,5.08E-04,5.09E-04,5.08E-04,5.05E-04,5.04E-04,5.03E-04,5.02E-04,5.00E-04,4.96E-04,4.93E-04,4.91E-04,4.87E-04,4.84E-04,4.83E-04,4.83E-04,4.81E-04,4.79E-04,4.80E-04,4.81E-04,4.81E-04,4.82E-04,4.84E-04,4.86E-04,4.86E-04,4.84E-04,4.84E-04,4.84E-04,4.84E-04,4.83E-04,4.83E-04,4.81E-04,4.79E-04,4.77E-04,4.75E-04,4.75E-04,4.73E-04,4.75E-04,4.78E-04,4.81E-04,4.84E-04,4.84E-04,4.85E-04,4.84E-04,4.82E-04,4.81E-04,4.79E-04,4.80E-04,4.79E-04,4.77E-04,4.76E-04,4.82E-04,4.99E-04,5.19E-04,5.36E-04,5.50E-04,5.57E-04,5.59E-04,5.55E-04,5.51E-04,5.42E-04,5.31E-04,5.17E-04,5.06E-04,4.96E-04,4.89E-04,4.85E-04,4.83E-04,4.86E-04,4.89E-04,4.93E-04,4.97E-04,4.99E-04,5.02E-04,5.04E-04,5.05E-04,5.06E-04,5.07E-04,5.09E-04,5.11E-04,5.12E-04,5.10E-04,5.06E-04,5.06E-04,5.06E-04,5.06E-04,5.06E-04,5.06E-04,5.07E-04,5.08E-04,5.09E-04,5.07E-04,5.07E-04,5.07E-04,5.07E-04,5.07E-04,5.04E-04,5.02E-04,5.00E-04,4.96E-04,4.93E-04,4.91E-04,4.90E-04,4.90E-04,4.89E-04,4.86E-04,4.83E-04,4.81E-04,4.80E-04,4.79E-04,4.79E-04,4.81E-04,4.82E-04,4.83E-04,4.81E-04,4.78E-04,4.77E-04,4.76E-04,4.76E-04,4.77E-04,4.79E-04,4.81E-04,4.84E-04,4.86E-04,4.87E-04,4.85E-04,4.84E-04,4.81E-04,4.79E-04,4.78E-04,4.78E-04,4.78E-04,4.78E-04,4.78E-04,4.77E-04,4.77E-04,4.76E-04,4.77E-04,4.77E-04,4.77E-04,4.77E-04,4.77E-04,4.76E-04,4.75E-04,4.74E-04,4.75E-04,4.73E-04,4.71E-04,4.71E-04,4.71E-04,4.70E-04,4.68E-04,4.66E-04,4.64E-04,4.65E-04,4.66E-04,4.68E-04,4.72E-04,4.88E-04,5.07E-04,5.23E-04,5.34E-04,5.40E-04,5.43E-04,5.41E-04,5.33E-04,5.19E-04,5.06E-04,4.93E-04,4.84E-04,4.81E-04,4.80E-04,4.79E-04,4.79E-04,4.79E-04,4.81E-04,4.83E-04,4.84E-04,4.85E-04,4.85E-04,4.85E-04,4.84E-04,4.85E-04,4.86E-04,4.86E-04,4.85E-04,4.85E-04,4.85E-04,4.87E-04,4.87E-04,4.87E-04,4.86E-04,4.85E-04,4.82E-04,4.80E-04,4.80E-04,4.80E-04,4.80E-04,4.80E-04,4.80E-04,4.80E-04,4.80E-04,4.81E-04,4.80E-04,4.80E-04,4.80E-04,4.80E-04,4.80E-04,4.80E-04,4.80E-04,4.80E-04,4.79E-04
125,LFP1,38,0,40.43309045,4.79E-04,4.81E-04,4.82E-04,4.82E-04,4.81E-04,4.81E-04,4.81E-04,4.81E-04,4.80E-04,4.79E-04,4.81E-04,4.83E-04,4.85E-04,4.86E-04,4.85E-04,4.87E-04,4.89E-04,4.91E-04,4.92E-04,4.91E-04,4.89E-04,4.89E-04,4.90E-04,4.91E-04,4.90E-04,4.90E-04,4.90E-04,4.92E-04,4.93E-04,4.93E-04,4.93E-04,4.94E-04,4.95E-04,4.97E-04,4.99E-04,4.99E-04,4.98E-04,4.98E-04,4.98E-04,4.97E-04,4.96E-04,4.97E-04,4.98E-04,4.99E-04,4.98E-04,4.99E-04,4.98E-04,5.00E-04,5.11E-04,5.28E-04,5.44E-04,5.55E-04,5.63E-04,5.69E-04,5.69E-04,5.60E-04,5.47E-04,5.35E-04,5.27E-04,5.21E-04,5.19E-04,5.22E-04,5.25E-04,5.28E-04,5.31E-04,5.32E-04,5.32E-04,5.32E-04,5.33E-04,5.34E-04,5.35E-04,5.36E-04,5.38E-04,5.41E-04,5.43E-04,5.42E-04,5.43E-04,5.43E-04,5.43E-04,5.43E-04,5.43E-04,5.44E-04,5.46E-04,5.48E-04,5.50E-04,5.52E-04,5.53E-04,5.52E-04,5.49E-04,5.45E-04,5.43E-04,5.42E-04,5.41E-04,5.42E-04,5.44E-04,5.45E-04,5.46E-04,5.46E-04,5.45E-04,5.44E-04,5.44E-04,5.43E-04,5.44E-04,5.45E-04,5.46E-04,5.46E-04,5.47E-04,5.46E-04,5.46E-04,5.46E-04,5.48E-04,5.51E-04,5.54E-04,5.57E-04,5.61E-04,5.67E-04,5.71E-04,5.77E-04,5.83E-04,5.87E-04,5.87E-04,5.86E-04,5.88E-04,5.91E-04,5.94E-04,5.97E-04,5.98E-04,5.98E-04,5.99E-04,6.02E-04,6.03E-04,6.05E-04,6.07E-04,6.08E-04,6.10E-04,6.10E-04,6.09E-04,6.08E-04,6.08E-04,6.12E-04,6.14E-04,6.15E-04,6.16E-04,6.16E-04,6.17E-04,6.18E-04,6.21E-04,6.21E-04,6.20E-04,6.21E-04,6.22E-04,6.21E-04,6.20E-04,6.20E-04,6.20E-04,6.20E-04,6.19E-04,6.25E-04,6.38E-04,6.52E-04,6.66E-04,6.74E-04,6.76E-04,6.75E-04,6.73E-04,6.71E-04,6.64E-04,6.54E-04,6.44E-04,6.34E-04,6.28E-04,6.22E-04,6.18E-04,6.15E-04,6.15E-04,6.15E-04,6.14E-04,6.13E-04,6.11E-04,6.10E-04,6.08E-04,6.06E-04,6.06E-04,6.07E-04,6.07E-04,6.07E-04,6.06E-04,6.04E-04,6.00E-04,5.98E-04,5.97E-04,5.95E-04,5.92E-04,5.87E-04,5.85E-04,5.85E-04,5.85E-04,5.81E-04,5.76E-04,5.72E-04,5.69E-04,5.67E-04,5.67E-04,5.69E-04,5.71E-04,5.71E-04,5.70E-04,5.69E-04,5.66E-04,5.63E-04,5.60E-04,5.56E-04,5.52E-04,5.50E-04,5.48E-04,5.47E-04,5.45E-04,5.41E-04,5.38E-04,5.36E-04,5.34E-04,5.33E-04,5.33E-04,5.30E-04,5.27E-04,5.26E-04,5.28E-04,5.30E-04,5.31E-04,5.33E-04,5.34E-04,5.36E-04,5.37E-04,5.40E-04,5.41E-04,5.41E-04,5.41E-04,5.43E-04,5.45E-04,5.45E-04,5.45E-04,5.44E-04,5.44E-04,5.45E-04,5.44E-04,5.43E-04,5.41E-04,5.42E-04,5.45E-04,5.48E-04,5.49E-04,5.51E-04,5.55E-04,5.60E-04,5.62E-04,5.62E-04
126,LFP1,38,0,40.51697659,5.71E-04,5.86E-04,6.02E-04,6.16E-04,6.27E-04,6.33E-04,6.30E-04,6.23E-04,6.16E-04,6.06E-04,6.01E-04,5.98E-04,5.99E-04,6.03E-04,6.07E-04,6.10E-04,6.09E-04,6.07E-04,6.04E-04,6.03E-04,6.05E-04,6.09E-04,6.16E-04,6.21E-04,6.24E-04,6.26E-04,6.27E-04,6.29E-04,6.31E-04,6.33E-04,6.37E-04,6.38E-04,6.38E-04,6.37E-04,6.38E-04,6.39E-04,6.38E-04,6.36E-04,6.35E-04,6.34E-04,6.31E-04,6.30E-04,6.27E-04,6.27E-04,6.28E-04,6.29E-04,6.32E-04,6.36E-04,6.40E-04,6.44E-04,6.45E-04,6.44E-04,6.41E-04,6.38E-04,6.32E-04,6.25E-04,6.19E-04,6.13E-04,6.11E-04,6.11E-04,6.12E-04,6.14E-04,6.15E-04,6.11E-04,6.08E-04,6.06E-04,6.06E-04,6.09E-04,6.08E-04,6.07E-04,6.06E-04,6.06E-04,6.05E-04,6.05E-04,6.07E-04,6.08E-04,6.08E-04,6.08E-04,6.08E-04,6.07E-04,6.06E-04,6.05E-04,6.03E-04,6.03E-04,6.02E-04,6.04E-04,6.10E-04,6.14E-04,6.18E-04,6.17E-04,6.12E-04,6.08E-04,6.03E-04,6.00E-04,5.97E-04,5.95E-04,5.93E-04,5.93E-04,5.93E-04,6.01E-04,6.17E-04,6.35E-04,6.48E-04,6.57E-04,6.63E-04,6.64E-04,6.57E-04,6.45E-04,6.32E-04,6.25E-04,6.19E-04,6.16E-04,6.14E-04,6.18E-04,6.24E-04,6.28E-04,6.30E-04,6.31E-04,6.31E-04,6.32E-04,6.35E-04,6.39E-04,6.45E-04,6.48E-04,6.49E-04,6.47E-04,6.44E-04,6.45E-04,6.47E-04,6.49E-04,6.52E-04,6.55E-04,6.58E-04,6.62E-04,6.65E-04,6.67E-04,6.70E-04,6.71E-04,6.71E-04,6.69E-04,6.65E-04,6.61E-04,6.57E-04,6.54E-04,6.50E-04,6.47E-04,6.44E-04,6.43E-04,6.42E-04,6.43E-04,6.43E-04,6.43E-04,6.43E-04,6.45E-04,6.45E-04,6.43E-04,6.44E-04,6.48E-04,6.52E-04,6.55E-04,6.59E-04,6.62E-04,6.65E-04,6.67E-04,6.68E-04,6.70E-04,6.72E-04,6.72E-04,6.72E-04,6.72E-04,6.70E-04,6.70E-04,6.71E-04,6.73E-04,6.75E-04,6.78E-04,6.81E-04,6.83E-04,6.82E-04,6.81E-04,6.81E-04,6.84E-04,6.87E-04,6.89E-04,7.05E-04,7.40E-04,7.81E-04,8.14E-04,8.38E-04,8.52E-04,8.57E-04,8.53E-04,8.47E-04,8.40E-04,8.33E-04,8.27E-04,8.21E-04,8.15E-04,8.11E-04,8.07E-04,8.04E-04,8.03E-04,8.02E-04,8.06E-04,8.20E-04,8.35E-04,8.46E-04,8.52E-04,8.56E-04,8.57E-04,8.56E-04,8.50E-04,8.38E-04,8.27E-04,8.16E-04,8.08E-04,8.05E-04,8.03E-04,8.00E-04,7.90E-04,7.79E-04,7.68E-04,7.59E-04,7.52E-04,7.50E-04,7.47E-04,7.45E-04,7.41E-04,7.38E-04,7.36E-04,7.35E-04,7.34E-04,7.32E-04,7.29E-04,7.26E-04,7.24E-04,7.20E-04,7.15E-04,7.10E-04,7.06E-04,7.04E-04,7.02E-04,6.99E-04,6.95E-04,6.89E-04,6.86E-04,6.83E-04,6.82E-04,6.79E-04,6.77E-04,6.76E-04,6.77E-04,6.79E-04,6.80E-04,6.80E-04,6.79E-04
127,LFP1,38,0,40.60086274,6.78E-04,6.77E-04,6.74E-04,6.71E-04,6.69E-04,6.69E-04,6.70E-04,6.71E-04,6.70E-04,6.71E-04,6.75E-04,6.80E-04,6.85E-04,6.87E-04,6.87E-04,6.87E-04,6.89E-04,6.92E-04,6.95E-04,6.96E-04,6.96E-04,6.95E-04,6.95E-04,6.92E-04,6.89E-04,6.88E-04,6.89E-04,6.91E-04,6.93E-04,6.92E-04,6.90E-04,6.89E-04,6.85E-04,6.77E-04,6.67E-04,6.59E-04,6.55E-04,6.53E-04,6.49E-04,6.47E-04,6.44E-04,6.39E-04,6.35E-04,6.32E-04,6.29E-04,6.28E-04,6.28E-04,6.28E-04,6.29E-04,6.29E-04,6.28E-04,6.27E-04,6.23E-04,6.20E-04,6.18E-04,6.16E-04,6.13E-04,6.10E-04,6.12E-04,6.23E-04,6.38E-04,6.54E-04,6.65E-04,6.72E-04,6.75E-04,6.76E-04,6.75E-04,6.70E-04,6.59E-04,6.48E-04,6.38E-04,6.29E-04,6.23E-04,6.18E-04,6.13E-04,6.09E-04,6.07E-04,6.08E-04,6.09E-04,6.08E-04,6.07E-04,6.03E-04,5.97E-04,5.95E-04,5.93E-04,5.94E-04,5.96E-04,5.96E-04,5.91E-04,5.86E-04,5.80E-04,5.73E-04,5.69E-04,5.67E-04,5.66E-04,5.65E-04,5.63E-04,5.60E-04,5.57E-04,5.56E-04,5.55E-04,5.52E-04,5.51E-04,5.49E-04,5.46E-04,5.44E-04,5.41E-04,5.38E-04,5.37E-04,5.33E-04,5.31E-04,5.31E-04,5.32E-04,5.36E-04,5.40E-04,5.43E-04,5.43E-04,5.41E-04,5.39E-04,5.40E-04,5.42E-04,5.41E-04,5.41E-04,5.41E-04,5.40E-04,5.37E-04,5.34E-04,5.31E-04,5.32E-04,5.35E-04,5.38E-04,5.40E-04,5.41E-04,5.41E-04,5.37E-04,5.33E-04,5.29E-04,5.26E-04,5.25E-04,5.24E-04,5.25E-04,5.25E-04,5.23E-04,5.22E-04,5.22E-04,5.22E-04,5.23E-04,5.23E-04,5.23E-04,5.22E-04,5.20E-04,5.21E-04,5.22E-04,5.23E-04,5.23E-04,5.22E-04,5.20E-04,5.19E-04,5.21E-04,5.25E-04,5.28E-04,5.31E-04,5.35E-04,5.46E-04,5.62E-04,5.77E-04,5.89E-04,5.97E-04,6.02E-04,6.07E-04,6.05E-04,5.99E-04,5.92E-04,5.88E-04,5.87E-04,5.86E-04,5.84E-04,5.83E-04,5.84E-04,5.84E-04,5.83E-04,5.83E-04,5.83E-04,5.84E-04,5.85E-04,5.86E-04,5.86E-04,5.86E-04,5.87E-04,5.87E-04,5.87E-04,5.86E-04,5.87E-04,5.88E-04,5.88E-04,5.87E-04,5.86E-04,5.86E-04,5.89E-04,5.91E-04,5.93E-04,5.94E-04,5.94E-04,5.93E-04,5.93E-04,5.91E-04,5.88E-04,5.87E-04,5.85E-04,5.85E-04,5.85E-04,5.87E-04,5.89E-04,5.89E-04,5.90E-04,5.92E-04,5.92E-04,5.95E-04,5.97E-04,5.97E-04,5.96E-04,5.94E-04,5.94E-04,5.92E-04,5.90E-04,5.87E-04,5.82E-04,5.76E-04,5.72E-04,5.71E-04,5.72E-04,5.70E-04,5.68E-04,5.67E-04,5.69E-04,5.71E-04,5.73E-04,5.73E-04,5.73E-04,5.71E-04,5.69E-04,5.67E-04,5.65E-04,5.64E-04,5.63E-04,5.62E-04,5.60E-04,5.59E-04,5.60E-04,5.59E-04,5.58E-04,5.57E-04,5.55E-04,5.54E-04,5.54E-04,5.52E-04
128,LFP1,38,0,40.68474889,5.53E-04,5.54E-04,5.53E-04,5.51E-04,5.49E-04,5.49E-04,5.50E-04,5.51E-04,5.49E-04,5.49E-04,5.58E-04,5.71E-04,5.85E-04,5.95E-04,6.02E-04,6.06E-04,6.06E-04,6.02E-04,5.92E-04,5.79E-04,5.67E-04,5.57E-04,5.47E-04,5.41E-04,5.36E-04,5.35E-04,5.35E-04,5.36E-04,5.38E-04,5.39E-04,5.39E-04,5.40E-04,5.41E-04,5.45E-04,5.49E-04,5.49E-04,5.47E-04,5.44E-04,5.41E-04,5.38E-04,5.33E-04,5.27E-04,5.25E-04,5.25E-04,5.26E-04,5.24E-04,5.22E-04,5.21E-04,5.20E-04,5.17E-04,5.13E-04,5.08E-04,5.03E-04,4.99E-04,4.93E-04,4.90E-04,4.87E-04,4.85E-04,4.84E-04,4.84E-04,4.86E-04,4.87E-04,4.89E-04,4.89E-04,4.89E-04,4.88E-04,4.87E-04,4.84E-04,4.81E-04,4.81E-04,4.82E-04,4.82E-04,4.80E-04,4.78E-04,4.80E-04,4.81E-04,4.82E-04,4.82E-04,4.83E-04,4.83E-04,4.81E-04,4.78E-04,4.76E-04,4.74E-04,4.75E-04,4.77E-04,4.79E-04,4.81E-04,4.80E-04,4.76E-04,4.72E-04,4.73E-04,4.76E-04,4.77E-04,4.78E-04,4.80E-04,4.78E-04,4.74E-04,4.72E-04,4.71E-04,4.71E-04,4.69E-04,4.66E-04,4.64E-04,4.59E-04,4.56E-04,4.54E-04,4.55E-04,4.64E-04,4.75E-04,4.84E-04,4.90E-04,4.94E-04,4.95E-04,4.92E-04,4.80E-04,4.67E-04,4.54E-04,4.44E-04,4.36E-04,4.29E-04,4.23E-04,4.18E-04,4.14E-04,4.10E-04,4.08E-04,4.06E-04,4.06E-04,4.06E-04,4.04E-04,4.03E-04,4.03E-04,4.05E-04,4.04E-04,3.99E-04,3.93E-04,3.88E-04,3.82E-04,3.78E-04,3.75E-04,3.73E-04,3.74E-04,3.74E-04,3.71E-04,3.68E-04,3.62E-04,3.55E-04,3.46E-04,3.38E-04,3.34E-04,3.33E-04,3.31E-04,3.29E-04,3.26E-04,3.24E-04,3.22E-04,3.18E-04,3.13E-04,3.08E-04,3.04E-04,3.02E-04,3.01E-04,2.99E-04,2.97E-04,2.93E-04,2.88E-04,2.83E-04,2.80E-04,2.77E-04,2.75E-04,2.73E-04,2.72E-04,2.72E-04,2.70E-04,2.68E-04,2.66E-04,2.66E-04,2.67E-04,2.67E-04,2.67E-04,2.68E-04,2.69E-04,2.68E-04,2.64E-04,2.62E-04,2.58E-04,2.55E-04,2.54E-04,2.56E-04,2.57E-04,2.54E-04,2.49E-04,2.44E-04,2.39E-04,2.33E-04,2.26E-04,2.19E-04,2.12E-04,2.06E-04,2.01E-04,1.97E-04,1.93E-04,1.90E-04,1.85E-04,1.82E-04,1.81E-04,1.80E-04,1.76E-04,1.73E-04,1.69E-04,1.65E-04,1.61E-04,1.59E-04,1.57E-04,1.56E-04,1.55E-04,1.51E-04,1.49E-04,1.49E-04,1.54E-04,1.64E-04,1.75E-04,1.85E-04,1.92E-04,1.97E-04,1.96E-04,1.94E-04,1.93E-04,1.91E-04,1.86E-04,1.79E-04,1.71E-04,1.62E-04,1.55E-04,1.50E-04,1.47E-04,1.44E-04,1.40E-04,1.38E-04,1.34E-04,1.29E-04,1.26E-04,1.22E-04,1.19E-04,1.18E-04,1.17E-04,1.16E-04,1.15E-04,1.13E-04,1.10E-04,1.09E-04,1.09E-04,1.12E-04,1.14E-04,1.15E-04,1.10E-04
129,LFP1,38,0,40.7686348,1.02E-04,9.17E-05,8.36E-05,7.80E-05,7.34E-05,6.89E-05,6.60E-05,6.29E-05,5.93E-05,5.63E-05,5.40E-05,5.09E-05,4.70E-05,4.36E-05,4.04E-05,3.66E-05,3.25E-05,3.14E-05,2.92E-05,2.43E-05,1.66E-05,8.87E-06,4.09E-06,1.98E-06,3.74E-07,-1.90E-06,-3.38E-06,-2.79E-06,-2.97E-06,-5.64E-06,-1.05E-05,-1.48E-05,-1.54E-05,-1.60E-05,-1.83E-05,-2.10E-05,-2.09E-05,-1.82E-05,-1.49E-05,-1.47E-05,-1.64E-05,-1.74E-05,-1.69E-05,-1.61E-05,-1.59E-05,-1.69E-05,-1.81E-05,-1.88E-05,-1.89E-05,-1.98E-05,-1.80E-05,-1.46E-05,-1.02E-05,-4.88E-06,-5.67E-07,1.83E-06,2.16E-06,6.95E-07,-7.84E-07,-5.02E-09,2.00E-06,3.05E-06,2.71E-06,1.99E-06,5.37E-06,1.13E-05,1.76E-05,2.41E-05,3.17E-05,4.18E-05,5.59E-05,6.92E-05,9.31E-05,1.32E-04,1.73E-04,2.07E-04,2.28E-04,2.39E-04,2.41E-04,2.33E-04,2.19E-04,2.04E-04,1.88E-04,1.77E-04,1.70E-04,1.66E-04,1.65E-04,1.64E-04,1.61E-04,1.56E-04,1.43E-04,1.25E-04,1.08E-04,9.50E-05,8.62E-05,8.11E-05,8.01E-05,8.35E-05,8.73E-05,9.04E-05,8.97E-05,8.87E-05,8.74E-05,8.55E-05,8.06E-05,7.51E-05,7.16E-05,7.00E-05,6.96E-05,6.92E-05,6.70E-05,6.30E-05,5.68E-05,5.06E-05,4.61E-05,4.15E-05,3.70E-05,3.33E-05,2.99E-05,2.70E-05,2.30E-05,1.96E-05,1.58E-05,1.23E-05,1.07E-05,9.54E-06,8.17E-06,7.93E-06,7.56E-06,6.51E-06,5.40E-06,5.70E-06,5.29E-06,4.86E-06,5.32E-06,5.67E-06,6.59E-06,7.55E-06,9.05E-06,1.25E-05,1.64E-05,1.97E-05,2.17E-05,2.39E-05,2.77E-05,3.12E-05,3.34E-05,3.43E-05,3.53E-05,3.54E-05,3.48E-05,3.68E-05,3.95E-05,4.08E-05,4.15E-05,4.15E-05,4.07E-05,3.84E-05,3.61E-05,3.76E-05,3.79E-05,3.68E-05,3.55E-05,3.32E-05,3.02E-05,2.51E-05,1.99E-05,1.77E-05,1.80E-05,1.98E-05,1.94E-05,1.86E-05,1.83E-05,1.91E-05,1.92E-05,1.96E-05,2.06E-05,2.04E-05,1.98E-05,1.98E-05,2.10E-05,2.36E-05,2.71E-05,3.05E-05,3.31E-05,3.75E-05,4.81E-05,6.35E-05,7.73E-05,8.86E-05,9.65E-05,1.01E-04,1.05E-04,1.06E-04,1.08E-04,1.09E-04,1.08E-04,1.01E-04,9.41E-05,8.80E-05,8.40E-05,7.88E-05,7.53E-05,7.34E-05,7.34E-05,7.35E-05,7.58E-05,7.91E-05,8.04E-05,8.05E-05,8.20E-05,8.38E-05,8.37E-05,8.22E-05,7.85E-05,7.48E-05,7.06E-05,6.80E-05,6.71E-05,6.78E-05,6.91E-05,6.91E-05,6.72E-05,6.63E-05,6.53E-05,6.16E-05,5.64E-05,5.25E-05,5.14E-05,5.01E-05,4.96E-05,4.99E-05,5.12E-05,5.32E-05,5.29E-05,5.34E-05,5.29E-05,5.03E-05,4.69E-05,4.44E-05,4.28E-05,4.06E-05,4.09E-05,4.29E-05,4.48E-05,4.70E-05,5.02E-05,5.33E-05,5.54E-05,5.75E-05,6.06E-05,6.28E-05,6.38E-05,6.53E-05,6.71E-05,6.70E-05
130,LFP1,38,0,40.85252094,6.56E-05,6.26E-05,6.12E-05,6.29E-05,6.46E-05,6.46E-05,6.22E-05,6.19E-05,6.21E-05,5.96E-05,5.74E-05,5.42E-05,5.13E-05,4.90E-05,4.76E-05,4.60E-05,4.23E-05,3.72E-05,3.25E-05,2.81E-05,2.21E-05,1.60E-05,1.09E-05,5.95E-06,1.38E-06,-2.72E-06,-5.81E-06,-1.00E-05,-1.59E-05,-2.20E-05,-2.92E-05,-3.34E-05,-3.60E-05,-3.57E-05,-3.56E-05,-3.74E-05,-4.33E-05,-4.97E-05,-5.41E-05,-5.92E-05,-6.40E-05,-6.61E-05,-6.64E-05,-6.59E-05,-6.67E-05,-6.73E-05,-6.94E-05,-7.30E-05,-7.19E-05,-6.55E-05,-5.80E-05,-5.25E-05,-4.95E-05,-4.82E-05,-4.75E-05,-4.85E-05,-5.23E-05,-5.74E-05,-6.15E-05,-6.82E-05,-8.02E-05,-9.45E-05,-1.08E-04,-1.18E-04,-1.27E-04,-1.32E-04,-1.36E-04,-1.40E-04,-1.44E-04,-1.48E-04,-1.52E-04,-1.57E-04,-1.62E-04,-1.66E-04,-1.70E-04,-1.72E-04,-1.76E-04,-1.80E-04,-1.83E-04,-1.87E-04,-1.85E-04,-1.83E-04,-1.84E-04,-1.87E-04,-1.91E-04,-1.94E-04,-1.96E-04,-2.00E-04,-2.03E-04,-2.07E-04,-2.08E-04,-2.08E-04,-2.08E-04,-2.09E-04,-2.10E-04,-2.12E-04,-2.12E-04,-2.12E-04,-2.11E-04,-2.12E-04,-2.13E-04,-2.14E-04,-2.15E-04,-2.16E-04,-2.16E-04,-2.18E-04,-2.20E-04,-2.21E-04,-2.23E-04,-2.24E-04,-2.26E-04,-2.28E-04,-2.29E-04,-2.30E-04,-2.32E-04,-2.33E-04,-2.35E-04,-2.38E-04,-2.42E-04,-2.46E-04,-2.47E-04,-2.47E-04,-2.46E-04,-2.49E-04,-2.53E-04,-2.57E-04,-2.61E-04,-2.64E-04,-2.67E-04,-2.70E-04,-2.73E-04,-2.76E-04,-2.76E-04,-2.76E-04,-2.79E-04,-2.80E-04,-2.80E-04,-2.82E-04,-2.84E-04,-2.87E-04,-2.88E-04,-2.88E-04,-2.87E-04,-2.87E-04,-2.86E-04,-2.88E-04,-2.90E-04,-2.93E-04,-2.96E-04,-3.00E-04,-3.03E-04,-3.08E-04,-3.13E-04,-3.18E-04,-3.21E-04,-3.24E-04,-3.25E-04,-3.26E-04,-3.27E-04,-3.28E-04,-3.29E-04,-3.29E-04,-3.30E-04,-3.34E-04,-3.37E-04,-3.39E-04,-3.38E-04,-3.37E-04,-3.39E-04,-3.41E-04,-3.44E-04,-3.48E-04,-3.49E-04,-3.43E-04,-3.36E-04,-3.29E-04,-3.24E-04,-3.20E-04,-3.20E-04,-3.21E-04,-3.22E-04,-3.24E-04,-3.26E-04,-3.28E-04,-3.33E-04,-3.40E-04,-3.49E-04,-3.55E-04,-3.61E-04,-3.67E-04,-3.72E-04,-3.75E-04,-3.76E-04,-3.76E-04,-3.74E-04,-3.73E-04,-3.73E-04,-3.71E-04,-3.69E-04,-3.68E-04,-3.67E-04,-3.65E-04,-3.64E-04,-3.66E-04,-3.70E-04,-3.73E-04,-3.73E-04,-3.75E-04,-3.78E-04,-3.81E-04,-3.84E-04,-3.90E-04,-3.96E-04,-3.99E-04,-4.02E-04,-4.05E-04,-4.04E-04,-4.01E-04,-3.99E-04,-4.00E-04,-4.04E-04,-4.08E-04,-4.12E-04,-4.16E-04,-4.19E-04,-4.21E-04,-4.22E-04,-4.24E-04,-4.24E-04,-4.24E-04,-4.25E-04,-4.28E-04,-4.29E-04,-4.26E-04,-4.27E-04,-4.30E-04,-4.33E-04,-4.37E-04,-4.41E-04,-4.43E-04,-4.43E-04,-4.42E-04,-4.41E-04,-4.41E-04,-4.41E-04,-4.41E-04,-4.43E-04,-4.44E-04,-4.47E-04,-4.50E-04,-4.52E-04,-4.53E-04,-4.53E-04,-4.54E-04,-4.56E-04,-4.61E-04
131,LFP1,38,0,40.93640709,-4.63E-04,-4.65E-04,-4.66E-04,-4.68E-04,-4.70E-04,-4.72E-04,-4.75E-04,-4.74E-04,-4.73E-04,-4.74E-04,-4.73E-04,-4.71E-04,-4.69E-04,-4.71E-04,-4.75E-04,-4.80E-04,-4.82E-04,-4.83E-04,-4.83E-04,-4.83E-04,-4.83E-04,-4.82E-04,-4.82E-04,-4.82E-04,-4.83E-04,-4.84E-04,-4.87E-04,-4.88E-04,-4.87E-04,-4.86E-04,-4.88E-04,-4.91E-04,-4.93E-04,-4.92E-04,-4.91E-04,-4.89E-04,-4.88E-04,-4.90E-04,-4.91E-04,-4.88E-04,-4.79E-04,-4.68E-04,-4.58E-04,-4.51E-04,-4.47E-04,-4.44E-04,-4.43E-04,-4.43E-04,-4.44E-04,-4.46E-04,-4.46E-04,-4.48E-04,-4.52E-04,-4.61E-04,-4.71E-04,-4.80E-04,-4.85E-04,-4.87E-04,-4.88E-04,-4.89E-04,-4.90E-04,-4.89E-04,-4.90E-04,-4.91E-04,-4.92E-04,-4.92E-04,-4.93E-04,-4.95E-04,-4.99E-04,-4.99E-04,-4.98E-04,-4.95E-04,-4.94E-04,-4.94E-04,-4.94E-04,-4.95E-04,-4.96E-04,-4.95E-04,-4.96E-04,-4.96E-04,-4.99E-04,-5.01E-04,-5.03E-04,-5.06E-04,-5.09E-04,-5.13E-04,-5.14E-04,-5.15E-04,-5.18E-04,-5.21E-04,-5.24E-04,-5.27E-04,-5.28E-04,-5.27E-04,-5.29E-04,-5.31E-04,-5.33E-04,-5.38E-04,-5.39E-04,-5.41E-04,-5.43E-04,-5.42E-04,-5.42E-04,-5.43E-04,-5.44E-04,-5.44E-04,-5.43E-04,-5.42E-04,-5.42E-04,-5.45E-04,-5.47E-04,-5.49E-04,-5.47E-04,-5.46E-04,-5.45E-04,-5.42E-04,-5.41E-04,-5.39E-04,-5.39E-04,-5.40E-04,-5.44E-04,-5.47E-04,-5.48E-04,-5.47E-04,-5.44E-04,-5.42E-04,-5.41E-04,-5.40E-04,-5.39E-04,-5.39E-04,-5.40E-04,-5.42E-04,-5.42E-04,-5.44E-04,-5.44E-04,-5.46E-04,-5.47E-04,-5.48E-04,-5.48E-04,-5.47E-04,-5.47E-04,-5.48E-04,-5.47E-04,-5.47E-04,-5.46E-04,-5.46E-04,-5.44E-04,-5.46E-04,-5.46E-04,-5.45E-04,-5.46E-04,-5.48E-04,-5.48E-04,-5.50E-04,-5.53E-04,-5.55E-04,-5.55E-04,-5.53E-04,-5.51E-04,-5.51E-04,-5.51E-04,-5.48E-04,-5.43E-04,-5.38E-04,-5.36E-04,-5.35E-04,-5.35E-04,-5.34E-04,-5.26E-04,-5.13E-04,-5.04E-04,-4.97E-04,-4.91E-04,-4.85E-04,-4.81E-04,-4.78E-04,-4.77E-04,-4.76E-04,-4.79E-04,-4.81E-04,-4.84E-04,-4.85E-04,-4.90E-04,-4.96E-04,-5.05E-04,-5.14E-04,-5.20E-04,-5.23E-04,-5.24E-04,-5.24E-04,-5.23E-04,-5.20E-04,-5.16E-04,-5.14E-04,-5.14E-04,-5.15E-04,-5.14E-04,-5.93E-04,-8.82E-04,-1.22E-03,-1.51E-03,-1.70E-03,-1.81E-03,-1.86E-03,-1.85E-03,-1.83E-03,-1.80E-03,-1.76E-03,-1.74E-03,-1.72E-03,-1.70E-03,-1.69E-03,-1.68E-03,-1.67E-03,-1.66E-03,-1.66E-03,-1.66E-03,-1.66E-03,-1.66E-03,-1.66E-03,-1.66E-03,-1.67E-03,-1.67E-03,-1.68E-03,-1.68E-03,-1.69E-03,-1.69E-03,-1.69E-03,-1.69E-03,-1.69E-03,-1.69E-03,-1.69E-03,-1.70E-03,-1.69E-03,-1.69E-03,-1.69E-03,-1.68E-03,-1.67E-03,-1.66E-03,-1.65E-03,-1.63E-03,-1.61E-03,-1.59E-03,-1.55E-03,-1.50E-03,-1.45E-03,-1.41E-03,-1.37E-03,-1.35E-03,-1.33E-03,-1.31E-03,-1.30E-03,-1.28E-03,-1.27E-03,-1.25E-03,-1.24E-03
132,LFP1,38,0,41.02029324,-1.23E-03,-1.22E-03,-1.21E-03,-1.20E-03,-1.21E-03,-1.22E-03,-1.23E-03,-1.24E-03,-1.24E-03,-1.25E-03,-1.25E-03,-1.25E-03,-1.25E-03,-1.26E-03,-1.27E-03,-1.28E-03,-1.28E-03,-1.29E-03,-1.30E-03,-1.31E-03,-1.31E-03,-1.32E-03,-1.33E-03,-1.34E-03,-1.35E-03,-1.35E-03,-1.36E-03,-1.37E-03,-1.37E-03,-1.38E-03,-1.38E-03,-1.38E-03,-1.38E-03,-1.37E-03,-1.36E-03,-1.35E-03,-1.33E-03,-1.32E-03,-1.31E-03,-1.30E-03,-1.29E-03,-1.28E-03,-1.27E-03,-1.26E-03,-1.25E-03,-1.24E-03,-1.23E-03,-1.22E-03,-1.22E-03,-1.21E-03,-1.21E-03,-1.21E-03,-1.20E-03,-1.20E-03,-1.20E-03,-1.19E-03,-1.19E-03,-1.18E-03,-1.18E-03,-1.17E-03,-1.17E-03,-1.18E-03,-1.18E-03,-1.19E-03,-1.19E-03,-1.20E-03,-1.20E-03,-1.21E-03,-1.22E-03,-1.22E-03,-1.23E-03,-1.23E-03,-1.24E-03,-1.25E-03,-1.26E-03,-1.26E-03,-1.27E-03,-1.27E-03,-1.28E-03,-1.28E-03,-1.28E-03,-1.28E-03,-1.29E-03,-1.29E-03,-1.28E-03,-1.28E-03,-1.27E-03,-1.27E-03,-1.26E-03,-1.25E-03,-1.25E-03,-1.24E-03,-1.23E-03,-1.22E-03,-1.21E-03,-1.20E-03,-1.20E-03,-1.19E-03,-1.18E-03,-1.17E-03,-1.16E-03,-1.16E-03,-1.15E-03,-1.14E-03,-1.14E-03,-1.14E-03,-1.13E-03,-1.13E-03,-1.12E-03,-1.12E-03,-1.11E-03,-1.11E-03,-1.10E-03,-1.10E-03,-1.10E-03,-1.10E-03,-1.10E-03,-1.10E-03,-1.11E-03,-1.11E-03,-1.11E-03,-1.11E-03,-1.11E-03,-1.12E-03,-1.12E-03,-1.12E-03,-1.12E-03,-1.13E-03,-1.13E-03,-1.13E-03,-1.13E-03,-1.14E-03,-1.14E-03,-1.14E-03,-1.14E-03,-1.13E-03,-1.13E-03,-1.13E-03,-1.12E-03,-1.12E-03,-1.11E-03,-1.10E-03,-1.09E-03,-1.09E-03,-1.08E-03,-1.07E-03,-1.06E-03,-1.05E-03,-1.05E-03,-1.04E-03,-1.03E-03,-1.02E-03,-1.01E-03,-1.01E-03,-9.97E-04,-9.87E-04,-9.72E-04,-9.53E-04,-9.35E-04,-9.20E-04,-9.10E-04,-9.05E-04,-9.02E-04,-9.02E-04,-9.02E-04,-9.02E-04,-9.01E-04,-8.99E-04,-8.97E-04,-8.98E-04,-9.05E-04,-9.16E-04,-9.27E-04,-9.35E-04,-9.39E-04,-9.42E-04,-9.46E-04,-9.51E-04,-9.52E-04,-9.54E-04,-9.55E-04,-9.55E-04,-9.52E-04,-9.48E-04,-9.44E-04,-9.40E-04,-9.37E-04,-9.37E-04,-9.37E-04,-9.36E-04,-9.31E-04,-9.25E-04,-9.18E-04,-9.10E-04,-9.04E-04,-8.98E-04,-8.94E-04,-8.88E-04,-8.83E-04,-8.79E-04,-8.76E-04,-8.72E-04,-8.68E-04,-8.65E-04,-8.62E-04,-8.57E-04,-8.53E-04,-8.48E-04,-8.42E-04,-8.38E-04,-8.34E-04,-8.33E-04,-8.33E-04,-8.32E-04,-8.30E-04,-8.27E-04,-8.25E-04,-8.25E-04,-8.23E-04,-8.21E-04,-8.22E-04,-8.22E-04,-8.21E-04,-8.20E-04,-8.17E-04,-8.16E-04,-8.16E-04,-8.17E-04,-8.17E-04,-8.16E-04,-8.14E-04,-8.12E-04,-8.10E-04,-8.09E-04,-8.07E-04,-8.07E-04,-8.07E-04,-8.06E-04,-8.05E-04,-8.05E-04,-8.04E-04,-8.02E-04,-7.98E-04,-7.94E-04,-7.90E-04,-7.84E-04,-7.77E-04,-7.71E-04,-7.67E-04,-7.64E-04,-7.58E-04,-7.52E-04,-7.46E-04,-7.42E-04,-7.41E-04,-7.39E-04
133,LFP1,38,0,41.10417914,-7.38E-04,-7.38E-04,-7.37E-04,-7.37E-04,-7.37E-04,-7.36E-04,-7.33E-04,-7.30E-04,-7.27E-04,-7.25E-04,-7.23E-04,-7.21E-04,-7.21E-04,-7.21E-04,-7.22E-04,-7.24E-04,-7.27E-04,-7.30E-04,-7.33E-04,-7.37E-04,-7.41E-04,-7.40E-04,-7.41E-04,-7.42E-04,-7.45E-04,-7.48E-04,-7.51E-04,-7.53E-04,-7.55E-04,-7.54E-04,-7.53E-04,-7.52E-04,-7.48E-04,-7.45E-04,-7.42E-04,-7.41E-04,-7.41E-04,-7.41E-04,-7.40E-04,-7.36E-04,-7.33E-04,-7.31E-04,-7.33E-04,-7.36E-04,-7.39E-04,-7.40E-04,-7.40E-04,-7.40E-04,-7.40E-04,-7.33E-04,-7.18E-04,-7.00E-04,-6.87E-04,-6.75E-04,-6.69E-04,-6.67E-04,-6.66E-04,-6.65E-04,-6.67E-04,-6.66E-04,-6.65E-04,-6.63E-04,-6.61E-04,-6.62E-04,-6.68E-04,-6.77E-04,-6.87E-04,-6.98E-04,-7.07E-04,-7.12E-04,-7.14E-04,-7.15E-04,-7.17E-04,-7.17E-04,-7.15E-04,-7.14E-04,-7.13E-04,-7.12E-04,-7.08E-04,-7.04E-04,-7.02E-04,-6.99E-04,-6.95E-04,-6.91E-04,-6.89E-04,-6.88E-04,-6.85E-04,-6.81E-04,-6.79E-04,-6.77E-04,-6.72E-04,-6.67E-04,-6.63E-04,-6.62E-04,-6.62E-04,-6.61E-04,-6.60E-04,-6.58E-04,-6.54E-04,-6.51E-04,-6.48E-04,-6.44E-04,-6.40E-04,-6.37E-04,-6.34E-04,-6.29E-04,-6.26E-04,-6.22E-04,-6.21E-04,-6.21E-04,-6.21E-04,-6.19E-04,-6.17E-04,-6.15E-04,-6.13E-04,-6.11E-04,-6.11E-04,-6.13E-04,-6.13E-04,-6.13E-04,-6.11E-04,-6.08E-04,-6.06E-04,-6.03E-04,-6.02E-04,-5.99E-04,-5.96E-04,-5.95E-04,-5.94E-04,-5.91E-04,-5.88E-04,-5.85E-04,-5.82E-04,-5.79E-04,-5.76E-04,-5.72E-04,-5.68E-04,-5.67E-04,-5.64E-04,-5.61E-04,-5.59E-04,-5.57E-04,-5.56E-04,-5.56E-04,-5.58E-04,-5.61E-04,-5.63E-04,-5.65E-04,-5.67E-04,-5.69E-04,-5.70E-04,-5.69E-04,-5.67E-04,-5.63E-04,-5.59E-04,-5.58E-04,-5.58E-04,-5.58E-04,-5.58E-04,-5.58E-04,-5.57E-04,-5.56E-04,-5.58E-04,-5.61E-04,-5.64E-04,-5.66E-04,-5.69E-04,-5.68E-04,-5.67E-04,-5.67E-04,-5.67E-04,-5.69E-04,-5.69E-04,-5.69E-04,-5.70E-04,-5.71E-04,-5.71E-04,-5.72E-04,-5.73E-04,-5.74E-04,-5.77E-04,-5.77E-04,-5.67E-04,-5.52E-04,-5.38E-04,-5.28E-04,-5.22E-04,-5.17E-04,-5.16E-04,-5.15E-04,-5.16E-04,-5.23E-04,-5.33E-04,-5.43E-04,-5.54E-04,-5.64E-04,-5.69E-04,-5.73E-04,-5.75E-04,-5.78E-04,-5.82E-04,-5.84E-04,-5.85E-04,-5.84E-04,-5.83E-04,-5.83E-04,-5.84E-04,-5.87E-04,-5.88E-04,-5.89E-04,-5.89E-04,-5.88E-04,-5.88E-04,-5.88E-04,-5.90E-04,-5.91E-04,-5.94E-04,-5.98E-04,-6.00E-04,-6.01E-04,-6.03E-04,-6.05E-04,-6.07E-04,-6.08E-04,-6.07E-04,-6.07E-04,-6.07E-04,-6.09E-04,-6.11E-04,-6.13E-04,-6.15E-04,-6.16E-04,-6.18E-04,-6.18E-04,-6.17E-04,-6.13E-04,-6.12E-04,-6.13E-04,-6.13E-04,-6.12E-04,-6.12E-04,-6.13E-04,-6.14E-04,-6.11E-04,-6.07E-04,-6.02E-04,-5.98E-04,-5.98E-04,-6.00E-04,-6.04E-04,-6.08E-04,-6.08E-04,-6.07E-04,-6.06E-04,-6.03E-04,-5.99E-04
134,LFP1,38,0,41.18806529,-5.97E-04,-5.96E-04,-5.98E-04,-5.98E-04,-5.96E-04,-5.93E-04,-5.93E-04,-5.92E-04,-5.92E-04,-5.94E-04,-5.97E-04,-6.00E-04,-6.02E-04,-6.02E-04,-6.01E-04,-6.01E-04,-6.03E-04,-6.02E-04,-6.01E-04,-5.98E-04,-5.97E-04,-5.97E-04,-5.98E-04,-5.98E-04,-5.98E-04,-6.00E-04,-6.02E-04,-6.01E-04,-6.00E-04,-5.98E-04,-5.94E-04,-5.92E-04,-5.91E-04,-5.91E-04,-5.91E-04,-5.89E-04,-5.90E-04,-5.88E-04,-5.88E-04,-5.86E-04,-5.87E-04,-5.88E-04,-5.90E-04,-5.91E-04,-5.92E-04,-5.91E-04,-5.91E-04,-5.91E-04,-5.86E-04,-5.75E-04,-5.59E-04,-5.42E-04,-5.28E-04,-5.18E-04,-5.11E-04,-5.06E-04,-5.04E-04,-5.06E-04,-5.14E-04,-5.26E-04,-5.39E-04,-5.48E-04,-5.56E-04,-5.58E-04,-5.56E-04,-5.54E-04,-5.52E-04,-5.49E-04,-5.48E-04,-5.47E-04,-5.46E-04,-5.47E-04,-5.45E-04,-5.41E-04,-5.36E-04,-5.35E-04,-5.34E-04,-5.35E-04,-5.35E-04,-5.32E-04,-5.28E-04,-5.27E-04,-5.30E-04,-5.32E-04,-5.31E-04,-5.31E-04,-5.31E-04,-5.32E-04,-5.33E-04,-5.35E-04,-5.35E-04,-5.35E-04,-5.32E-04,-5.29E-04,-5.28E-04,-5.31E-04,-5.35E-04,-5.36E-04,-5.36E-04,-5.36E-04,-5.34E-04,-5.34E-04,-5.34E-04,-5.34E-04,-5.37E-04,-5.40E-04,-5.42E-04,-5.43E-04,-5.43E-04,-5.40E-04,-5.37E-04,-5.35E-04,-5.35E-04,-5.37E-04,-5.38E-04,-5.36E-04,-5.34E-04,-5.34E-04,-5.35E-04,-5.36E-04,-5.38E-04,-5.41E-04,-5.41E-04,-5.43E-04,-5.42E-04,-5.44E-04,-5.47E-04,-5.47E-04,-5.47E-04,-5.45E-04,-5.44E-04,-5.43E-04,-5.41E-04,-5.40E-04,-5.40E-04,-5.42E-04,-5.43E-04,-5.42E-04,-5.39E-04,-5.37E-04,-5.37E-04,-5.40E-04,-5.40E-04,-5.39E-04,-5.39E-04,-5.40E-04,-5.41E-04,-5.43E-04,-5.44E-04,-5.45E-04,-5.46E-04,-5.49E-04,-5.51E-04,-5.52E-04,-5.51E-04,-5.50E-04,-5.47E-04,-5.45E-04,-5.45E-04,-5.44E-04,-5.41E-04,-5.39E-04,-5.41E-04,-5.43E-04,-5.45E-04,-5.46E-04,-5.48E-04,-5.48E-04,-5.48E-04,-5.48E-04,-5.50E-04,-5.48E-04,-5.38E-04,-5.23E-04,-5.09E-04,-4.98E-04,-4.90E-04,-4.86E-04,-4.84E-04,-4.85E-04,-4.89E-04,-5.00E-04,-5.14E-04,-5.24E-04,-5.28E-04,-5.14E-04,-4.88E-04,-4.58E-04,-4.32E-04,-4.13E-04,-4.03E-04,-4.02E-04,-4.06E-04,-4.13E-04,-4.21E-04,-4.28E-04,-4.33E-04,-4.38E-04,-4.40E-04,-4.46E-04,-4.60E-04,-4.77E-04,-4.94E-04,-5.05E-04,-5.11E-04,-5.13E-04,-5.13E-04,-5.09E-04,-5.03E-04,-4.96E-04,-4.86E-04,-4.78E-04,-4.72E-04,-4.68E-04,-4.67E-04,-4.70E-04,-4.73E-04,-4.75E-04,-4.77E-04,-4.79E-04,-4.81E-04,-4.81E-04,-4.82E-04,-4.81E-04,-4.80E-04,-4.79E-04,-4.81E-04,-4.84E-04,-4.87E-04,-4.89E-04,-4.91E-04,-4.93E-04,-4.93E-04,-4.92E-04,-4.93E-04,-4.93E-04,-4.94E-04,-4.95E-04,-4.97E-04,-4.98E-04,-4.98E-04,-4.99E-04,-5.02E-04,-5.04E-04,-5.06E-04,-5.08E-04,-5.11E-04,-5.13E-04,-5.15E-04,-5.19E-04,-5.20E-04,-5.22E-04,-5.21E-04,-5.22E-04,-5.25E-04,-5.28E-04
135,LFP1,38,0,41.27195144,-5.29E-04,-5.28E-04,-5.29E-04,-5.30E-04,-5.28E-04,-5.25E-04,-5.23E-04,-5.24E-04,-5.28E-04,-5.33E-04,-5.38E-04,-5.42E-04,-5.47E-04,-5.51E-04,-5.54E-04,-5.54E-04,-5.54E-04,-5.56E-04,-5.57E-04,-5.57E-04,-5.59E-04,-5.61E-04,-5.62E-04,-5.64E-04,-5.65E-04,-5.69E-04,-5.72E-04,-5.64E-04,-5.51E-04,-5.40E-04,-5.30E-04,-5.21E-04,-5.16E-04,-5.18E-04,-5.27E-04,-5.38E-04,-5.48E-04,-5.56E-04,-5.63E-04,-5.69E-04,-5.73E-04,-5.75E-04,-5.76E-04,-5.77E-04,-5.80E-04,-5.81E-04,-5.79E-04,-5.77E-04,-5.75E-04,-5.73E-04,-5.71E-04,-5.71E-04,-5.73E-04,-5.73E-04,-5.74E-04,-5.77E-04,-5.77E-04,-5.75E-04,-5.76E-04,-5.79E-04,-5.82E-04,-5.83E-04,-5.83E-04,-5.85E-04,-5.85E-04,-5.84E-04,-5.84E-04,-5.87E-04,-5.89E-04,-5.89E-04,-5.90E-04,-5.91E-04,-5.93E-04,-5.96E-04,-6.00E-04,-6.03E-04,-6.05E-04,-6.07E-04,-6.09E-04,-6.08E-04,-6.08E-04,-6.08E-04,-6.08E-04,-6.09E-04,-6.09E-04,-6.09E-04,-6.11E-04,-6.10E-04,-6.06E-04,-6.03E-04,-6.03E-04,-6.03E-04,-6.03E-04,-6.03E-04,-6.02E-04,-6.00E-04,-5.98E-04,-5.97E-04,-5.95E-04,-5.93E-04,-5.90E-04,-5.87E-04,-5.85E-04,-5.83E-04,-5.81E-04,-5.78E-04,-5.75E-04,-5.73E-04,-5.70E-04,-5.68E-04,-5.67E-04,-5.67E-04,-5.66E-04,-5.67E-04,-5.68E-04,-5.68E-04,-5.70E-04,-5.73E-04,-5.74E-04,-5.74E-04,-5.76E-04,-5.77E-04,-5.76E-04,-5.76E-04,-5.78E-04,-5.79E-04,-5.79E-04,-5.80E-04,-5.81E-04,-5.83E-04,-5.85E-04,-5.87E-04,-5.90E-04,-5.90E-04,-5.87E-04,-5.86E-04,-5.87E-04,-5.88E-04,-5.87E-04,-5.88E-04,-5.90E-04,-5.95E-04,-5.96E-04,-5.86E-04,-5.69E-04,-5.54E-04,-5.41E-04,-5.33E-04,-5.29E-04,-5.31E-04,-5.41E-04,-5.53E-04,-5.63E-04,-5.69E-04,-5.72E-04,-5.74E-04,-5.76E-04,-5.76E-04,-5.75E-04,-5.75E-04,-5.75E-04,-5.77E-04,-5.78E-04,-5.82E-04,-5.86E-04,-5.89E-04,-5.88E-04,-5.86E-04,-5.85E-04,-5.86E-04,-5.86E-04,-5.89E-04,-5.88E-04,-5.87E-04,-5.87E-04,-5.89E-04,-5.89E-04,-5.88E-04,-5.89E-04,-5.90E-04,-5.91E-04,-5.90E-04,-5.84E-04,-5.78E-04,-5.76E-04,-5.79E-04,-5.83E-04,-5.87E-04,-5.87E-04,-5.86E-04,-5.85E-04,-5.85E-04,-5.85E-04,-5.84E-04,-5.82E-04,-5.81E-04,-5.79E-04,-5.76E-04,-5.74E-04,-5.71E-04,-5.66E-04,-5.62E-04,-5.57E-04,-5.54E-04,-5.52E-04,-5.51E-04,-5.49E-04,-5.48E-04,-5.47E-04,-5.44E-04,-5.40E-04,-5.38E-04,-5.35E-04,-5.34E-04,-5.33E-04,-5.32E-04,-5.29E-04,-5.25E-04,-5.21E-04,-5.17E-04,-5.13E-04,-5.09E-04,-5.09E-04,-5.10E-04,-5.11E-04,-5.10E-04,-5.09E-04,-5.09E-04,-5.06E-04,-5.03E-04,-5.01E-04,-5.00E-04,-4.99E-04,-5.01E-04,-5.01E-04,-5.01E-04,-5.00E-04,-4.92E-04,-4.75E-04,-4.54E-04,-4.36E-04,-4.26E-04,-4.26E-04,-4.35E-04,-4.49E-04,-4.60E-04,-4.69E-04,-4.76E-04,-4.78E-04,-4.79E-04,-4.77E-04,-4.73E-04,-4.67E-04,-4.62E-04,-4.59E-04,-4.55E-04
136,LFP1,38,0,41.35583735,-4.51E-04,-4.46E-04,-4.40E-04,-4.34E-04,-4.28E-04,-4.22E-04,-4.18E-04,-4.16E-04,-4.14E-04,-4.12E-04,-4.10E-04,-4.06E-04,-4.05E-04,-4.04E-04,-4.03E-04,-4.02E-04,-4.01E-04,-4.03E-04,-4.03E-04,-4.00E-04,-3.98E-04,-3.98E-04,-4.00E-04,-4.01E-04,-4.06E-04,-4.10E-04,-4.14E-04,-4.16E-04,-4.16E-04,-4.14E-04,-4.14E-04,-4.16E-04,-4.16E-04,-4.13E-04,-4.09E-04,-4.07E-04,-4.05E-04,-4.04E-04,-4.06E-04,-4.10E-04,-4.12E-04,-4.13E-04,-4.13E-04,-4.12E-04,-4.12E-04,-4.13E-04,-4.15E-04,-4.15E-04,-4.15E-04,-4.15E-04,-4.14E-04,-4.13E-04,-4.10E-04,-4.05E-04,-3.99E-04,-3.95E-04,-3.91E-04,-3.90E-04,-3.92E-04,-3.95E-04,-3.99E-04,-4.01E-04,-4.03E-04,-4.04E-04,-4.03E-04,-4.02E-04,-3.98E-04,-3.97E-04,-3.97E-04,-3.99E-04,-4.00E-04,-4.02E-04,-4.03E-04,-4.03E-04,-4.04E-04,-4.04E-04,-4.04E-04,-4.06E-04,-4.07E-04,-4.09E-04,-4.10E-04,-4.09E-04,-4.06E-04,-4.02E-04,-4.01E-04,-4.01E-04,-4.01E-04,-4.02E-04,-4.02E-04,-4.04E-04,-4.05E-04,-4.06E-04,-4.09E-04,-4.05E-04,-3.91E-04,-3.74E-04,-3.56E-04,-3.44E-04,-3.35E-04,-3.31E-04,-3.32E-04,-3.38E-04,-3.50E-04,-3.65E-04,-3.75E-04,-3.79E-04,-3.77E-04,-3.76E-04,-3.75E-04,-3.75E-04,-3.75E-04,-3.75E-04,-3.75E-04,-3.75E-04,-3.72E-04,-3.70E-04,-3.68E-04,-3.66E-04,-3.65E-04,-3.63E-04,-3.59E-04,-3.58E-04,-3.57E-04,-3.56E-04,-3.56E-04,-3.55E-04,-3.55E-04,-3.56E-04,-3.56E-04,-3.54E-04,-3.54E-04,-3.53E-04,-3.52E-04,-3.50E-04,-3.51E-04,-3.51E-04,-3.51E-04,-3.51E-04,-3.53E-04,-3.55E-04,-3.55E-04,-3.54E-04,-3.53E-04,-3.50E-04,-3.48E-04,-3.48E-04,-3.48E-04,-3.46E-04,-3.42E-04,-3.37E-04,-3.32E-04,-3.29E-04,-3.28E-04,-3.27E-04,-3.26E-04,-3.25E-04,-3.23E-04,-3.21E-04,-3.20E-04,-3.18E-04,-3.17E-04,-3.16E-04,-3.16E-04,-3.17E-04,-3.16E-04,-3.14E-04,-3.13E-04,-3.13E-04,-3.11E-04,-3.07E-04,-3.03E-04,-2.99E-04,-2.97E-04,-2.97E-04,-2.98E-04,-3.00E-04,-3.03E-04,-3.05E-04,-3.04E-04,-3.03E-04,-3.02E-04,-3.00E-04,-2.99E-04,-2.98E-04,-2.97E-04,-2.95E-04,-2.94E-04,-2.93E-04,-2.94E-04,-2.96E-04,-2.96E-04,-2.97E-04,-2.95E-04,-2.86E-04,-2.70E-04,-2.53E-04,-2.38E-04,-2.28E-04,-2.26E-04,-2.33E-04,-2.42E-04,-2.49E-04,-2.55E-04,-2.59E-04,-2.62E-04,-2.60E-04,-2.58E-04,-2.56E-04,-2.54E-04,-2.50E-04,-2.44E-04,-2.38E-04,-2.35E-04,-2.34E-04,-2.33E-04,-2.33E-04,-2.30E-04,-2.25E-04,-2.18E-04,-2.11E-04,-2.06E-04,-2.02E-04,-2.00E-04,-1.98E-04,-1.97E-04,-1.95E-04,-1.94E-04,-1.92E-04,-1.88E-04,-1.85E-04,-1.83E-04,-1.82E-04,-1.82E-04,-1.82E-04,-1.84E-04,-1.85E-04,-1.85E-04,-1.83E-04,-1.80E-04,-1.79E-04,-1.79E-04,-1.80E-04,-1.82E-04,-1.83E-04,-1.84E-04,-1.83E-04,-1.78E-04,-1.72E-04,-1.69E-04,-1.68E-04,-1.69E-04,-1.68E-04,-1.69E-04,-1.72E-04,-1.75E-04,-1.79E-04
137,LFP1,38,0,41.43972349,-1.81E-04,-1.82E-04,-1.82E-04,-1.81E-04,-1.79E-04,-1.78E-04,-1.78E-04,-1.76E-04,-1.76E-04,-1.75E-04,-1.73E-04,-1.71E-04,-1.68E-04,-1.66E-04,-1.63E-04,-1.60E-04,-1.58E-04,-1.59E-04,-1.61E-04,-1.63E-04,-1.66E-04,-1.67E-04,-1.67E-04,-1.66E-04,-1.63E-04,-1.63E-04,-1.63E-04,-1.64E-04,-1.62E-04,-1.59E-04,-1.56E-04,-1.55E-04,-1.53E-04,-1.51E-04,-1.49E-04,-1.49E-04,-1.49E-04,-1.49E-04,-1.49E-04,-1.50E-04,-1.51E-04,-1.51E-04,-1.51E-04,-1.51E-04,-1.49E-04,-1.37E-04,-1.18E-04,-9.97E-05,-8.72E-05,-8.64E-05,-9.56E-05,-1.09E-04,-1.21E-04,-1.26E-04,-1.31E-04,-1.33E-04,-1.33E-04,-1.34E-04,-1.34E-04,-1.33E-04,-1.32E-04,-1.32E-04,-1.32E-04,-1.33E-04,-1.32E-04,-1.31E-04,-1.33E-04,-1.35E-04,-1.34E-04,-1.31E-04,-1.27E-04,-1.23E-04,-1.22E-04,-1.25E-04,-1.31E-04,-1.34E-04,-1.36E-04,-1.35E-04,-1.35E-04,-1.36E-04,-1.38E-04,-1.38E-04,-1.39E-04,-1.39E-04,-1.38E-04,-1.37E-04,-1.40E-04,-1.45E-04,-1.48E-04,-1.49E-04,-1.50E-04,-1.49E-04,-1.47E-04,-1.48E-04,-1.48E-04,-1.48E-04,-1.47E-04,-1.48E-04,-1.47E-04,-1.46E-04,-1.46E-04,-1.45E-04,-1.43E-04,-1.42E-04,-1.41E-04,-1.40E-04,-1.39E-04,-1.39E-04,-1.40E-04,-1.41E-04,-1.43E-04,-1.46E-04,-1.46E-04,-1.44E-04,-1.42E-04,-1.38E-04,-1.34E-04,-1.27E-04,-1.23E-04,-1.21E-04,-1.20E-04,-1.19E-04,-1.18E-04,-1.19E-04,-1.20E-04,-1.21E-04,-1.23E-04,-1.23E-04,-1.23E-04,-1.24E-04,-1.23E-04,-1.21E-04,-1.19E-04,-1.15E-04,-1.10E-04,-1.05E-04,-1.04E-04,-1.05E-04,-1.07E-04,-1.09E-04,-1.14E-04,-1.16E-04,-1.16E-04,-1.16E-04,-1.14E-04,-1.10E-04,-1.05E-04,-1.02E-04,-9.84E-05,-9.69E-05,-9.63E-05,-9.72E-05,-9.77E-05,-9.68E-05,-9.46E-05,-9.29E-05,-9.11E-05,-8.69E-05,-7.43E-05,-5.81E-05,-4.40E-05,-3.41E-05,-2.74E-05,-2.41E-05,-2.83E-05,-3.88E-05,-5.08E-05,-6.18E-05,-6.93E-05,-7.38E-05,-7.57E-05,-7.66E-05,-7.36E-05,-6.89E-05,-6.43E-05,-6.15E-05,-6.17E-05,-6.19E-05,-6.17E-05,-6.24E-05,-6.16E-05,-5.93E-05,-5.64E-05,-5.48E-05,-5.35E-05,-5.02E-05,-4.78E-05,-4.65E-05,-4.64E-05,-4.65E-05,-4.68E-05,-4.88E-05,-5.12E-05,-4.91E-05,-4.47E-05,-3.89E-05,-3.29E-05,-2.76E-05,-2.33E-05,-2.03E-05,-1.69E-05,-1.38E-05,-1.24E-05,-1.17E-05,-1.07E-05,-7.40E-06,-5.79E-06,-6.78E-06,-7.31E-06,-6.00E-06,-5.30E-06,-3.01E-06,1.37E-08,8.51E-06,3.35E-05,6.77E-05,1.00E-04,1.26E-04,1.43E-04,1.51E-04,1.53E-04,1.51E-04,1.46E-04,1.42E-04,1.37E-04,1.34E-04,1.33E-04,1.33E-04,1.32E-04,1.29E-04,1.20E-04,1.08E-04,9.77E-05,8.93E-05,8.49E-05,8.23E-05,8.12E-05,8.03E-05,7.98E-05,8.03E-05,8.08E-05,8.06E-05,7.93E-05,7.83E-05,7.80E-05,7.75E-05,7.70E-05,7.74E-05,7.95E-05,8.07E-05,8.20E-05,8.39E-05,8.56E-05,8.62E-05,8.55E-05,8.34E-05
138,LFP1,38,0,41.52360964,8.25E-05,8.18E-05,8.03E-05,7.76E-05,7.56E-05,7.52E-05,7.50E-05,7.60E-05,7.74E-05,7.78E-05,7.88E-05,7.86E-05,7.78E-05,7.73E-05,7.63E-05,7.64E-05,7.75E-05,7.86E-05,8.17E-05,8.42E-05,8.45E-05,8.61E-05,9.17E-05,1.02E-04,1.12E-04,1.25E-04,1.46E-04,1.70E-04,1.90E-04,2.04E-04,2.16E-04,2.23E-04,2.27E-04,2.23E-04,2.13E-04,2.04E-04,1.94E-04,1.87E-04,1.82E-04,1.82E-04,1.83E-04,1.83E-04,1.83E-04,1.85E-04,1.87E-04,1.89E-04,1.92E-04,1.98E-04,2.02E-04,2.04E-04,2.06E-04,2.08E-04,2.10E-04,2.11E-04,2.10E-04,2.09E-04,2.07E-04,2.08E-04,2.09E-04,2.07E-04,2.07E-04,2.07E-04,2.08E-04,2.08E-04,2.07E-04,2.07E-04,2.09E-04,2.09E-04,2.08E-04,2.07E-04,2.08E-04,2.09E-04,2.08E-04,2.09E-04,2.09E-04,2.09E-04,2.10E-04,2.11E-04,2.10E-04,2.11E-04,2.11E-04,2.12E-04,2.14E-04,2.19E-04,2.25E-04,2.29E-04,2.30E-04,2.27E-04,2.23E-04,2.21E-04,2.22E-04,2.24E-04,2.26E-04,2.29E-04,2.31E-04,2.33E-04,2.32E-04,2.31E-04,2.33E-04,2.36E-04,2.39E-04,2.40E-04,2.41E-04,2.42E-04,2.41E-04,2.39E-04,2.38E-04,2.37E-04,2.36E-04,2.37E-04,2.37E-04,2.35E-04,2.35E-04,2.37E-04,2.38E-04,2.39E-04,2.38E-04,2.38E-04,2.35E-04,2.32E-04,2.28E-04,2.26E-04,2.27E-04,2.27E-04,2.26E-04,2.26E-04,2.30E-04,2.42E-04,2.56E-04,2.70E-04,2.81E-04,2.88E-04,2.86E-04,2.76E-04,2.66E-04,2.54E-04,2.45E-04,2.38E-04,2.34E-04,2.33E-04,2.31E-04,2.29E-04,2.29E-04,2.29E-04,2.29E-04,2.30E-04,2.31E-04,2.32E-04,2.32E-04,2.30E-04,2.31E-04,2.30E-04,2.30E-04,2.31E-04,2.34E-04,2.35E-04,2.36E-04,2.35E-04,2.37E-04,2.36E-04,2.34E-04,2.33E-04,2.31E-04,2.31E-04,2.32E-04,2.34E-04,2.35E-04,2.34E-04,2.33E-04,2.34E-04,2.33E-04,2.35E-04,2.36E-04,2.35E-04,2.35E-04,2.37E-04,2.39E-04,2.39E-04,2.38E-04,2.40E-04,2.40E-04,2.41E-04,2.44E-04,2.48E-04,2.52E-04,2.55E-04,2.56E-04,2.55E-04,2.55E-04,2.56E-04,2.58E-04,2.59E-04,2.60E-04,2.61E-04,2.62E-04,2.64E-04,2.65E-04,2.66E-04,2.67E-04,2.67E-04,2.65E-04,2.64E-04,2.64E-04,2.66E-04,2.68E-04,2.68E-04,2.68E-04,2.66E-04,2.63E-04,2.61E-04,2.61E-04,2.62E-04,2.63E-04,2.63E-04,2.63E-04,2.63E-04,2.60E-04,2.58E-04,2.57E-04,2.56E-04,2.55E-04,2.55E-04,2.55E-04,2.57E-04,2.56E-04,2.53E-04,2.50E-04,2.51E-04,2.52E-04,2.53E-04,2.54E-04,2.56E-04,2.57E-04,2.59E-04,2.62E-04,2.65E-04,2.67E-04,2.68E-04,2.67E-04,2.67E-04,2.72E-04,2.84E-04,2.96E-04,3.09E-04,3.20E-04,3.28E-04,3.33E-04,3.36E-04,3.29E-04,3.18E-04,3.07E-04,2.97E-04,2.90E-04,2.86E-04,2.83E-04,2.82E-04
139,LFP1,38,0,41.60749578,2.80E-04,2.80E-04,2.81E-04,2.82E-04,2.79E-04,2.77E-04,2.74E-04,2.72E-04,2.73E-04,2.73E-04,2.74E-04,2.74E-04,2.73E-04,2.73E-04,2.72E-04,2.74E-04,2.74E-04,2.73E-04,2.72E-04,2.71E-04,2.70E-04,2.69E-04,2.68E-04,2.66E-04,2.66E-04,2.65E-04,2.64E-04,2.63E-04,2.64E-04,2.65E-04,2.65E-04,2.66E-04,2.69E-04,2.69E-04,2.69E-04,2.67E-04,2.65E-04,2.61E-04,2.60E-04,2.60E-04,2.61E-04,2.63E-04,2.64E-04,2.68E-04,2.71E-04,2.71E-04,2.66E-04,2.64E-04,2.65E-04,2.68E-04,2.72E-04,2.75E-04,2.77E-04,2.77E-04,2.77E-04,2.77E-04,2.77E-04,2.79E-04,2.81E-04,2.84E-04,2.85E-04,2.85E-04,2.85E-04,2.84E-04,2.82E-04,2.84E-04,2.89E-04,2.96E-04,3.01E-04,3.04E-04,3.05E-04,3.06E-04,3.07E-04,3.09E-04,3.09E-04,3.09E-04,3.11E-04,3.12E-04,3.10E-04,3.07E-04,3.06E-04,3.05E-04,3.04E-04,3.03E-04,3.01E-04,2.99E-04,2.98E-04,2.97E-04,2.96E-04,2.98E-04,3.00E-04,3.03E-04,3.05E-04,3.09E-04,3.12E-04,3.14E-04,3.13E-04,3.13E-04,3.13E-04,3.14E-04,3.22E-04,3.38E-04,3.56E-04,3.70E-04,3.81E-04,3.88E-04,3.90E-04,3.91E-04,3.84E-04,3.72E-04,3.60E-04,3.48E-04,3.40E-04,3.36E-04,3.36E-04,3.36E-04,3.37E-04,3.36E-04,3.35E-04,3.32E-04,3.30E-04,3.29E-04,3.30E-04,3.29E-04,3.27E-04,3.26E-04,3.25E-04,3.23E-04,3.24E-04,3.26E-04,3.28E-04,3.29E-04,3.30E-04,3.31E-04,3.30E-04,3.29E-04,3.28E-04,3.26E-04,3.23E-04,3.20E-04,3.16E-04,3.13E-04,3.13E-04,3.14E-04,3.15E-04,3.17E-04,3.17E-04,3.19E-04,3.20E-04,3.20E-04,3.20E-04,3.21E-04,3.22E-04,3.21E-04,3.19E-04,3.20E-04,3.20E-04,3.20E-04,3.18E-04,3.16E-04,3.15E-04,3.15E-04,3.13E-04,3.11E-04,3.11E-04,3.14E-04,3.16E-04,3.20E-04,3.25E-04,3.29E-04,3.32E-04,3.31E-04,3.30E-04,3.30E-04,3.32E-04,3.34E-04,3.33E-04,3.33E-04,3.33E-04,3.35E-04,3.37E-04,3.38E-04,3.39E-04,3.39E-04,3.40E-04,3.40E-04,3.38E-04,3.37E-04,3.39E-04,3.39E-04,3.40E-04,3.43E-04,3.43E-04,3.42E-04,3.40E-04,3.38E-04,3.37E-04,3.36E-04,3.36E-04,3.37E-04,3.37E-04,3.35E-04,3.36E-04,3.39E-04,3.43E-04,3.47E-04,3.48E-04,3.56E-04,3.70E-04,3.84E-04,3.96E-04,4.04E-04,4.08E-04,4.05E-04,3.96E-04,3.84E-04,3.71E-04,3.61E-04,3.54E-04,3.47E-04,3.43E-04,3.42E-04,3.43E-04,3.45E-04,3.46E-04,3.46E-04,3.46E-04,3.48E-04,3.51E-04,3.56E-04,3.57E-04,3.57E-04,3.57E-04,3.58E-04,3.57E-04,3.54E-04,3.51E-04,3.46E-04,3.42E-04,3.41E-04,3.39E-04,3.38E-04,3.39E-04,3.39E-04,3.39E-04,3.37E-04,3.34E-04,3.32E-04,3.29E-04,3.27E-04,3.24E-04,3.20E-04,3.15E-04,3.11E-04,3.09E-04,3.06E-04
140,LFP1,38,0,41.69138169,3.02E-04,2.99E-04,2.97E-04,2.96E-04,2.96E-04,2.96E-04,2.96E-04,2.96E-04,2.97E-04,2.99E-04,2.98E-04,2.95E-04,2.93E-04,2.90E-04,2.87E-04,2.85E-04,2.82E-04,2.79E-04,2.77E-04,2.77E-04,2.79E-04,2.78E-04,2.75E-04,2.72E-04,2.69E-04,2.70E-04,2.72E-04,2.72E-04,2.72E-04,2.73E-04,2.72E-04,2.70E-04,2.69E-04,2.67E-04,2.65E-04,2.64E-04,2.60E-04,2.59E-04,2.58E-04,2.58E-04,2.57E-04,2.59E-04,2.69E-04,2.84E-04,2.98E-04,3.08E-04,3.11E-04,3.05E-04,2.96E-04,2.88E-04,2.83E-04,2.81E-04,2.78E-04,2.77E-04,2.74E-04,2.72E-04,2.71E-04,2.71E-04,2.70E-04,2.69E-04,2.69E-04,2.70E-04,2.69E-04,2.69E-04,2.70E-04,2.71E-04,2.73E-04,2.73E-04,2.73E-04,2.72E-04,2.71E-04,2.70E-04,2.70E-04,2.70E-04,2.72E-04,2.75E-04,2.76E-04,2.79E-04,2.81E-04,2.80E-04,2.79E-04,2.77E-04,2.75E-04,2.73E-04,2.69E-04,2.65E-04,2.61E-04,2.59E-04,2.58E-04,2.58E-04,2.59E-04,2.60E-04,2.61E-04,2.59E-04,2.58E-04,2.55E-04,2.51E-04,2.50E-04,2.48E-04,2.45E-04,2.42E-04,2.41E-04,2.43E-04,2.47E-04,2.47E-04,2.45E-04,2.43E-04,2.45E-04,2.46E-04,2.47E-04,2.46E-04,2.44E-04,2.43E-04,2.42E-04,2.41E-04,2.40E-04,2.39E-04,2.38E-04,2.38E-04,2.40E-04,2.41E-04,2.41E-04,2.41E-04,2.40E-04,2.39E-04,2.38E-04,2.40E-04,2.42E-04,2.42E-04,2.43E-04,2.44E-04,2.45E-04,2.44E-04,2.40E-04,2.35E-04,2.28E-04,2.21E-04,2.16E-04,2.21E-04,2.32E-04,2.42E-04,2.51E-04,2.58E-04,2.62E-04,2.59E-04,2.50E-04,2.38E-04,2.24E-04,2.11E-04,2.02E-04,1.98E-04,1.97E-04,1.98E-04,1.97E-04,1.94E-04,1.93E-04,1.92E-04,1.92E-04,1.93E-04,1.94E-04,1.93E-04,1.93E-04,1.93E-04,1.96E-04,1.96E-04,1.94E-04,1.93E-04,1.89E-04,1.85E-04,1.84E-04,1.84E-04,1.82E-04,1.79E-04,1.76E-04,1.74E-04,1.72E-04,1.72E-04,1.71E-04,1.71E-04,1.71E-04,1.71E-04,1.73E-04,1.74E-04,1.74E-04,1.73E-04,1.71E-04,1.71E-04,1.69E-04,1.68E-04,1.69E-04,1.72E-04,1.74E-04,1.76E-04,1.77E-04,1.78E-04,1.79E-04,1.79E-04,1.79E-04,1.75E-04,1.72E-04,1.71E-04,1.72E-04,1.74E-04,1.76E-04,1.76E-04,1.76E-04,1.74E-04,1.73E-04,1.72E-04,1.71E-04,1.74E-04,1.78E-04,1.81E-04,1.82E-04,1.83E-04,1.83E-04,1.83E-04,1.85E-04,1.86E-04,1.87E-04,1.89E-04,1.90E-04,1.91E-04,1.90E-04,1.88E-04,1.88E-04,1.90E-04,1.91E-04,1.91E-04,1.88E-04,1.87E-04,1.88E-04,1.90E-04,1.91E-04,1.91E-04,1.91E-04,1.91E-04,1.90E-04,1.88E-04,1.86E-04,1.87E-04,1.88E-04,1.87E-04,1.96E-04,2.23E-04,2.56E-04,2.85E-04,3.08E-04,3.28E-04,3.46E-04,3.58E-04,3.66E-04,3.67E-04,3.64E-04,3.60E-04,3.52E-04
141,LFP1,38,0,41.77526784,3.39E-04,3.18E-04,2.89E-04,2.62E-04,2.42E-04,2.28E-04,2.20E-04,2.17E-04,2.17E-04,2.16E-04,2.15E-04,2.15E-04,2.16E-04,2.19E-04,2.22E-04,2.26E-04,2.29E-04,2.29E-04,2.30E-04,2.33E-04,2.32E-04,2.30E-04,2.27E-04,2.25E-04,2.25E-04,2.24E-04,2.23E-04,2.23E-04,2.22E-04,2.18E-04,2.10E-04,2.02E-04,1.95E-04,1.93E-04,1.93E-04,1.92E-04,1.91E-04,1.87E-04,1.82E-04,1.79E-04,1.76E-04,1.72E-04,1.69E-04,1.70E-04,1.71E-04,1.74E-04,1.77E-04,1.79E-04,1.78E-04,1.75E-04,1.72E-04,1.71E-04,1.71E-04,1.71E-04,1.70E-04,1.71E-04,1.74E-04,1.76E-04,1.81E-04,1.87E-04,1.92E-04,1.97E-04,2.02E-04,2.07E-04,2.09E-04,2.08E-04,2.06E-04,2.04E-04,2.03E-04,2.05E-04,2.07E-04,2.09E-04,2.12E-04,2.16E-04,2.21E-04,2.24E-04,2.24E-04,2.22E-04,2.18E-04,2.16E-04,2.15E-04,2.14E-04,2.14E-04,2.13E-04,2.12E-04,2.11E-04,2.10E-04,2.10E-04,2.11E-04,2.11E-04,2.10E-04,2.09E-04,2.07E-04,2.08E-04,2.11E-04,2.11E-04,2.10E-04,2.12E-04,2.13E-04,2.14E-04,2.14E-04,2.15E-04,2.17E-04,2.18E-04,2.18E-04,2.20E-04,2.24E-04,2.26E-04,2.30E-04,2.41E-04,2.58E-04,2.73E-04,2.84E-04,2.92E-04,2.96E-04,2.99E-04,3.02E-04,3.03E-04,2.98E-04,2.90E-04,2.83E-04,2.76E-04,2.69E-04,2.68E-04,2.73E-04,2.79E-04,2.84E-04,2.88E-04,2.93E-04,3.00E-04,3.05E-04,3.07E-04,3.05E-04,3.02E-04,3.00E-04,2.99E-04,3.00E-04,3.00E-04,3.00E-04,2.98E-04,2.98E-04,2.99E-04,3.01E-04,3.02E-04,3.03E-04,3.05E-04,3.05E-04,3.04E-04,3.02E-04,2.98E-04,2.97E-04,2.98E-04,3.00E-04,2.99E-04,2.97E-04,2.96E-04,2.97E-04,2.99E-04,3.01E-04,3.03E-04,3.05E-04,3.05E-04,3.04E-04,3.00E-04,2.96E-04,2.96E-04,2.96E-04,2.97E-04,3.00E-04,3.03E-04,3.03E-04,3.01E-04,3.00E-04,2.98E-04,2.96E-04,2.95E-04,2.94E-04,2.92E-04,2.89E-04,2.88E-04,2.89E-04,2.93E-04,2.93E-04,2.93E-04,2.89E-04,2.84E-04,2.79E-04,2.76E-04,2.75E-04,2.75E-04,2.74E-04,2.70E-04,2.66E-04,2.64E-04,2.63E-04,2.61E-04,2.55E-04,2.50E-04,2.47E-04,2.48E-04,2.49E-04,2.48E-04,2.44E-04,2.40E-04,2.37E-04,2.36E-04,2.36E-04,2.35E-04,2.34E-04,2.34E-04,2.33E-04,2.30E-04,2.29E-04,2.30E-04,2.28E-04,2.27E-04,2.24E-04,2.21E-04,2.19E-04,2.19E-04,2.20E-04,2.20E-04,2.19E-04,2.19E-04,2.18E-04,2.16E-04,2.16E-04,2.22E-04,2.35E-04,2.51E-04,2.62E-04,2.66E-04,2.68E-04,2.68E-04,2.65E-04,2.61E-04,2.55E-04,2.43E-04,2.31E-04,2.23E-04,2.17E-04,2.13E-04,2.10E-04,2.09E-04,2.08E-04,2.07E-04,2.10E-04,2.12E-04,2.11E-04,2.10E-04,2.09E-04,2.09E-04,2.10E-04,2.10E-04,2.09E-04,2.10E-04
142,LFP1,38,0,41.85915399,2.10E-04,2.11E-04,2.12E-04,2.14E-04,2.14E-04,2.15E-04,2.17E-04,2.17E-04,2.17E-04,2.16E-04,2.15E-04,2.14E-04,2.14E-04,2.11E-04,2.09E-04,2.08E-04,2.08E-04,2.08E-04,2.08E-04,2.06E-04,2.05E-04,2.05E-04,2.04E-04,2.03E-04,2.03E-04,2.02E-04,2.01E-04,1.99E-04,1.97E-04,1.98E-04,1.96E-04,1.94E-04,1.91E-04,1.91E-04,1.89E-04,1.86E-04,1.84E-04,1.81E-04,1.80E-04,1.81E-04,1.82E-04,1.83E-04,1.83E-04,1.84E-04,1.84E-04,1.83E-04,1.80E-04,1.78E-04,1.75E-04,1.73E-04,1.71E-04,1.67E-04,1.63E-04,1.61E-04,1.61E-04,1.60E-04,1.61E-04,1.64E-04,1.65E-04,1.63E-04,1.60E-04,1.57E-04,1.55E-04,1.54E-04,1.54E-04,1.53E-04,1.52E-04,1.50E-04,1.46E-04,1.43E-04,1.40E-04,1.38E-04,1.35E-04,1.35E-04,1.34E-04,1.33E-04,1.33E-04,1.33E-04,1.32E-04,1.32E-04,1.30E-04,1.26E-04,1.20E-04,1.14E-04,1.10E-04,1.08E-04,1.07E-04,1.07E-04,1.06E-04,1.11E-04,1.24E-04,1.38E-04,1.48E-04,1.54E-04,1.56E-04,1.57E-04,1.59E-04,1.60E-04,1.60E-04,1.54E-04,1.38E-04,1.22E-04,1.07E-04,9.85E-05,9.67E-05,9.61E-05,9.63E-05,9.61E-05,9.79E-05,1.02E-04,1.05E-04,1.06E-04,1.05E-04,1.02E-04,9.52E-05,8.81E-05,8.12E-05,7.49E-05,7.06E-05,6.79E-05,6.72E-05,6.70E-05,6.69E-05,6.80E-05,6.89E-05,6.92E-05,6.88E-05,6.69E-05,6.34E-05,6.03E-05,5.70E-05,5.25E-05,4.88E-05,4.66E-05,4.31E-05,3.87E-05,3.64E-05,3.42E-05,3.25E-05,2.79E-05,2.37E-05,2.15E-05,2.15E-05,2.48E-05,2.45E-05,2.18E-05,1.92E-05,1.51E-05,1.20E-05,8.50E-06,6.01E-06,7.62E-06,8.78E-06,8.57E-06,7.72E-06,6.95E-06,6.06E-06,5.41E-06,3.92E-06,1.59E-06,1.22E-06,2.40E-06,3.62E-06,3.74E-06,1.86E-06,7.64E-07,8.57E-07,-4.01E-07,-2.36E-06,-3.63E-06,-2.57E-06,-2.33E-06,-3.63E-06,-5.51E-06,-5.35E-06,-3.70E-06,-2.85E-06,-1.58E-06,-1.67E-07,-9.12E-07,-2.94E-06,-5.77E-06,-9.94E-06,-1.36E-05,-1.59E-05,-1.65E-05,-1.81E-05,-2.07E-05,-2.33E-05,-2.50E-05,-1.95E-05,-7.00E-06,6.24E-06,1.54E-05,2.15E-05,2.57E-05,2.78E-05,2.59E-05,1.73E-05,4.39E-06,-7.12E-06,-1.56E-05,-2.16E-05,-2.52E-05,-2.71E-05,-2.69E-05,-2.58E-05,-2.41E-05,-2.31E-05,-2.46E-05,-2.77E-05,-3.14E-05,-3.64E-05,-3.93E-05,-4.14E-05,-4.22E-05,-4.31E-05,-4.47E-05,-4.77E-05,-4.84E-05,-4.91E-05,-5.04E-05,-5.25E-05,-5.33E-05,-5.65E-05,-5.84E-05,-6.04E-05,-6.34E-05,-6.57E-05,-6.67E-05,-6.98E-05,-7.30E-05,-7.69E-05,-8.15E-05,-8.56E-05,-8.84E-05,-8.99E-05,-9.15E-05,-9.24E-05,-9.41E-05,-9.53E-05,-9.78E-05,-9.92E-05,-1.01E-04,-1.01E-04,-1.01E-04,-1.02E-04,-1.02E-04,-1.02E-04,-1.02E-04,-1.04E-04,-1.04E-04,-1.02E-04,-9.89E-05,-9.86E-05,-9.72E-05
143,LFP1,38,0,41.94303989,-9.57E-05,-9.13E-05,-8.59E-05,-8.19E-05,-8.17E-05,-8.33E-05,-8.46E-05,-8.77E-05,-8.97E-05,-9.00E-05,-8.98E-05,-9.08E-05,-9.36E-05,-9.79E-05,-1.01E-04,-1.04E-04,-1.05E-04,-1.06E-04,-1.10E-04,-1.13E-04,-1.16E-04,-1.18E-04,-1.21E-04,-1.25E-04,-1.29E-04,-1.33E-04,-1.37E-04,-1.41E-04,-1.44E-04,-1.46E-04,-1.40E-04,-1.24E-04,-1.07E-04,-9.57E-05,-8.81E-05,-8.46E-05,-8.50E-05,-8.95E-05,-1.02E-04,-1.18E-04,-1.31E-04,-1.42E-04,-1.49E-04,-1.53E-04,-1.55E-04,-1.55E-04,-1.53E-04,-1.52E-04,-1.51E-04,-1.53E-04,-1.56E-04,-1.57E-04,-1.57E-04,-1.56E-04,-1.52E-04,-1.49E-04,-1.47E-04,-1.45E-04,-1.45E-04,-1.46E-04,-1.46E-04,-1.47E-04,-1.49E-04,-1.50E-04,-1.52E-04,-1.52E-04,-1.52E-04,-1.51E-04,-1.52E-04,-1.56E-04,-1.57E-04,-1.57E-04,-1.54E-04,-1.50E-04,-1.50E-04,-1.51E-04,-1.53E-04,-1.57E-04,-1.62E-04,-1.66E-04,-1.69E-04,-1.71E-04,-1.71E-04,-1.70E-04,-1.71E-04,-1.72E-04,-1.73E-04,-1.73E-04,-1.72E-04,-1.72E-04,-1.73E-04,-1.74E-04,-1.75E-04,-1.78E-04,-1.82E-04,-1.82E-04,-1.83E-04,-1.82E-04,-1.81E-04,-1.81E-04,-1.79E-04,-1.80E-04,-1.79E-04,-1.76E-04,-1.74E-04,-1.72E-04,-1.72E-04,-1.74E-04,-1.77E-04,-1.78E-04,-1.77E-04,-1.74E-04,-1.73E-04,-1.73E-04,-1.73E-04,-1.74E-04,-1.77E-04,-1.80E-04,-1.82E-04,-1.82E-04,-1.79E-04,-1.76E-04,-1.73E-04,-1.71E-04,-1.69E-04,-1.68E-04,-1.69E-04,-1.69E-04,-1.69E-04,-1.62E-04,-1.50E-04,-1.36E-04,-1.24E-04,-1.14E-04,-1.06E-04,-1.01E-04,-1.03E-04,-1.13E-04,-1.25E-04,-1.36E-04,-1.45E-04,-1.53E-04,-1.56E-04,-1.56E-04,-1.53E-04,-1.50E-04,-1.49E-04,-1.49E-04,-1.51E-04,-1.50E-04,-1.48E-04,-1.48E-04,-1.49E-04,-1.51E-04,-1.53E-04,-1.53E-04,-1.53E-04,-1.54E-04,-1.56E-04,-1.57E-04,-1.58E-04,-1.58E-04,-1.58E-04,-1.58E-04,-1.59E-04,-1.60E-04,-1.60E-04,-1.60E-04,-1.62E-04,-1.65E-04,-1.66E-04,-1.67E-04,-1.66E-04,-1.64E-04,-1.64E-04,-1.65E-04,-1.67E-04,-1.71E-04,-1.75E-04,-1.79E-04,-1.84E-04,-1.86E-04,-1.90E-04,-1.93E-04,-1.95E-04,-1.98E-04,-2.02E-04,-2.02E-04,-2.03E-04,-2.03E-04,-2.03E-04,-2.04E-04,-2.04E-04,-2.04E-04,-2.05E-04,-2.05E-04,-2.04E-04,-2.04E-04,-2.05E-04,-2.07E-04,-2.10E-04,-2.14E-04,-2.17E-04,-2.18E-04,-2.18E-04,-2.17E-04,-2.13E-04,-2.09E-04,-2.07E-04,-2.05E-04,-2.06E-04,-2.07E-04,-2.07E-04,-2.07E-04,-2.06E-04,-2.06E-04,-2.06E-04,-2.07E-04,-2.09E-04,-2.11E-04,-2.14E-04,-2.13E-04,-2.10E-04,-2.08E-04,-2.08E-04,-2.12E-04,-2.16E-04,-2.20E-04,-2.21E-04,-2.21E-04,-2.21E-04,-2.20E-04,-2.19E-04,-2.19E-04,-2.22E-04,-2.23E-04,-2.15E-04,-1.98E-04,-1.81E-04,-1.66E-04,-1.55E-04,-1.48E-04,-1.45E-04,-1.44E-04,-1.51E-04,-1.63E-04,-1.76E-04,-1.85E-04,-1.90E-04,-1.94E-04,-1.96E-04,-1.97E-04,-2.00E-04,-2.03E-04,-2.03E-04,-2.01E-04
144,LFP1,38,0,42.02692604,-1.98E-04,-1.95E-04,-1.92E-04,-1.89E-04,-1.87E-04,-1.85E-04,-1.84E-04,-1.82E-04,-1.80E-04,-1.79E-04,-1.77E-04,-1.74E-04,-1.72E-04,-1.72E-04,-1.73E-04,-1.76E-04,-1.79E-04,-1.81E-04,-1.82E-04,-1.82E-04,-1.80E-04,-1.80E-04,-1.80E-04,-1.79E-04,-1.78E-04,-1.81E-04,-1.84E-04,-1.87E-04,-1.91E-04,-1.94E-04,-1.99E-04,-2.00E-04,-1.97E-04,-1.94E-04,-1.91E-04,-1.85E-04,-1.81E-04,-1.82E-04,-1.84E-04,-1.84E-04,-1.84E-04,-1.83E-04,-1.82E-04,-1.84E-04,-1.89E-04,-1.92E-04,-1.94E-04,-1.97E-04,-1.98E-04,-1.99E-04,-1.96E-04,-1.95E-04,-1.93E-04,-1.94E-04,-1.97E-04,-2.00E-04,-2.05E-04,-2.08E-04,-2.10E-04,-2.10E-04,-2.08E-04,-2.05E-04,-2.02E-04,-2.01E-04,-2.00E-04,-2.00E-04,-2.01E-04,-2.02E-04,-2.03E-04,-2.03E-04,-2.03E-04,-2.04E-04,-2.06E-04,-2.08E-04,-2.09E-04,-2.12E-04,-2.18E-04,-2.17E-04,-2.08E-04,-1.92E-04,-1.78E-04,-1.69E-04,-1.65E-04,-1.62E-04,-1.66E-04,-1.79E-04,-1.94E-04,-2.07E-04,-2.18E-04,-2.27E-04,-2.31E-04,-2.32E-04,-2.33E-04,-2.34E-04,-2.33E-04,-2.29E-04,-2.28E-04,-2.28E-04,-2.28E-04,-2.29E-04,-2.29E-04,-2.29E-04,-2.30E-04,-2.32E-04,-2.32E-04,-2.32E-04,-2.32E-04,-2.31E-04,-2.31E-04,-2.33E-04,-2.34E-04,-2.34E-04,-2.28E-04,-2.19E-04,-2.16E-04,-2.17E-04,-2.19E-04,-2.23E-04,-2.28E-04,-2.34E-04,-2.41E-04,-2.48E-04,-2.55E-04,-2.60E-04,-2.64E-04,-2.66E-04,-2.68E-04,-2.68E-04,-2.63E-04,-2.56E-04,-2.53E-04,-2.55E-04,-2.59E-04,-2.64E-04,-2.68E-04,-2.72E-04,-2.75E-04,-2.78E-04,-2.80E-04,-2.82E-04,-2.81E-04,-2.81E-04,-2.82E-04,-2.83E-04,-2.86E-04,-2.86E-04,-2.84E-04,-2.82E-04,-2.81E-04,-2.81E-04,-2.83E-04,-2.85E-04,-2.84E-04,-2.83E-04,-2.83E-04,-2.81E-04,-2.81E-04,-2.79E-04,-2.74E-04,-2.66E-04,-2.57E-04,-2.49E-04,-2.45E-04,-2.44E-04,-2.45E-04,-2.46E-04,-2.47E-04,-2.42E-04,-2.15E-04,-1.68E-04,-1.20E-04,-8.16E-05,-5.58E-05,-4.26E-05,-4.23E-05,-5.37E-05,-7.51E-05,-1.01E-04,-1.26E-04,-1.47E-04,-1.62E-04,-1.73E-04,-1.88E-04,-2.07E-04,-2.26E-04,-2.41E-04,-2.52E-04,-2.59E-04,-2.62E-04,-2.63E-04,-2.65E-04,-2.67E-04,-2.69E-04,-2.68E-04,-2.66E-04,-2.63E-04,-2.59E-04,-2.60E-04,-2.62E-04,-2.65E-04,-2.67E-04,-2.66E-04,-2.61E-04,-2.56E-04,-2.55E-04,-2.58E-04,-2.63E-04,-2.72E-04,-2.82E-04,-2.90E-04,-2.95E-04,-3.01E-04,-3.07E-04,-3.13E-04,-3.21E-04,-3.32E-04,-3.42E-04,-3.50E-04,-3.58E-04,-3.64E-04,-3.69E-04,-3.73E-04,-3.77E-04,-3.81E-04,-3.84E-04,-3.87E-04,-3.90E-04,-3.92E-04,-3.94E-04,-3.97E-04,-3.99E-04,-4.00E-04,-4.03E-04,-4.09E-04,-4.12E-04,-4.16E-04,-4.18E-04,-4.20E-04,-4.20E-04,-4.20E-04,-4.20E-04,-4.20E-04,-4.23E-04,-4.26E-04,-4.26E-04,-4.26E-04,-4.26E-04,-4.26E-04,-4.26E-04,-4.27E-04,-4.28E-04,-4.31E-04,-4.32E-04,-4.32E-04,-4.31E-04,-4.32E-04
145,LFP1,38,0,42.11081219,-4.36E-04,-4.38E-04,-4.40E-04,-4.44E-04,-4.48E-04,-4.47E-04,-4.46E-04,-4.48E-04,-4.52E-04,-4.57E-04,-4.61E-04,-4.60E-04,-4.54E-04,-4.46E-04,-4.39E-04,-4.34E-04,-4.32E-04,-4.31E-04,-4.30E-04,-4.32E-04,-4.32E-04,-4.32E-04,-4.33E-04,-4.32E-04,-4.28E-04,-4.25E-04,-4.25E-04,-4.26E-04,-4.25E-04,-4.24E-04,-4.29E-04,-4.33E-04,-4.36E-04,-4.39E-04,-4.40E-04,-4.39E-04,-4.38E-04,-4.36E-04,-4.34E-04,-4.33E-04,-4.33E-04,-4.34E-04,-4.36E-04,-4.38E-04,-4.36E-04,-4.33E-04,-4.31E-04,-4.31E-04,-4.28E-04,-4.25E-04,-4.23E-04,-4.24E-04,-4.24E-04,-4.26E-04,-4.31E-04,-4.34E-04,-4.36E-04,-4.40E-04,-4.42E-04,-4.35E-04,-4.20E-04,-4.04E-04,-3.92E-04,-3.83E-04,-3.80E-04,-3.79E-04,-3.83E-04,-3.86E-04,-3.88E-04,-3.88E-04,-3.90E-04,-3.95E-04,-4.07E-04,-4.23E-04,-4.39E-04,-4.50E-04,-4.56E-04,-4.59E-04,-4.60E-04,-4.59E-04,-4.58E-04,-4.56E-04,-4.54E-04,-4.53E-04,-4.52E-04,-4.49E-04,-4.48E-04,-4.44E-04,-4.39E-04,-4.34E-04,-4.31E-04,-4.29E-04,-4.30E-04,-4.30E-04,-4.28E-04,-4.26E-04,-4.25E-04,-4.25E-04,-4.26E-04,-4.29E-04,-4.31E-04,-4.31E-04,-4.32E-04,-4.34E-04,-4.36E-04,-4.39E-04,-4.44E-04,-4.47E-04,-4.48E-04,-4.50E-04,-4.52E-04,-4.55E-04,-4.61E-04,-4.66E-04,-4.70E-04,-4.71E-04,-4.72E-04,-4.74E-04,-4.75E-04,-4.76E-04,-4.77E-04,-4.77E-04,-4.77E-04,-4.77E-04,-4.76E-04,-4.75E-04,-4.73E-04,-4.72E-04,-4.71E-04,-4.71E-04,-4.69E-04,-4.68E-04,-4.66E-04,-4.63E-04,-4.60E-04,-4.58E-04,-4.56E-04,-4.55E-04,-4.55E-04,-4.54E-04,-4.51E-04,-4.48E-04,-4.47E-04,-4.45E-04,-4.44E-04,-4.44E-04,-4.44E-04,-4.42E-04,-4.41E-04,-4.40E-04,-4.38E-04,-4.36E-04,-4.34E-04,-4.31E-04,-4.31E-04,-4.30E-04,-4.28E-04,-4.27E-04,-4.27E-04,-4.25E-04,-4.24E-04,-4.24E-04,-4.24E-04,-4.27E-04,-4.31E-04,-4.35E-04,-4.39E-04,-4.44E-04,-4.45E-04,-4.34E-04,-4.16E-04,-3.97E-04,-3.83E-04,-3.74E-04,-3.70E-04,-3.70E-04,-3.76E-04,-3.88E-04,-4.01E-04,-4.09E-04,-4.14E-04,-4.17E-04,-4.19E-04,-4.18E-04,-4.17E-04,-4.14E-04,-4.11E-04,-4.07E-04,-4.01E-04,-3.97E-04,-3.93E-04,-3.90E-04,-3.88E-04,-3.86E-04,-3.83E-04,-3.78E-04,-3.75E-04,-3.75E-04,-3.76E-04,-3.77E-04,-3.79E-04,-3.79E-04,-3.78E-04,-3.77E-04,-3.75E-04,-3.74E-04,-3.76E-04,-3.79E-04,-3.83E-04,-3.87E-04,-3.89E-04,-3.90E-04,-3.91E-04,-3.92E-04,-3.93E-04,-3.92E-04,-3.90E-04,-3.91E-04,-3.94E-04,-3.99E-04,-4.03E-04,-4.05E-04,-4.04E-04,-4.03E-04,-4.02E-04,-4.01E-04,-4.00E-04,-3.98E-04,-3.97E-04,-3.97E-04,-3.99E-04,-4.00E-04,-4.00E-04,-3.97E-04,-3.94E-04,-3.92E-04,-3.91E-04,-3.90E-04,-3.89E-04,-3.87E-04,-3.86E-04,-3.84E-04,-3.80E-04,-3.77E-04,-3.74E-04,-3.72E-04,-3.70E-04,-3.69E-04,-3.68E-04,-3.67E-04,-3.67E-04,-3.67E-04,-3.66E-04,-3.65E-04,-3.65E-04,-3.66E-04
146,LFP1,38,0,42.19469833,-3.66E-04,-3.66E-04,-3.67E-04,-3.68E-04,-3.70E-04,-3.63E-04,-3.49E-04,-3.34E-04,-3.22E-04,-3.13E-04,-3.09E-04,-3.08E-04,-3.18E-04,-3.34E-04,-3.47E-04,-3.55E-04,-3.59E-04,-3.59E-04,-3.60E-04,-3.58E-04,-3.56E-04,-3.50E-04,-3.45E-04,-3.43E-04,-3.44E-04,-3.46E-04,-3.45E-04,-3.44E-04,-3.42E-04,-3.39E-04,-3.36E-04,-3.36E-04,-3.34E-04,-3.32E-04,-3.29E-04,-3.26E-04,-3.25E-04,-3.24E-04,-3.22E-04,-3.20E-04,-3.19E-04,-3.17E-04,-3.17E-04,-3.15E-04,-3.14E-04,-3.13E-04,-3.13E-04,-3.12E-04,-3.11E-04,-3.12E-04,-3.12E-04,-3.11E-04,-3.11E-04,-3.12E-04,-3.15E-04,-3.18E-04,-3.19E-04,-3.19E-04,-3.18E-04,-3.20E-04,-3.23E-04,-3.25E-04,-3.27E-04,-3.28E-04,-3.31E-04,-3.35E-04,-3.39E-04,-3.40E-04,-3.38E-04,-3.34E-04,-3.30E-04,-3.26E-04,-3.24E-04,-3.22E-04,-3.20E-04,-3.19E-04,-3.18E-04,-3.18E-04,-3.18E-04,-3.16E-04,-3.11E-04,-3.04E-04,-2.96E-04,-2.90E-04,-2.83E-04,-2.78E-04,-2.76E-04,-2.74E-04,-2.73E-04,-2.73E-04,-2.72E-04,-2.70E-04,-2.70E-04,-2.71E-04,-2.74E-04,-2.78E-04,-2.78E-04,-2.76E-04,-2.74E-04,-2.75E-04,-2.74E-04,-2.70E-04,-2.65E-04,-2.60E-04,-2.57E-04,-2.53E-04,-2.41E-04,-2.23E-04,-2.08E-04,-1.95E-04,-1.88E-04,-1.83E-04,-1.82E-04,-1.86E-04,-1.96E-04,-2.09E-04,-2.16E-04,-2.20E-04,-2.21E-04,-2.20E-04,-2.16E-04,-2.12E-04,-2.09E-04,-2.07E-04,-2.07E-04,-2.08E-04,-2.06E-04,-2.02E-04,-1.96E-04,-1.94E-04,-1.90E-04,-1.86E-04,-1.84E-04,-1.80E-04,-1.77E-04,-1.73E-04,-1.67E-04,-1.61E-04,-1.60E-04,-1.59E-04,-1.58E-04,-1.58E-04,-1.57E-04,-1.56E-04,-1.59E-04,-1.60E-04,-1.59E-04,-1.58E-04,-1.57E-04,-1.55E-04,-1.54E-04,-1.54E-04,-1.54E-04,-1.53E-04,-1.52E-04,-1.50E-04,-1.49E-04,-1.49E-04,-1.51E-04,-1.52E-04,-1.51E-04,-1.51E-04,-1.52E-04,-1.51E-04,-1.50E-04,-1.48E-04,-1.45E-04,-1.41E-04,-1.40E-04,-1.40E-04,-1.41E-04,-1.38E-04,-1.36E-04,-1.35E-04,-1.34E-04,-1.30E-04,-1.25E-04,-1.22E-04,-1.19E-04,-1.17E-04,-1.15E-04,-1.14E-04,-1.13E-04,-1.12E-04,-1.11E-04,-1.09E-04,-1.08E-04,-1.10E-04,-1.12E-04,-1.15E-04,-1.16E-04,-1.13E-04,-1.12E-04,-1.12E-04,-1.14E-04,-1.16E-04,-1.17E-04,-1.18E-04,-1.17E-04,-1.14E-04,-1.10E-04,-1.09E-04,-1.10E-04,-1.08E-04,-1.06E-04,-1.07E-04,-1.09E-04,-1.11E-04,-1.10E-04,-1.08E-04,-1.07E-04,-1.07E-04,-1.09E-04,-1.11E-04,-1.11E-04,-1.11E-04,-1.09E-04,-1.08E-04,-1.07E-04,-1.06E-04,-1.04E-04,-1.02E-04,-1.00E-04,-1.01E-04,-9.93E-05,-9.79E-05,-9.56E-05,-9.24E-05,-9.04E-05,-9.08E-05,-8.99E-05,-8.83E-05,-8.66E-05,-8.60E-05,-8.35E-05,-8.21E-05,-8.14E-05,-8.14E-05,-8.05E-05,-7.82E-05,-7.59E-05,-7.50E-05,-7.48E-05,-7.49E-05,-7.56E-05,-7.38E-05,-7.05E-05,-6.75E-05,-6.76E-05,-6.92E-05,-7.17E-05,-7.43E-05,-7.59E-05,-7.62E-05,-7.77E-05,-7.84E-05
147,LFP1,38,0,42.27858424,-7.73E-05,-7.56E-05,-7.39E-05,-7.32E-05,-7.39E-05,-7.48E-05,-7.49E-05,-7.44E-05,-7.35E-05,-7.40E-05,-7.72E-05,-7.99E-05,-8.29E-05,-8.32E-05,-8.11E-05,-7.26E-05,-5.84E-05,-4.27E-05,-2.88E-05,-1.86E-05,-1.37E-05,-1.27E-05,-1.29E-05,-1.26E-05,-1.31E-05,-1.32E-05,-1.01E-05,-7.49E-06,-5.79E-06,-4.30E-06,-2.74E-06,-6.33E-07,4.82E-07,1.52E-06,2.67E-06,4.05E-06,4.95E-06,4.35E-06,2.79E-06,1.74E-06,2.73E-06,1.61E-06,-4.49E-06,-1.30E-05,-2.23E-05,-3.04E-05,-3.55E-05,-3.88E-05,-4.12E-05,-4.29E-05,-4.18E-05,-4.42E-05,-4.55E-05,-4.46E-05,-4.46E-05,-4.36E-05,-4.35E-05,-4.33E-05,-4.24E-05,-4.18E-05,-4.18E-05,-4.38E-05,-4.51E-05,-4.53E-05,-4.57E-05,-4.60E-05,-4.69E-05,-4.82E-05,-4.93E-05,-4.97E-05,-5.22E-05,-5.61E-05,-5.95E-05,-6.04E-05,-6.02E-05,-6.04E-05,-5.99E-05,-5.89E-05,-5.91E-05,-5.97E-05,-6.15E-05,-6.18E-05,-6.16E-05,-6.21E-05,-6.46E-05,-6.65E-05,-6.51E-05,-6.34E-05,-6.09E-05,-5.93E-05,-5.71E-05,-5.59E-05,-5.40E-05,-5.17E-05,-5.28E-05,-5.61E-05,-5.81E-05,-5.89E-05,-5.96E-05,-6.04E-05,-6.29E-05,-6.62E-05,-6.89E-05,-6.94E-05,-6.56E-05,-6.14E-05,-5.77E-05,-5.76E-05,-6.11E-05,-6.39E-05,-6.52E-05,-6.63E-05,-6.88E-05,-7.20E-05,-7.42E-05,-7.68E-05,-7.82E-05,-7.84E-05,-7.91E-05,-7.93E-05,-8.15E-05,-8.45E-05,-8.71E-05,-8.71E-05,-8.62E-05,-8.72E-05,-8.79E-05,-8.89E-05,-9.06E-05,-9.35E-05,-9.50E-05,-9.70E-05,-1.00E-04,-9.97E-05,-9.61E-05,-9.51E-05,-9.84E-05,-1.01E-04,-9.96E-05,-9.90E-05,-9.85E-05,-9.87E-05,-9.55E-05,-8.52E-05,-7.23E-05,-5.88E-05,-4.64E-05,-3.84E-05,-3.37E-05,-3.06E-05,-2.98E-05,-3.47E-05,-4.51E-05,-5.68E-05,-6.78E-05,-7.69E-05,-8.29E-05,-8.65E-05,-8.80E-05,-8.81E-05,-8.73E-05,-8.69E-05,-8.68E-05,-8.76E-05,-8.74E-05,-8.67E-05,-8.36E-05,-7.94E-05,-7.73E-05,-7.60E-05,-7.51E-05,-7.44E-05,-7.31E-05,-7.34E-05,-7.38E-05,-7.44E-05,-7.42E-05,-7.26E-05,-7.08E-05,-6.77E-05,-6.52E-05,-6.38E-05,-6.19E-05,-5.96E-05,-5.73E-05,-5.85E-05,-6.02E-05,-6.12E-05,-6.23E-05,-6.09E-05,-5.81E-05,-5.56E-05,-5.29E-05,-5.16E-05,-5.29E-05,-5.44E-05,-5.61E-05,-5.55E-05,-5.43E-05,-5.27E-05,-5.14E-05,-4.86E-05,-4.71E-05,-4.62E-05,-4.37E-05,-4.02E-05,-3.67E-05,-3.42E-05,-3.16E-05,-3.01E-05,-2.94E-05,-2.99E-05,-2.93E-05,-2.55E-05,-2.29E-05,-2.22E-05,-2.26E-05,-2.42E-05,-2.62E-05,-2.54E-05,-2.55E-05,-2.49E-05,-2.34E-05,-2.19E-05,-1.99E-05,-1.88E-05,-1.82E-05,-1.89E-05,-2.03E-05,-1.86E-05,-1.63E-05,-1.40E-05,-1.13E-05,-6.94E-06,-1.16E-06,1.39E-06,5.13E-07,-2.20E-06,8.79E-07,1.75E-05,5.63E-05,1.04E-04,1.46E-04,1.77E-04,1.95E-04,2.02E-04,1.96E-04,1.78E-04,1.58E-04,1.41E-04,1.30E-04,1.21E-04,1.14E-04,1.11E-04,1.07E-04,9.68E-05
148,LFP1,38,0,42.36247039,7.95E-05,6.09E-05,4.67E-05,3.72E-05,3.21E-05,3.14E-05,3.42E-05,3.58E-05,3.63E-05,3.55E-05,3.51E-05,3.68E-05,3.94E-05,4.38E-05,4.77E-05,5.09E-05,5.19E-05,5.12E-05,4.92E-05,4.54E-05,3.99E-05,3.33E-05,2.71E-05,2.54E-05,2.64E-05,2.52E-05,2.15E-05,1.78E-05,1.42E-05,1.13E-05,1.02E-05,8.12E-06,3.52E-06,-7.48E-07,-2.75E-06,-2.88E-06,-1.80E-06,-9.97E-07,-3.90E-06,-6.44E-06,-1.01E-05,-1.24E-05,-1.44E-05,-1.38E-05,-1.20E-05,-1.03E-05,-8.13E-06,-5.96E-06,-2.85E-06,4.12E-07,2.97E-06,2.89E-06,1.09E-06,1.25E-06,5.17E-06,9.21E-06,1.21E-05,1.49E-05,2.38E-05,3.29E-05,3.84E-05,4.20E-05,4.46E-05,4.79E-05,4.97E-05,5.03E-05,4.85E-05,4.67E-05,4.54E-05,4.57E-05,4.65E-05,4.80E-05,4.78E-05,4.49E-05,4.11E-05,4.00E-05,4.50E-05,5.79E-05,7.42E-05,8.74E-05,9.72E-05,1.03E-04,1.06E-04,1.05E-04,9.57E-05,8.06E-05,6.66E-05,5.64E-05,5.00E-05,4.60E-05,4.70E-05,5.03E-05,5.40E-05,5.80E-05,6.16E-05,6.34E-05,6.42E-05,6.60E-05,6.93E-05,7.15E-05,7.27E-05,7.21E-05,7.30E-05,7.69E-05,7.89E-05,8.13E-05,8.61E-05,9.04E-05,9.35E-05,9.35E-05,9.25E-05,9.23E-05,9.29E-05,9.24E-05,9.18E-05,9.29E-05,9.50E-05,9.88E-05,1.02E-04,1.03E-04,1.00E-04,9.82E-05,9.91E-05,1.00E-04,1.02E-04,1.01E-04,9.81E-05,9.37E-05,8.97E-05,8.79E-05,8.98E-05,9.24E-05,9.39E-05,9.42E-05,9.31E-05,8.95E-05,8.57E-05,8.28E-05,8.05E-05,7.99E-05,8.03E-05,7.98E-05,8.25E-05,8.48E-05,8.54E-05,8.77E-05,9.07E-05,9.30E-05,9.54E-05,9.78E-05,1.00E-04,1.02E-04,1.01E-04,1.00E-04,1.00E-04,1.00E-04,1.01E-04,1.04E-04,1.08E-04,1.11E-04,1.15E-04,1.19E-04,1.23E-04,1.24E-04,1.24E-04,1.23E-04,1.22E-04,1.20E-04,1.22E-04,1.31E-04,1.47E-04,1.64E-04,1.78E-04,1.84E-04,1.86E-04,1.84E-04,1.80E-04,1.73E-04,1.62E-04,1.50E-04,1.42E-04,1.36E-04,1.33E-04,1.32E-04,1.34E-04,1.34E-04,1.35E-04,1.34E-04,1.35E-04,1.37E-04,1.38E-04,1.38E-04,1.38E-04,1.39E-04,1.38E-04,1.37E-04,1.34E-04,1.34E-04,1.36E-04,1.39E-04,1.42E-04,1.45E-04,1.48E-04,1.51E-04,1.54E-04,1.56E-04,1.56E-04,1.58E-04,1.58E-04,1.56E-04,1.54E-04,1.52E-04,1.51E-04,1.46E-04,1.41E-04,1.38E-04,1.36E-04,1.35E-04,1.34E-04,1.33E-04,1.33E-04,1.33E-04,1.33E-04,1.32E-04,1.32E-04,1.31E-04,1.28E-04,1.26E-04,1.24E-04,1.24E-04,1.24E-04,1.24E-04,1.23E-04,1.23E-04,1.23E-04,1.24E-04,1.25E-04,1.25E-04,1.24E-04,1.24E-04,1.23E-04,1.22E-04,1.22E-04,1.22E-04,1.24E-04,1.23E-04,1.22E-04,1.23E-04,1.27E-04,1.30E-04,1.31E-04,1.32E-04,1.32E-04,1.32E-04,1.31E-04,1.31E-04
149,LFP1,38,0,42.44635654,1.32E-04,1.34E-04,1.35E-04,1.35E-04,1.34E-04,1.36E-04,1.39E-04,1.43E-04,1.44E-04,1.46E-04,1.47E-04,1.46E-04,1.46E-04,1.45E-04,1.46E-04,1.48E-04,1.50E-04,1.50E-04,1.49E-04,1.49E-04,1.51E-04,1.52E-04,1.51E-04,1.50E-04,1.48E-04,1.50E-04,1.61E-04,1.77E-04,1.92E-04,2.03E-04,2.08E-04,2.10E-04,2.10E-04,2.11E-04,2.14E-04,2.20E-04,2.23E-04,2.17E-04,2.06E-04,1.95E-04,1.85E-04,1.77E-04,1.76E-04,1.76E-04,1.73E-04,1.72E-04,1.73E-04,1.76E-04,1.78E-04,1.81E-04,1.82E-04,1.81E-04,1.81E-04,1.85E-04,1.91E-04,1.95E-04,1.96E-04,1.97E-04,1.95E-04,1.95E-04,1.95E-04,1.96E-04,1.98E-04,1.99E-04,2.00E-04,2.00E-04,1.97E-04,1.94E-04,1.88E-04,1.83E-04,1.77E-04,1.73E-04,1.73E-04,1.72E-04,1.70E-04,1.68E-04,1.68E-04,1.66E-04,1.64E-04,1.63E-04,1.63E-04,1.64E-04,1.64E-04,1.63E-04,1.64E-04,1.65E-04,1.63E-04,1.60E-04,1.57E-04,1.56E-04,1.57E-04,1.57E-04,1.57E-04,1.60E-04,1.62E-04,1.64E-04,1.64E-04,1.62E-04,1.64E-04,1.67E-04,1.70E-04,1.72E-04,1.76E-04,1.80E-04,1.82E-04,1.85E-04,1.87E-04,1.88E-04,1.86E-04,1.86E-04,1.86E-04,1.85E-04,1.85E-04,1.85E-04,1.86E-04,1.86E-04,1.87E-04,1.86E-04,1.84E-04,1.84E-04,1.85E-04,1.86E-04,1.87E-04,1.88E-04,1.86E-04,1.85E-04,1.94E-04,2.08E-04,2.22E-04,2.35E-04,2.45E-04,2.50E-04,2.53E-04,2.53E-04,2.44E-04,2.33E-04,2.22E-04,2.12E-04,2.04E-04,2.00E-04,2.00E-04,2.02E-04,2.02E-04,2.02E-04,2.04E-04,2.08E-04,2.13E-04,2.15E-04,2.15E-04,2.15E-04,2.15E-04,2.15E-04,2.17E-04,2.20E-04,2.22E-04,2.26E-04,2.29E-04,2.30E-04,2.30E-04,2.31E-04,2.32E-04,2.35E-04,2.37E-04,2.39E-04,2.39E-04,2.39E-04,2.42E-04,2.44E-04,2.45E-04,2.45E-04,2.44E-04,2.42E-04,2.40E-04,2.38E-04,2.36E-04,2.36E-04,2.37E-04,2.38E-04,2.41E-04,2.42E-04,2.44E-04,2.45E-04,2.47E-04,2.47E-04,2.45E-04,2.42E-04,2.41E-04,2.41E-04,2.40E-04,2.40E-04,2.40E-04,2.41E-04,2.45E-04,2.49E-04,2.53E-04,2.59E-04,2.65E-04,2.67E-04,2.68E-04,2.68E-04,2.70E-04,2.71E-04,2.72E-04,2.73E-04,2.73E-04,2.71E-04,2.70E-04,2.70E-04,2.69E-04,2.70E-04,2.72E-04,2.73E-04,2.75E-04,2.76E-04,2.77E-04,2.78E-04,2.79E-04,2.79E-04,2.77E-04,2.77E-04,2.78E-04,2.80E-04,2.82E-04,2.84E-04,2.86E-04,2.84E-04,2.82E-04,2.80E-04,2.79E-04,2.79E-04,2.82E-04,2.89E-04,2.97E-04,3.03E-04,3.09E-04,3.18E-04,3.37E-04,3.58E-04,3.77E-04,3.91E-04,3.99E-04,4.02E-04,4.03E-04,4.03E-04,4.03E-04,4.03E-04,3.97E-04,3.85E-04,3.72E-04,3.61E-04,3.57E-04,3.59E-04,3.60E-04,3.61E-04,3.61E-04,3.62E-04
150,LFP1,38,0,42.53024244,3.62E-04,3.63E-04,3.64E-04,3.64E-04,3.62E-04,3.62E-04,3.64E-04,3.66E-04,3.67E-04,3.68E-04,3.70E-04,3.71E-04,3.71E-04,3.71E-04,3.71E-04,3.71E-04,3.68E-04,3.64E-04,3.63E-04,3.63E-04,3.62E-04,3.60E-04,3.57E-04,3.55E-04,3.53E-04,3.52E-04,3.50E-04,3.47E-04,3.43E-04,3.40E-04,3.39E-04,3.38E-04,3.38E-04,3.40E-04,3.42E-04,3.45E-04,3.46E-04,3.45E-04,3.40E-04,3.34E-04,3.31E-04,3.29E-04,3.28E-04,3.28E-04,3.28E-04,3.28E-04,3.28E-04,3.27E-04,3.27E-04,3.28E-04,3.30E-04,3.32E-04,3.32E-04,3.32E-04,3.28E-04,3.26E-04,3.25E-04,3.25E-04,3.26E-04,3.29E-04,3.30E-04,3.28E-04,3.25E-04,3.20E-04,3.14E-04,3.10E-04,3.06E-04,3.04E-04,3.03E-04,3.03E-04,3.01E-04,2.98E-04,2.96E-04,2.94E-04,2.93E-04,2.93E-04,2.90E-04,2.87E-04,2.83E-04,2.78E-04,2.73E-04,2.79E-04,2.96E-04,3.18E-04,3.36E-04,3.50E-04,3.58E-04,3.58E-04,3.46E-04,3.29E-04,3.11E-04,2.95E-04,2.84E-04,2.77E-04,2.73E-04,2.71E-04,2.70E-04,2.68E-04,2.68E-04,2.69E-04,2.70E-04,2.70E-04,2.72E-04,2.74E-04,2.76E-04,2.78E-04,2.80E-04,2.80E-04,2.80E-04,2.79E-04,2.78E-04,2.77E-04,2.77E-04,2.78E-04,2.76E-04,2.74E-04,2.71E-04,2.69E-04,2.67E-04,2.65E-04,2.61E-04,2.59E-04,2.57E-04,2.53E-04,2.49E-04,2.47E-04,2.42E-04,2.37E-04,2.32E-04,2.29E-04,2.24E-04,2.19E-04,2.13E-04,2.08E-04,2.06E-04,2.05E-04,2.02E-04,2.01E-04,2.02E-04,2.02E-04,2.01E-04,2.01E-04,2.00E-04,1.99E-04,2.00E-04,2.00E-04,2.01E-04,2.02E-04,2.05E-04,2.06E-04,2.07E-04,2.08E-04,2.07E-04,2.06E-04,2.06E-04,2.06E-04,2.06E-04,2.07E-04,2.09E-04,2.10E-04,2.12E-04,2.12E-04,2.11E-04,2.11E-04,2.11E-04,2.10E-04,2.11E-04,2.11E-04,2.08E-04,2.14E-04,2.30E-04,2.48E-04,2.61E-04,2.69E-04,2.65E-04,2.49E-04,2.29E-04,2.12E-04,2.00E-04,1.91E-04,1.86E-04,1.84E-04,1.82E-04,1.79E-04,1.76E-04,1.75E-04,1.76E-04,1.77E-04,1.77E-04,1.77E-04,1.77E-04,1.76E-04,1.74E-04,1.72E-04,1.71E-04,1.69E-04,1.67E-04,1.68E-04,1.69E-04,1.71E-04,1.71E-04,1.69E-04,1.65E-04,1.64E-04,1.65E-04,1.66E-04,1.65E-04,1.64E-04,1.64E-04,1.63E-04,1.62E-04,1.59E-04,1.57E-04,1.56E-04,1.56E-04,1.58E-04,1.60E-04,1.62E-04,1.61E-04,1.58E-04,1.56E-04,1.53E-04,1.49E-04,1.45E-04,1.41E-04,1.37E-04,1.33E-04,1.31E-04,1.31E-04,1.34E-04,1.37E-04,1.38E-04,1.37E-04,1.35E-04,1.32E-04,1.30E-04,1.26E-04,1.22E-04,1.21E-04,1.23E-04,1.26E-04,1.27E-04,1.27E-04,1.26E-04,1.26E-04,1.26E-04,1.26E-04,1.26E-04,1.25E-04,1.25E-04,1.24E-04,1.24E-04,1.22E-04,1.23E-04,1.22E-04,1.23E-04
151,LFP1,38,0,42.61412859,1.22E-04,1.22E-04,1.24E-04,1.28E-04,1.33E-04,1.36E-04,1.35E-04,1.36E-04,1.48E-04,1.66E-04,1.84E-04,1.97E-04,2.04E-04,2.00E-04,1.85E-04,1.66E-04,1.50E-04,1.38E-04,1.31E-04,1.28E-04,1.28E-04,1.28E-04,1.27E-04,1.27E-04,1.28E-04,1.30E-04,1.32E-04,1.32E-04,1.31E-04,1.29E-04,1.29E-04,1.29E-04,1.28E-04,1.29E-04,1.30E-04,1.29E-04,1.29E-04,1.30E-04,1.32E-04,1.34E-04,1.36E-04,1.38E-04,1.40E-04,1.38E-04,1.34E-04,1.32E-04,1.31E-04,1.31E-04,1.36E-04,1.56E-04,1.87E-04,2.20E-04,2.44E-04,2.60E-04,2.66E-04,2.66E-04,2.61E-04,2.55E-04,2.47E-04,2.41E-04,2.36E-04,2.34E-04,2.32E-04,2.29E-04,2.18E-04,2.00E-04,1.82E-04,1.66E-04,1.55E-04,1.48E-04,1.44E-04,1.42E-04,1.47E-04,1.57E-04,1.65E-04,1.70E-04,1.69E-04,1.64E-04,1.59E-04,1.57E-04,1.57E-04,1.56E-04,1.58E-04,1.61E-04,1.62E-04,1.61E-04,1.59E-04,1.58E-04,1.58E-04,1.61E-04,1.60E-04,1.59E-04,1.57E-04,1.54E-04,1.50E-04,1.45E-04,1.40E-04,1.38E-04,1.36E-04,1.34E-04,1.30E-04,1.26E-04,1.21E-04,1.17E-04,1.15E-04,1.16E-04,1.29E-04,1.49E-04,1.68E-04,1.83E-04,1.89E-04,1.85E-04,1.72E-04,1.56E-04,1.41E-04,1.28E-04,1.17E-04,1.11E-04,1.08E-04,1.07E-04,1.06E-04,1.06E-04,1.07E-04,1.09E-04,1.11E-04,1.12E-04,1.13E-04,1.16E-04,1.19E-04,1.21E-04,1.22E-04,1.23E-04,1.24E-04,1.26E-04,1.25E-04,1.21E-04,1.17E-04,1.16E-04,1.15E-04,1.15E-04,1.15E-04,1.16E-04,1.15E-04,1.12E-04,1.09E-04,1.06E-04,1.02E-04,9.72E-05,9.34E-05,8.98E-05,8.79E-05,8.43E-05,7.98E-05,7.73E-05,7.49E-05,7.43E-05,7.52E-05,7.56E-05,7.49E-05,7.44E-05,7.45E-05,7.41E-05,7.39E-05,7.28E-05,7.08E-05,6.91E-05,6.83E-05,6.81E-05,6.83E-05,6.66E-05,6.42E-05,6.29E-05,6.54E-05,6.79E-05,7.11E-05,7.32E-05,7.39E-05,7.45E-05,7.58E-05,7.82E-05,7.96E-05,7.99E-05,7.96E-05,7.79E-05,7.72E-05,7.64E-05,7.63E-05,7.69E-05,7.62E-05,7.56E-05,7.41E-05,7.25E-05,7.16E-05,6.92E-05,6.78E-05,6.79E-05,6.75E-05,7.36E-05,9.05E-05,1.11E-04,1.27E-04,1.34E-04,1.27E-04,1.09E-04,8.85E-05,7.42E-05,6.84E-05,6.66E-05,6.52E-05,6.28E-05,5.99E-05,5.66E-05,5.47E-05,5.41E-05,5.36E-05,5.43E-05,5.42E-05,5.16E-05,4.91E-05,4.64E-05,4.30E-05,4.11E-05,3.99E-05,4.08E-05,4.41E-05,4.73E-05,4.79E-05,4.67E-05,4.71E-05,4.71E-05,4.56E-05,4.18E-05,3.88E-05,3.57E-05,3.44E-05,3.50E-05,3.61E-05,3.70E-05,3.80E-05,3.78E-05,3.48E-05,2.94E-05,2.53E-05,2.09E-05,1.63E-05,1.36E-05,1.27E-05,1.06E-05,8.65E-06,6.47E-06,4.93E-06,3.69E-06,2.89E-06,8.45E-07,-3.37E-06,-8.30E-06
152,LFP1,38,0,42.69801474,-1.25E-05,-1.49E-05,-1.56E-05,-1.68E-05,-1.82E-05,-2.06E-05,-2.36E-05,-2.70E-05,-2.92E-05,-2.95E-05,-2.98E-05,-3.02E-05,-3.12E-05,-3.11E-05,-3.02E-05,-3.00E-05,-3.00E-05,-3.04E-05,-3.12E-05,-3.08E-05,-2.97E-05,-2.81E-05,-2.80E-05,-2.72E-05,-2.76E-05,-2.79E-05,-2.90E-05,-3.14E-05,-3.49E-05,-3.72E-05,-3.70E-05,-3.66E-05,-3.91E-05,-4.23E-05,-4.30E-05,-3.29E-05,-1.57E-05,1.86E-06,1.58E-05,2.01E-05,1.40E-05,-3.86E-07,-1.84E-05,-3.65E-05,-5.11E-05,-5.95E-05,-6.42E-05,-6.81E-05,-6.98E-05,-7.09E-05,-7.30E-05,-7.37E-05,-7.46E-05,-7.40E-05,-7.14E-05,-7.14E-05,-7.15E-05,-7.02E-05,-6.81E-05,-6.47E-05,-6.19E-05,-5.78E-05,-5.31E-05,-5.07E-05,-4.92E-05,-4.85E-05,-4.99E-05,-5.38E-05,-5.78E-05,-6.11E-05,-6.30E-05,-6.41E-05,-6.65E-05,-6.89E-05,-7.12E-05,-7.17E-05,-7.20E-05,-7.41E-05,-7.46E-05,-7.36E-05,-7.33E-05,-7.27E-05,-7.21E-05,-7.15E-05,-7.12E-05,-7.22E-05,-7.56E-05,-8.07E-05,-8.29E-05,-8.32E-05,-8.33E-05,-8.52E-05,-8.62E-05,-8.52E-05,-8.44E-05,-8.44E-05,-8.42E-05,-8.33E-05,-8.15E-05,-8.10E-05,-8.23E-05,-8.42E-05,-8.69E-05,-8.87E-05,-9.03E-05,-9.10E-05,-9.10E-05,-9.16E-05,-9.14E-05,-9.17E-05,-8.93E-05,-8.49E-05,-8.19E-05,-8.07E-05,-8.25E-05,-8.56E-05,-8.75E-05,-8.81E-05,-8.88E-05,-8.86E-05,-8.74E-05,-8.67E-05,-8.55E-05,-8.32E-05,-8.11E-05,-8.00E-05,-7.36E-05,-5.48E-05,-3.07E-05,-1.01E-05,1.97E-06,3.19E-07,-1.24E-05,-3.01E-05,-4.64E-05,-5.80E-05,-6.45E-05,-6.75E-05,-6.83E-05,-6.98E-05,-7.09E-05,-7.29E-05,-7.45E-05,-7.40E-05,-7.36E-05,-7.39E-05,-7.48E-05,-7.74E-05,-8.14E-05,-8.46E-05,-8.80E-05,-9.11E-05,-9.19E-05,-9.24E-05,-9.17E-05,-9.28E-05,-9.60E-05,-9.76E-05,-9.70E-05,-9.57E-05,-9.27E-05,-9.13E-05,-9.23E-05,-9.30E-05,-9.46E-05,-9.76E-05,-9.90E-05,-1.02E-04,-1.05E-04,-1.08E-04,-1.08E-04,-1.07E-04,-1.08E-04,-1.09E-04,-1.10E-04,-1.10E-04,-1.10E-04,-1.11E-04,-1.11E-04,-1.12E-04,-1.11E-04,-1.11E-04,-1.11E-04,-1.13E-04,-1.15E-04,-1.14E-04,-1.10E-04,-1.04E-04,-1.02E-04,-1.02E-04,-1.05E-04,-1.07E-04,-1.07E-04,-1.07E-04,-1.09E-04,-1.13E-04,-1.15E-04,-1.15E-04,-1.15E-04,-1.15E-04,-1.15E-04,-1.13E-04,-1.09E-04,-1.07E-04,-1.08E-04,-1.09E-04,-1.11E-04,-1.14E-04,-1.15E-04,-1.14E-04,-1.12E-04,-1.10E-04,-1.08E-04,-1.07E-04,-1.07E-04,-1.09E-04,-1.07E-04,-9.48E-05,-7.53E-05,-5.65E-05,-4.48E-05,-4.63E-05,-5.86E-05,-7.52E-05,-9.13E-05,-1.05E-04,-1.15E-04,-1.20E-04,-1.22E-04,-1.21E-04,-1.21E-04,-1.21E-04,-1.19E-04,-1.17E-04,-1.17E-04,-1.19E-04,-1.23E-04,-1.27E-04,-1.31E-04,-1.37E-04,-1.42E-04,-1.44E-04,-1.45E-04,-1.46E-04,-1.46E-04,-1.48E-04,-1.53E-04,-1.57E-04,-1.58E-04,-1.59E-04,-1.60E-04,-1.62E-04,-1.64E-04,-1.63E-04,-1.63E-04,-1.65E-04
153,LFP1,38,0,42.78190088,-1.66E-04,-1.69E-04,-1.70E-04,-1.70E-04,-1.69E-04,-1.68E-04,-1.68E-04,-1.69E-04,-1.70E-04,-1.71E-04,-1.73E-04,-1.76E-04,-1.78E-04,-1.78E-04,-1.79E-04,-1.80E-04,-1.79E-04,-1.78E-04,-1.77E-04,-1.75E-04,-1.74E-04,-1.75E-04,-1.76E-04,-1.76E-04,-1.75E-04,-1.76E-04,-1.77E-04,-1.75E-04,-1.73E-04,-1.74E-04,-1.76E-04,-1.75E-04,-1.75E-04,-1.73E-04,-1.72E-04,-1.71E-04,-1.70E-04,-1.68E-04,-1.65E-04,-1.62E-04,-1.60E-04,-1.57E-04,-1.55E-04,-1.44E-04,-1.25E-04,-1.04E-04,-9.05E-05,-9.04E-05,-9.71E-05,-1.07E-04,-1.16E-04,-1.26E-04,-1.35E-04,-1.41E-04,-1.43E-04,-1.44E-04,-1.45E-04,-1.46E-04,-1.45E-04,-1.45E-04,-1.47E-04,-1.49E-04,-1.53E-04,-1.57E-04,-1.60E-04,-1.62E-04,-1.62E-04,-1.64E-04,-1.67E-04,-1.71E-04,-1.75E-04,-1.75E-04,-1.73E-04,-1.70E-04,-1.69E-04,-1.70E-04,-1.73E-04,-1.77E-04,-1.80E-04,-1.82E-04,-1.84E-04,-1.84E-04,-1.86E-04,-1.90E-04,-1.96E-04,-2.03E-04,-2.06E-04,-2.08E-04,-2.09E-04,-2.09E-04,-2.09E-04,-2.10E-04,-2.13E-04,-2.17E-04,-2.19E-04,-2.23E-04,-2.27E-04,-2.30E-04,-2.31E-04,-2.30E-04,-2.32E-04,-2.35E-04,-2.37E-04,-2.41E-04,-2.44E-04,-2.46E-04,-2.47E-04,-2.48E-04,-2.48E-04,-2.47E-04,-2.45E-04,-2.46E-04,-2.49E-04,-2.52E-04,-2.55E-04,-2.60E-04,-2.66E-04,-2.72E-04,-2.75E-04,-2.77E-04,-2.78E-04,-2.77E-04,-2.78E-04,-2.78E-04,-2.80E-04,-2.82E-04,-2.84E-04,-2.86E-04,-2.87E-04,-2.87E-04,-2.87E-04,-2.78E-04,-2.60E-04,-2.41E-04,-2.26E-04,-2.22E-04,-2.35E-04,-2.55E-04,-2.75E-04,-2.90E-04,-3.02E-04,-3.11E-04,-3.15E-04,-3.15E-04,-3.13E-04,-3.11E-04,-3.12E-04,-3.15E-04,-3.18E-04,-3.20E-04,-3.22E-04,-3.24E-04,-3.23E-04,-3.21E-04,-3.21E-04,-3.20E-04,-3.21E-04,-3.23E-04,-3.24E-04,-3.23E-04,-3.23E-04,-3.25E-04,-3.26E-04,-3.27E-04,-3.27E-04,-3.26E-04,-3.23E-04,-3.20E-04,-3.17E-04,-3.15E-04,-3.15E-04,-3.18E-04,-3.21E-04,-3.23E-04,-3.24E-04,-3.25E-04,-3.25E-04,-3.24E-04,-3.22E-04,-3.22E-04,-3.22E-04,-3.21E-04,-3.20E-04,-3.17E-04,-3.15E-04,-3.14E-04,-3.16E-04,-3.18E-04,-3.19E-04,-3.19E-04,-3.20E-04,-3.18E-04,-3.17E-04,-3.15E-04,-3.14E-04,-3.13E-04,-3.13E-04,-3.11E-04,-3.11E-04,-3.11E-04,-3.12E-04,-3.13E-04,-3.13E-04,-3.14E-04,-3.12E-04,-3.08E-04,-3.03E-04,-2.95E-04,-2.87E-04,-2.80E-04,-2.75E-04,-2.70E-04,-2.66E-04,-2.62E-04,-2.59E-04,-2.56E-04,-2.56E-04,-2.56E-04,-2.54E-04,-2.41E-04,-2.22E-04,-2.02E-04,-1.87E-04,-1.85E-04,-1.94E-04,-2.07E-04,-2.18E-04,-2.27E-04,-2.34E-04,-2.37E-04,-2.37E-04,-2.37E-04,-2.36E-04,-2.32E-04,-2.28E-04,-2.26E-04,-2.24E-04,-2.22E-04,-2.21E-04,-2.20E-04,-2.19E-04,-2.19E-04,-2.17E-04,-2.13E-04,-2.12E-04,-2.12E-04,-2.11E-04,-2.09E-04,-2.06E-04,-2.05E-04,-2.05E-04,-2.05E-04,-2.03E-04,-2.01E-04,-2.01E-04,-2.03E-04
154,LFP1,38,0,42.86578679,-2.04E-04,-2.06E-04,-2.05E-04,-2.03E-04,-2.00E-04,-1.96E-04,-1.92E-04,-1.90E-04,-1.90E-04,-1.91E-04,-1.91E-04,-1.90E-04,-1.88E-04,-1.83E-04,-1.78E-04,-1.74E-04,-1.72E-04,-1.71E-04,-1.70E-04,-1.71E-04,-1.73E-04,-1.72E-04,-1.69E-04,-1.67E-04,-1.68E-04,-1.69E-04,-1.69E-04,-1.66E-04,-1.64E-04,-1.63E-04,-1.62E-04,-1.62E-04,-1.62E-04,-1.62E-04,-1.63E-04,-1.63E-04,-1.65E-04,-1.66E-04,-1.63E-04,-1.60E-04,-1.58E-04,-1.53E-04,-1.38E-04,-1.18E-04,-1.01E-04,-9.30E-05,-9.83E-05,-1.11E-04,-1.24E-04,-1.34E-04,-1.38E-04,-1.40E-04,-1.40E-04,-1.38E-04,-1.36E-04,-1.35E-04,-1.35E-04,-1.35E-04,-1.35E-04,-1.35E-04,-1.35E-04,-1.34E-04,-1.35E-04,-1.37E-04,-1.40E-04,-1.40E-04,-1.38E-04,-1.37E-04,-1.36E-04,-1.34E-04,-1.33E-04,-1.34E-04,-1.34E-04,-1.33E-04,-1.32E-04,-1.33E-04,-1.33E-04,-1.33E-04,-1.31E-04,-1.29E-04,-1.29E-04,-1.27E-04,-1.27E-04,-1.26E-04,-1.24E-04,-1.23E-04,-1.19E-04,-1.16E-04,-1.12E-04,-1.09E-04,-1.10E-04,-1.11E-04,-1.13E-04,-1.15E-04,-1.14E-04,-1.13E-04,-1.11E-04,-1.08E-04,-1.06E-04,-1.05E-04,-1.04E-04,-1.04E-04,-1.05E-04,-1.06E-04,-1.04E-04,-1.01E-04,-1.01E-04,-1.02E-04,-1.03E-04,-1.02E-04,-1.01E-04,-1.01E-04,-1.01E-04,-1.02E-04,-1.04E-04,-1.04E-04,-1.04E-04,-1.05E-04,-1.05E-04,-1.05E-04,-1.02E-04,-9.80E-05,-9.54E-05,-9.74E-05,-1.01E-04,-1.03E-04,-1.04E-04,-9.96E-05,-8.19E-05,-5.86E-05,-3.90E-05,-3.02E-05,-3.47E-05,-4.75E-05,-6.19E-05,-7.34E-05,-8.11E-05,-8.67E-05,-9.05E-05,-9.30E-05,-9.31E-05,-9.29E-05,-9.20E-05,-9.19E-05,-9.24E-05,-9.32E-05,-9.41E-05,-9.42E-05,-9.54E-05,-9.62E-05,-9.59E-05,-9.37E-05,-9.12E-05,-9.18E-05,-9.21E-05,-9.06E-05,-8.82E-05,-8.55E-05,-8.29E-05,-8.17E-05,-8.29E-05,-8.53E-05,-8.78E-05,-9.02E-05,-9.07E-05,-8.85E-05,-6.91E-05,-3.74E-05,-5.43E-06,2.14E-05,3.92E-05,4.71E-05,4.95E-05,4.59E-05,3.86E-05,3.09E-05,2.17E-05,1.35E-05,5.64E-06,1.65E-06,-5.09E-06,-1.94E-05,-3.59E-05,-5.03E-05,-6.18E-05,-7.08E-05,-7.66E-05,-7.74E-05,-7.55E-05,-7.28E-05,-6.95E-05,-6.56E-05,-6.38E-05,-6.25E-05,-6.04E-05,-5.74E-05,-5.67E-05,-5.59E-05,-5.31E-05,-5.29E-05,-5.56E-05,-5.79E-05,-5.90E-05,-6.15E-05,-6.40E-05,-6.39E-05,-6.39E-05,-6.64E-05,-6.89E-05,-7.33E-05,-7.81E-05,-8.43E-05,-8.97E-05,-9.16E-05,-9.42E-05,-9.76E-05,-1.02E-04,-1.08E-04,-1.14E-04,-1.19E-04,-1.24E-04,-1.27E-04,-1.30E-04,-1.31E-04,-1.30E-04,-1.31E-04,-1.32E-04,-1.31E-04,-1.30E-04,-1.28E-04,-1.26E-04,-1.21E-04,-1.17E-04,-1.16E-04,-1.18E-04,-1.23E-04,-1.28E-04,-1.31E-04,-1.32E-04,-1.30E-04,-1.29E-04,-1.26E-04,-1.22E-04,-1.22E-04,-1.23E-04,-1.24E-04,-1.25E-04,-1.23E-04,-1.20E-04,-1.17E-04,-1.15E-04,-1.15E-04,-1.16E-04,-1.17E-04,-1.18E-04,-1.17E-04
155,LFP1,38,0,42.94967294,-1.16E-04,-1.16E-04,-1.15E-04,-1.01E-04,-7.93E-05,-5.74E-05,-4.13E-05,-3.22E-05,-2.90E-05,-3.07E-05,-3.71E-05,-5.13E-05,-6.84E-05,-8.43E-05,-9.72E-05,-1.06E-04,-1.09E-04,-1.09E-04,-1.07E-04,-1.06E-04,-1.04E-04,-1.02E-04,-1.00E-04,-9.87E-05,-9.60E-05,-9.29E-05,-9.00E-05,-8.70E-05,-8.21E-05,-7.76E-05,-7.34E-05,-7.02E-05,-6.82E-05,-6.68E-05,-6.46E-05,-6.13E-05,-5.75E-05,-5.47E-05,-5.42E-05,-5.40E-05,-5.22E-05,-4.81E-05,-3.97E-05,-2.68E-05,-1.15E-05,3.32E-07,7.55E-06,8.85E-06,2.36E-06,-7.27E-06,-1.71E-05,-2.54E-05,-3.27E-05,-3.74E-05,-3.76E-05,-3.68E-05,-3.66E-05,-3.47E-05,-3.50E-05,-3.71E-05,-3.98E-05,-4.15E-05,-4.23E-05,-4.43E-05,-4.56E-05,-4.61E-05,-4.47E-05,-4.18E-05,-4.04E-05,-3.97E-05,-4.09E-05,-4.29E-05,-4.62E-05,-4.94E-05,-4.94E-05,-4.67E-05,-4.47E-05,-4.41E-05,-4.48E-05,-4.71E-05,-4.68E-05,-4.28E-05,-3.88E-05,-3.63E-05,-3.54E-05,-3.48E-05,-3.36E-05,-3.30E-05,-3.51E-05,-3.75E-05,-2.88E-05,-1.04E-05,9.16E-06,2.44E-05,2.51E-05,1.56E-05,2.53E-07,-1.36E-05,-2.51E-05,-3.32E-05,-3.82E-05,-4.05E-05,-3.94E-05,-3.67E-05,-3.62E-05,-3.65E-05,-3.85E-05,-3.90E-05,-3.89E-05,-3.98E-05,-4.25E-05,-4.74E-05,-5.23E-05,-5.42E-05,-5.30E-05,-4.89E-05,-4.56E-05,-4.52E-05,-4.62E-05,-4.62E-05,-4.60E-05,-4.54E-05,-4.69E-05,-4.77E-05,-4.76E-05,-4.53E-05,-4.26E-05,-3.96E-05,-3.53E-05,-3.09E-05,-2.90E-05,-3.01E-05,-3.27E-05,-3.61E-05,-3.72E-05,-3.59E-05,-3.65E-05,-3.79E-05,-3.89E-05,-3.80E-05,-3.69E-05,-3.63E-05,-3.51E-05,-3.49E-05,-3.57E-05,-3.78E-05,-4.03E-05,-4.43E-05,-4.88E-05,-4.90E-05,-4.87E-05,-4.88E-05,-4.84E-05,-4.84E-05,-4.64E-05,-4.54E-05,-4.49E-05,-4.39E-05,-4.39E-05,-4.55E-05,-4.82E-05,-5.14E-05,-5.27E-05,-5.37E-05,-5.54E-05,-5.71E-05,-5.93E-05,-5.90E-05,-5.77E-05,-5.74E-05,-5.77E-05,-4.80E-05,-2.87E-05,-9.39E-06,2.74E-06,2.40E-06,-8.31E-06,-2.33E-05,-3.51E-05,-4.47E-05,-5.24E-05,-5.94E-05,-6.54E-05,-7.13E-05,-7.52E-05,-7.66E-05,-7.63E-05,-7.43E-05,-7.19E-05,-7.00E-05,-7.01E-05,-6.96E-05,-7.20E-05,-7.64E-05,-8.16E-05,-8.43E-05,-8.60E-05,-8.63E-05,-8.67E-05,-8.86E-05,-8.88E-05,-9.21E-05,-9.64E-05,-9.82E-05,-1.00E-04,-1.02E-04,-1.06E-04,-1.10E-04,-1.13E-04,-1.16E-04,-1.20E-04,-1.24E-04,-1.28E-04,-1.32E-04,-1.37E-04,-1.40E-04,-1.44E-04,-1.47E-04,-1.50E-04,-1.52E-04,-1.53E-04,-1.54E-04,-1.55E-04,-1.57E-04,-1.60E-04,-1.65E-04,-1.69E-04,-1.71E-04,-1.73E-04,-1.73E-04,-1.74E-04,-1.76E-04,-1.78E-04,-1.80E-04,-1.81E-04,-1.83E-04,-1.83E-04,-1.83E-04,-1.84E-04,-1.86E-04,-1.89E-04,-1.93E-04,-1.96E-04,-1.97E-04,-1.96E-04,-1.97E-04,-1.98E-04,-2.00E-04,-2.01E-04,-2.03E-04,-2.03E-04,-2.05E-04,-2.08E-04,-2.09E-04,-2.11E-04,-2.15E-04
156,LFP1,38,0,43.03355908,-2.20E-04,-2.25E-04,-2.27E-04,-2.26E-04,-2.24E-04,-2.25E-04,-2.27E-04,-2.31E-04,-2.35E-04,-2.41E-04,-2.46E-04,-2.48E-04,-2.51E-04,-2.52E-04,-2.52E-04,-2.53E-04,-2.52E-04,-2.53E-04,-2.52E-04,-2.51E-04,-2.49E-04,-2.37E-04,-2.17E-04,-1.98E-04,-1.80E-04,-1.70E-04,-1.67E-04,-1.77E-04,-1.97E-04,-2.19E-04,-2.39E-04,-2.54E-04,-2.65E-04,-2.74E-04,-2.78E-04,-2.79E-04,-2.81E-04,-2.84E-04,-2.87E-04,-2.87E-04,-2.86E-04,-2.84E-04,-2.84E-04,-2.85E-04,-2.85E-04,-2.86E-04,-2.88E-04,-2.92E-04,-2.97E-04,-2.99E-04,-2.98E-04,-2.98E-04,-3.00E-04,-3.02E-04,-3.04E-04,-3.06E-04,-3.09E-04,-3.15E-04,-3.21E-04,-3.25E-04,-3.28E-04,-3.30E-04,-3.32E-04,-3.36E-04,-3.40E-04,-3.45E-04,-3.49E-04,-3.51E-04,-3.56E-04,-3.63E-04,-3.70E-04,-3.74E-04,-3.76E-04,-3.77E-04,-3.78E-04,-3.80E-04,-3.83E-04,-3.87E-04,-3.90E-04,-3.91E-04,-3.91E-04,-3.91E-04,-3.92E-04,-3.96E-04,-4.00E-04,-4.01E-04,-4.01E-04,-4.04E-04,-4.05E-04,-4.05E-04,-4.04E-04,-4.03E-04,-4.02E-04,-4.01E-04,-4.00E-04,-4.01E-04,-4.03E-04,-4.03E-04,-4.04E-04,-4.07E-04,-4.08E-04,-4.09E-04,-4.10E-04,-4.11E-04,-4.12E-04,-4.14E-04,-4.15E-04,-4.16E-04,-4.05E-04,-3.85E-04,-3.67E-04,-3.56E-04,-3.60E-04,-3.73E-04,-3.89E-04,-4.05E-04,-4.18E-04,-4.26E-04,-4.30E-04,-4.32E-04,-4.34E-04,-4.36E-04,-4.39E-04,-4.39E-04,-4.38E-04,-4.38E-04,-4.40E-04,-4.40E-04,-4.40E-04,-4.39E-04,-4.40E-04,-4.41E-04,-4.40E-04,-4.37E-04,-4.33E-04,-4.32E-04,-4.33E-04,-4.36E-04,-4.40E-04,-4.43E-04,-4.44E-04,-4.43E-04,-4.44E-04,-4.44E-04,-4.43E-04,-4.43E-04,-4.43E-04,-4.44E-04,-4.47E-04,-4.52E-04,-4.57E-04,-4.58E-04,-4.60E-04,-4.60E-04,-4.60E-04,-4.61E-04,-4.59E-04,-4.59E-04,-4.61E-04,-4.62E-04,-4.61E-04,-4.62E-04,-4.65E-04,-4.68E-04,-4.71E-04,-4.73E-04,-4.74E-04,-4.71E-04,-4.69E-04,-4.67E-04,-4.66E-04,-4.67E-04,-4.68E-04,-4.71E-04,-4.75E-04,-4.75E-04,-4.72E-04,-4.68E-04,-4.67E-04,-4.67E-04,-4.69E-04,-4.71E-04,-4.73E-04,-4.71E-04,-4.67E-04,-4.63E-04,-4.61E-04,-4.59E-04,-4.59E-04,-4.61E-04,-4.63E-04,-4.64E-04,-4.66E-04,-4.68E-04,-4.67E-04,-4.66E-04,-4.65E-04,-4.62E-04,-4.54E-04,-4.37E-04,-4.17E-04,-4.01E-04,-3.89E-04,-3.85E-04,-3.90E-04,-4.01E-04,-4.14E-04,-4.26E-04,-4.35E-04,-4.41E-04,-4.42E-04,-4.42E-04,-4.45E-04,-4.49E-04,-4.52E-04,-4.54E-04,-4.56E-04,-4.55E-04,-4.53E-04,-4.52E-04,-4.49E-04,-4.46E-04,-4.45E-04,-4.44E-04,-4.41E-04,-4.41E-04,-4.41E-04,-4.40E-04,-4.38E-04,-4.35E-04,-4.32E-04,-4.31E-04,-4.31E-04,-4.28E-04,-4.25E-04,-4.22E-04,-4.21E-04,-4.22E-04,-4.23E-04,-4.26E-04,-4.27E-04,-4.25E-04,-4.22E-04,-4.18E-04,-4.15E-04,-4.12E-04,-4.10E-04,-4.05E-04,-4.01E-04,-3.99E-04,-3.95E-04,-3.92E-04,-3.89E-04,-3.85E-04,-3.82E-04,-3.78E-04
157,LFP1,38,0,43.11744523,-3.75E-04,-3.72E-04,-3.70E-04,-3.67E-04,-3.65E-04,-3.64E-04,-3.64E-04,-3.62E-04,-3.61E-04,-3.60E-04,-3.59E-04,-3.58E-04,-3.55E-04,-3.52E-04,-3.46E-04,-3.43E-04,-3.41E-04,-3.39E-04,-3.39E-04,-3.39E-04,-3.39E-04,-3.38E-04,-3.37E-04,-3.36E-04,-3.25E-04,-3.07E-04,-2.89E-04,-2.82E-04,-2.89E-04,-3.03E-04,-3.19E-04,-3.29E-04,-3.34E-04,-3.38E-04,-3.39E-04,-3.40E-04,-3.42E-04,-3.44E-04,-3.42E-04,-3.42E-04,-3.43E-04,-3.45E-04,-3.47E-04,-3.51E-04,-3.54E-04,-3.56E-04,-3.56E-04,-3.55E-04,-3.54E-04,-3.53E-04,-3.54E-04,-3.55E-04,-3.56E-04,-3.58E-04,-3.58E-04,-3.58E-04,-3.60E-04,-3.61E-04,-3.63E-04,-3.64E-04,-3.66E-04,-3.69E-04,-3.69E-04,-3.66E-04,-3.62E-04,-3.59E-04,-3.58E-04,-3.58E-04,-3.57E-04,-3.56E-04,-3.57E-04,-3.59E-04,-3.61E-04,-3.62E-04,-3.63E-04,-3.64E-04,-3.64E-04,-3.64E-04,-3.64E-04,-3.64E-04,-3.65E-04,-3.64E-04,-3.62E-04,-3.64E-04,-3.66E-04,-3.67E-04,-3.67E-04,-3.67E-04,-3.66E-04,-3.65E-04,-3.64E-04,-3.65E-04,-3.67E-04,-3.68E-04,-3.67E-04,-3.66E-04,-3.67E-04,-3.69E-04,-3.70E-04,-3.70E-04,-3.70E-04,-3.73E-04,-3.73E-04,-3.71E-04,-3.67E-04,-3.55E-04,-3.35E-04,-3.12E-04,-2.97E-04,-2.98E-04,-3.12E-04,-3.30E-04,-3.45E-04,-3.53E-04,-3.58E-04,-3.62E-04,-3.63E-04,-3.62E-04,-3.60E-04,-3.58E-04,-3.57E-04,-3.53E-04,-3.50E-04,-3.47E-04,-3.43E-04,-3.39E-04,-3.39E-04,-3.40E-04,-3.42E-04,-3.41E-04,-3.41E-04,-3.39E-04,-3.38E-04,-3.35E-04,-3.34E-04,-3.33E-04,-3.29E-04,-3.27E-04,-3.25E-04,-3.25E-04,-3.27E-04,-3.27E-04,-3.27E-04,-3.25E-04,-3.21E-04,-3.19E-04,-3.16E-04,-3.13E-04,-3.10E-04,-3.07E-04,-3.04E-04,-3.03E-04,-3.02E-04,-3.02E-04,-3.00E-04,-2.98E-04,-2.98E-04,-3.00E-04,-3.02E-04,-3.02E-04,-3.01E-04,-3.00E-04,-3.00E-04,-3.00E-04,-3.01E-04,-3.01E-04,-2.99E-04,-2.95E-04,-2.89E-04,-2.81E-04,-2.73E-04,-2.69E-04,-2.67E-04,-2.67E-04,-2.66E-04,-2.65E-04,-2.63E-04,-2.59E-04,-2.56E-04,-2.55E-04,-2.57E-04,-2.56E-04,-2.52E-04,-2.46E-04,-2.40E-04,-2.34E-04,-2.29E-04,-2.26E-04,-2.26E-04,-2.26E-04,-2.27E-04,-2.28E-04,-2.27E-04,-2.27E-04,-2.28E-04,-2.28E-04,-2.27E-04,-2.25E-04,-2.23E-04,-2.22E-04,-2.21E-04,-2.22E-04,-2.22E-04,-2.22E-04,-2.20E-04,-2.16E-04,-2.16E-04,-2.17E-04,-2.18E-04,-2.17E-04,-2.03E-04,-1.84E-04,-1.62E-04,-1.44E-04,-1.34E-04,-1.29E-04,-1.33E-04,-1.43E-04,-1.56E-04,-1.68E-04,-1.75E-04,-1.74E-04,-1.54E-04,-1.23E-04,-9.08E-05,-6.45E-05,-4.73E-05,-3.92E-05,-3.70E-05,-3.94E-05,-4.40E-05,-4.98E-05,-5.82E-05,-6.64E-05,-7.21E-05,-7.67E-05,-8.73E-05,-1.00E-04,-1.13E-04,-1.23E-04,-1.31E-04,-1.38E-04,-1.43E-04,-1.47E-04,-1.49E-04,-1.48E-04,-1.47E-04,-1.46E-04,-1.46E-04,-1.45E-04,-1.44E-04,-1.41E-04,-1.39E-04,-1.39E-04,-1.40E-04,-1.41E-04
158,LFP1,38,0,43.20133114,-1.41E-04,-1.42E-04,-1.43E-04,-1.47E-04,-1.53E-04,-1.57E-04,-1.62E-04,-1.64E-04,-1.65E-04,-1.65E-04,-1.66E-04,-1.64E-04,-1.59E-04,-1.58E-04,-1.59E-04,-1.61E-04,-1.61E-04,-1.59E-04,-1.58E-04,-1.58E-04,-1.55E-04,-1.53E-04,-1.52E-04,-1.54E-04,-1.58E-04,-1.62E-04,-1.62E-04,-1.61E-04,-1.58E-04,-1.56E-04,-1.54E-04,-1.52E-04,-1.51E-04,-1.48E-04,-1.46E-04,-1.44E-04,-1.42E-04,-1.39E-04,-1.37E-04,-1.36E-04,-1.34E-04,-1.30E-04,-1.27E-04,-1.26E-04,-1.24E-04,-1.23E-04,-1.21E-04,-1.18E-04,-1.15E-04,-1.13E-04,-1.12E-04,-1.11E-04,-1.10E-04,-1.08E-04,-1.08E-04,-1.08E-04,-1.08E-04,-1.09E-04,-1.09E-04,-1.10E-04,-1.11E-04,-1.11E-04,-1.13E-04,-1.14E-04,-1.12E-04,-1.11E-04,-1.09E-04,-1.10E-04,-1.11E-04,-1.13E-04,-1.14E-04,-1.13E-04,-1.04E-04,-8.02E-05,-5.47E-05,-3.55E-05,-2.24E-05,-1.47E-05,-1.18E-05,-1.39E-05,-2.31E-05,-3.63E-05,-4.84E-05,-5.68E-05,-6.28E-05,-6.56E-05,-6.57E-05,-6.23E-05,-5.84E-05,-5.50E-05,-5.23E-05,-4.99E-05,-4.88E-05,-4.73E-05,-4.57E-05,-4.33E-05,-4.00E-05,-3.68E-05,-3.51E-05,-3.49E-05,-3.55E-05,-3.53E-05,-3.51E-05,-3.56E-05,-3.72E-05,-3.82E-05,-3.90E-05,-4.01E-05,-3.97E-05,-3.84E-05,-3.80E-05,-3.75E-05,-3.65E-05,-3.55E-05,-3.47E-05,-3.62E-05,-3.92E-05,-4.29E-05,-4.44E-05,-4.15E-05,-3.78E-05,-3.46E-05,-3.01E-05,-2.57E-05,-2.40E-05,-2.19E-05,-1.92E-05,-1.69E-05,-1.41E-05,-1.11E-05,-9.46E-06,-9.98E-06,-1.11E-05,-9.25E-06,-5.52E-06,-1.68E-06,2.83E-06,6.10E-06,7.61E-06,9.58E-06,1.07E-05,1.14E-05,1.29E-05,1.60E-05,2.08E-05,2.59E-05,3.08E-05,3.58E-05,4.03E-05,4.56E-05,4.90E-05,5.06E-05,5.09E-05,5.05E-05,4.95E-05,4.72E-05,4.76E-05,5.57E-05,7.28E-05,9.15E-05,1.06E-04,1.09E-04,9.83E-05,8.37E-05,7.08E-05,6.44E-05,6.19E-05,6.28E-05,6.53E-05,6.58E-05,6.37E-05,6.30E-05,6.34E-05,6.37E-05,6.45E-05,6.66E-05,6.92E-05,7.08E-05,7.26E-05,7.49E-05,7.69E-05,7.78E-05,7.91E-05,8.28E-05,8.60E-05,8.74E-05,8.73E-05,8.69E-05,8.77E-05,8.91E-05,9.06E-05,9.23E-05,9.33E-05,9.31E-05,9.57E-05,9.90E-05,9.97E-05,1.01E-04,1.03E-04,1.05E-04,1.09E-04,1.14E-04,1.16E-04,1.17E-04,1.18E-04,1.19E-04,1.19E-04,1.19E-04,1.21E-04,1.20E-04,1.17E-04,1.13E-04,1.11E-04,1.11E-04,1.11E-04,1.10E-04,1.09E-04,1.09E-04,1.11E-04,1.13E-04,1.14E-04,1.12E-04,1.10E-04,1.11E-04,1.14E-04,1.16E-04,1.16E-04,1.15E-04,1.14E-04,1.13E-04,1.11E-04,1.10E-04,1.13E-04,1.28E-04,1.49E-04,1.70E-04,1.80E-04,1.76E-04,1.65E-04,1.53E-04,1.43E-04,1.35E-04,1.31E-04,1.31E-04,1.31E-04,1.30E-04,1.31E-04,1.31E-04,1.33E-04,1.37E-04,1.38E-04,1.36E-04,1.37E-04,1.38E-04,1.38E-04,1.37E-04
159,LFP1,38,0,43.28521729,1.36E-04,1.35E-04,1.35E-04,1.33E-04,1.31E-04,1.31E-04,1.30E-04,1.28E-04,1.25E-04,1.22E-04,1.21E-04,1.20E-04,1.19E-04,1.17E-04,1.16E-04,1.16E-04,1.18E-04,1.19E-04,1.19E-04,1.18E-04,1.16E-04,1.13E-04,1.11E-04,1.10E-04,1.09E-04,1.09E-04,1.08E-04,1.07E-04,1.08E-04,1.08E-04,1.09E-04,1.09E-04,1.08E-04,1.09E-04,1.11E-04,1.10E-04,1.09E-04,1.07E-04,1.06E-04,1.05E-04,1.07E-04,1.09E-04,1.10E-04,1.13E-04,1.13E-04,1.15E-04,1.16E-04,1.20E-04,1.22E-04,1.22E-04,1.26E-04,1.29E-04,1.38E-04,1.57E-04,1.77E-04,1.89E-04,1.86E-04,1.75E-04,1.60E-04,1.47E-04,1.39E-04,1.33E-04,1.31E-04,1.32E-04,1.35E-04,1.37E-04,1.35E-04,1.33E-04,1.31E-04,1.32E-04,1.33E-04,1.34E-04,1.34E-04,1.35E-04,1.36E-04,1.39E-04,1.42E-04,1.43E-04,1.43E-04,1.45E-04,1.47E-04,1.47E-04,1.48E-04,1.50E-04,1.51E-04,1.52E-04,1.54E-04,1.55E-04,1.55E-04,1.56E-04,1.57E-04,1.61E-04,1.64E-04,1.67E-04,1.71E-04,1.75E-04,1.79E-04,1.83E-04,1.87E-04,1.91E-04,1.93E-04,1.95E-04,1.94E-04,1.93E-04,1.92E-04,1.93E-04,1.95E-04,1.96E-04,1.96E-04,1.97E-04,2.00E-04,2.03E-04,2.06E-04,2.09E-04,2.12E-04,2.13E-04,2.16E-04,2.20E-04,2.26E-04,2.31E-04,2.33E-04,2.37E-04,2.41E-04,2.46E-04,2.48E-04,2.49E-04,2.49E-04,2.49E-04,2.59E-04,2.80E-04,3.03E-04,3.20E-04,3.25E-04,3.22E-04,3.17E-04,3.16E-04,3.16E-04,3.19E-04,3.22E-04,3.24E-04,3.24E-04,3.28E-04,3.30E-04,3.32E-04,3.35E-04,3.37E-04,3.41E-04,3.45E-04,3.49E-04,3.55E-04,3.60E-04,3.62E-04,3.62E-04,3.61E-04,3.59E-04,3.60E-04,3.62E-04,3.64E-04,3.65E-04,3.66E-04,3.68E-04,3.70E-04,3.74E-04,3.79E-04,3.82E-04,3.86E-04,3.87E-04,3.90E-04,3.92E-04,3.94E-04,3.97E-04,3.97E-04,3.98E-04,3.99E-04,4.00E-04,3.99E-04,3.98E-04,3.98E-04,4.00E-04,4.02E-04,4.04E-04,4.05E-04,4.05E-04,4.05E-04,4.07E-04,4.08E-04,4.08E-04,4.07E-04,4.07E-04,4.08E-04,4.10E-04,4.12E-04,4.14E-04,4.16E-04,4.20E-04,4.25E-04,4.25E-04,4.24E-04,4.24E-04,4.26E-04,4.28E-04,4.29E-04,4.30E-04,4.32E-04,4.32E-04,4.29E-04,4.28E-04,4.26E-04,4.24E-04,4.25E-04,4.29E-04,4.34E-04,4.37E-04,4.37E-04,4.35E-04,4.36E-04,4.45E-04,4.63E-04,4.82E-04,4.97E-04,5.01E-04,4.93E-04,4.79E-04,4.63E-04,4.49E-04,4.41E-04,4.37E-04,4.36E-04,4.36E-04,4.35E-04,4.35E-04,4.35E-04,4.36E-04,4.38E-04,4.37E-04,4.34E-04,4.32E-04,4.31E-04,4.31E-04,4.31E-04,4.32E-04,4.34E-04,4.35E-04,4.37E-04,4.38E-04,4.38E-04,4.37E-04,4.37E-04,4.36E-04,4.35E-04,4.34E-04,4.34E-04,4.36E-04,4.38E-04,4.37E-04,4.35E-04
160,LFP1,38,0,43.36910343,4.32E-04,4.29E-04,4.27E-04,4.23E-04,4.21E-04,4.21E-04,4.22E-04,4.23E-04,4.23E-04,4.22E-04,4.19E-04,4.17E-04,4.14E-04,4.11E-04,4.09E-04,4.09E-04,4.10E-04,4.11E-04,4.12E-04,4.13E-04,4.11E-04,4.07E-04,4.04E-04,4.03E-04,4.03E-04,4.04E-04,4.05E-04,4.06E-04,4.08E-04,4.12E-04,4.15E-04,4.16E-04,4.18E-04,4.18E-04,4.18E-04,4.19E-04,4.22E-04,4.24E-04,4.24E-04,4.23E-04,4.25E-04,4.25E-04,4.26E-04,4.27E-04,4.31E-04,4.47E-04,4.69E-04,4.90E-04,5.04E-04,5.02E-04,4.88E-04,4.70E-04,4.53E-04,4.41E-04,4.34E-04,4.31E-04,4.27E-04,4.25E-04,4.27E-04,4.28E-04,4.30E-04,4.32E-04,4.31E-04,4.29E-04,4.28E-04,4.28E-04,4.30E-04,4.33E-04,4.36E-04,4.38E-04,4.39E-04,4.39E-04,4.40E-04,4.39E-04,4.39E-04,4.37E-04,4.35E-04,4.33E-04,4.31E-04,4.31E-04,4.29E-04,4.28E-04,4.28E-04,4.30E-04,4.32E-04,4.33E-04,4.34E-04,4.34E-04,4.33E-04,4.33E-04,4.33E-04,4.33E-04,4.32E-04,4.32E-04,4.33E-04,4.33E-04,4.35E-04,4.37E-04,4.38E-04,4.39E-04,4.40E-04,4.40E-04,4.39E-04,4.39E-04,4.37E-04,4.35E-04,4.37E-04,4.39E-04,4.40E-04,4.40E-04,4.41E-04,4.40E-04,4.40E-04,4.42E-04,4.44E-04,4.46E-04,4.47E-04,4.51E-04,4.66E-04,4.88E-04,5.08E-04,5.15E-04,5.10E-04,5.02E-04,4.92E-04,4.83E-04,4.75E-04,4.68E-04,4.62E-04,4.59E-04,4.57E-04,4.57E-04,4.57E-04,4.56E-04,4.55E-04,4.54E-04,4.55E-04,4.55E-04,4.54E-04,4.53E-04,4.52E-04,4.51E-04,4.53E-04,4.58E-04,4.62E-04,4.64E-04,4.63E-04,4.62E-04,4.61E-04,4.61E-04,4.63E-04,4.63E-04,4.61E-04,4.60E-04,4.59E-04,4.58E-04,4.54E-04,4.52E-04,4.54E-04,4.57E-04,4.59E-04,4.62E-04,4.66E-04,4.68E-04,4.69E-04,4.70E-04,4.69E-04,4.67E-04,4.62E-04,4.59E-04,4.57E-04,4.55E-04,4.56E-04,4.56E-04,4.59E-04,4.61E-04,4.64E-04,4.68E-04,4.70E-04,4.71E-04,4.71E-04,4.72E-04,4.74E-04,4.76E-04,4.75E-04,4.71E-04,4.67E-04,4.63E-04,4.60E-04,4.60E-04,4.61E-04,4.58E-04,4.54E-04,4.58E-04,4.73E-04,4.91E-04,5.06E-04,5.07E-04,4.97E-04,4.82E-04,4.67E-04,4.53E-04,4.44E-04,4.38E-04,4.36E-04,4.33E-04,4.30E-04,4.27E-04,4.27E-04,4.28E-04,4.30E-04,4.31E-04,4.31E-04,4.30E-04,4.30E-04,4.31E-04,4.33E-04,4.33E-04,4.32E-04,4.33E-04,4.36E-04,4.41E-04,4.43E-04,4.44E-04,4.44E-04,4.43E-04,4.40E-04,4.36E-04,4.34E-04,4.35E-04,4.36E-04,4.37E-04,4.38E-04,4.36E-04,4.35E-04,4.35E-04,4.34E-04,4.32E-04,4.29E-04,4.28E-04,4.29E-04,4.32E-04,4.35E-04,4.37E-04,4.37E-04,4.37E-04,4.36E-04,4.38E-04,4.39E-04,4.41E-04,4.44E-04,4.46E-04,4.47E-04,4.48E-04,4.49E-04,4.52E-04
161,LFP1,38,0,43.45298934,4.55E-04,4.54E-04,4.52E-04,4.50E-04,4.50E-04,4.52E-04,4.53E-04,4.55E-04,4.55E-04,4.55E-04,4.54E-04,4.57E-04,4.72E-04,4.92E-04,5.10E-04,5.18E-04,5.15E-04,5.05E-04,4.91E-04,4.78E-04,4.71E-04,4.69E-04,4.70E-04,4.73E-04,4.74E-04,4.73E-04,4.80E-04,5.04E-04,5.37E-04,5.66E-04,5.89E-04,6.01E-04,6.07E-04,6.07E-04,6.04E-04,5.99E-04,5.94E-04,5.88E-04,5.82E-04,5.77E-04,5.65E-04,5.46E-04,5.24E-04,5.05E-04,4.91E-04,4.84E-04,4.84E-04,4.87E-04,4.90E-04,4.92E-04,4.94E-04,4.93E-04,4.91E-04,4.92E-04,4.94E-04,4.96E-04,4.97E-04,4.98E-04,4.98E-04,5.00E-04,5.03E-04,5.05E-04,5.07E-04,5.06E-04,5.07E-04,5.09E-04,5.10E-04,5.11E-04,5.12E-04,5.11E-04,5.08E-04,5.03E-04,5.00E-04,4.98E-04,4.95E-04,4.91E-04,4.89E-04,4.87E-04,4.87E-04,4.87E-04,4.86E-04,4.87E-04,4.88E-04,4.89E-04,4.90E-04,4.90E-04,4.91E-04,5.01E-04,5.22E-04,5.45E-04,5.63E-04,5.69E-04,5.63E-04,5.51E-04,5.40E-04,5.31E-04,5.26E-04,5.26E-04,5.30E-04,5.34E-04,5.36E-04,5.36E-04,5.37E-04,5.40E-04,5.41E-04,5.41E-04,5.41E-04,5.43E-04,5.46E-04,5.47E-04,5.49E-04,5.51E-04,5.55E-04,5.59E-04,5.61E-04,5.61E-04,5.62E-04,5.62E-04,5.63E-04,5.61E-04,5.60E-04,5.58E-04,5.57E-04,5.58E-04,5.58E-04,5.58E-04,5.57E-04,5.55E-04,5.54E-04,5.55E-04,5.56E-04,5.53E-04,5.52E-04,5.49E-04,5.47E-04,5.45E-04,5.46E-04,5.48E-04,5.51E-04,5.54E-04,5.55E-04,5.57E-04,5.58E-04,5.57E-04,5.58E-04,5.59E-04,5.60E-04,5.60E-04,5.62E-04,5.62E-04,5.62E-04,5.65E-04,5.66E-04,5.66E-04,5.66E-04,5.67E-04,5.70E-04,5.73E-04,5.76E-04,5.78E-04,5.80E-04,5.83E-04,5.82E-04,5.82E-04,5.92E-04,6.11E-04,6.29E-04,6.43E-04,6.45E-04,6.36E-04,6.18E-04,6.01E-04,5.87E-04,5.79E-04,5.73E-04,5.69E-04,5.67E-04,5.65E-04,5.64E-04,5.64E-04,5.62E-04,5.60E-04,5.58E-04,5.57E-04,5.56E-04,5.56E-04,5.55E-04,5.53E-04,5.51E-04,5.51E-04,5.51E-04,5.52E-04,5.52E-04,5.51E-04,5.51E-04,5.54E-04,5.57E-04,5.60E-04,5.60E-04,5.63E-04,5.66E-04,5.68E-04,5.68E-04,5.67E-04,5.64E-04,5.62E-04,5.61E-04,5.60E-04,5.60E-04,5.59E-04,5.56E-04,5.55E-04,5.55E-04,5.54E-04,5.53E-04,5.53E-04,5.54E-04,5.54E-04,5.53E-04,5.53E-04,5.53E-04,5.52E-04,5.53E-04,5.53E-04,5.51E-04,5.50E-04,5.50E-04,5.49E-04,5.49E-04,5.49E-04,5.48E-04,5.51E-04,5.52E-04,5.51E-04,5.50E-04,5.48E-04,5.46E-04,5.43E-04,5.40E-04,5.40E-04,5.42E-04,5.43E-04,5.43E-04,5.44E-04,5.46E-04,5.50E-04,5.57E-04,5.62E-04,5.64E-04,5.64E-04,5.63E-04,5.64E-04,5.66E-04,5.69E-04,5.74E-04,5.77E-04
162,LFP1,38,0,43.53687549,5.83E-04,5.86E-04,5.88E-04,5.88E-04,5.86E-04,5.82E-04,5.82E-04,5.90E-04,6.08E-04,6.27E-04,6.42E-04,6.52E-04,6.57E-04,6.53E-04,6.42E-04,6.29E-04,6.17E-04,6.07E-04,6.00E-04,5.96E-04,5.93E-04,5.91E-04,5.92E-04,5.94E-04,5.98E-04,6.02E-04,6.04E-04,6.05E-04,6.07E-04,6.07E-04,6.08E-04,6.11E-04,6.15E-04,6.18E-04,6.19E-04,6.19E-04,6.20E-04,6.21E-04,6.21E-04,6.20E-04,6.20E-04,6.20E-04,6.21E-04,6.20E-04,6.21E-04,6.22E-04,6.21E-04,6.20E-04,6.21E-04,6.23E-04,6.24E-04,6.24E-04,6.25E-04,6.26E-04,6.26E-04,6.26E-04,6.27E-04,6.29E-04,6.30E-04,6.32E-04,6.33E-04,6.36E-04,6.38E-04,6.38E-04,6.39E-04,6.38E-04,6.37E-04,6.37E-04,6.36E-04,6.37E-04,6.39E-04,6.41E-04,6.44E-04,6.45E-04,6.48E-04,6.50E-04,6.50E-04,6.47E-04,6.45E-04,6.47E-04,6.49E-04,6.50E-04,6.54E-04,6.58E-04,6.60E-04,6.63E-04,6.63E-04,6.60E-04,6.56E-04,6.63E-04,6.80E-04,7.00E-04,7.15E-04,7.20E-04,7.12E-04,7.02E-04,6.93E-04,6.86E-04,6.80E-04,6.74E-04,6.70E-04,6.68E-04,6.68E-04,6.71E-04,6.72E-04,6.71E-04,6.69E-04,6.71E-04,6.74E-04,6.77E-04,6.78E-04,6.77E-04,6.77E-04,6.77E-04,6.79E-04,6.82E-04,6.83E-04,6.84E-04,6.85E-04,6.85E-04,6.86E-04,6.87E-04,6.90E-04,6.94E-04,6.97E-04,6.98E-04,6.98E-04,6.98E-04,6.97E-04,6.95E-04,6.97E-04,7.00E-04,7.03E-04,7.03E-04,7.03E-04,7.02E-04,7.00E-04,7.00E-04,7.04E-04,7.04E-04,7.01E-04,6.98E-04,6.98E-04,6.98E-04,6.98E-04,6.98E-04,6.96E-04,6.93E-04,6.92E-04,6.91E-04,6.90E-04,6.89E-04,6.88E-04,6.86E-04,6.84E-04,6.82E-04,6.82E-04,6.81E-04,6.79E-04,6.78E-04,6.78E-04,6.80E-04,6.81E-04,6.80E-04,6.79E-04,6.76E-04,6.75E-04,6.74E-04,6.73E-04,6.70E-04,6.69E-04,6.66E-04,6.62E-04,6.59E-04,6.58E-04,6.59E-04,6.59E-04,6.63E-04,6.77E-04,6.98E-04,7.15E-04,7.28E-04,7.32E-04,7.23E-04,7.07E-04,6.89E-04,6.73E-04,6.62E-04,6.59E-04,6.58E-04,6.56E-04,6.54E-04,6.56E-04,6.56E-04,6.57E-04,6.59E-04,6.62E-04,6.64E-04,6.65E-04,6.63E-04,6.61E-04,6.57E-04,6.54E-04,6.53E-04,6.52E-04,6.52E-04,6.50E-04,6.49E-04,6.52E-04,6.55E-04,6.56E-04,6.58E-04,6.58E-04,6.57E-04,6.55E-04,6.54E-04,6.56E-04,6.57E-04,6.55E-04,6.50E-04,6.45E-04,6.39E-04,6.32E-04,6.27E-04,6.23E-04,6.21E-04,6.24E-04,6.27E-04,6.30E-04,6.33E-04,6.34E-04,6.33E-04,6.32E-04,6.30E-04,6.26E-04,6.21E-04,6.16E-04,6.13E-04,6.11E-04,6.08E-04,6.07E-04,6.07E-04,6.06E-04,6.06E-04,6.07E-04,6.07E-04,6.07E-04,6.08E-04,6.08E-04,6.09E-04,6.08E-04,6.06E-04,6.05E-04,6.05E-04,6.06E-04,6.06E-04
163,LFP1,38,0,43.62076163,6.06E-04,6.04E-04,6.03E-04,6.02E-04,6.02E-04,6.04E-04,6.02E-04,5.99E-04,5.94E-04,5.91E-04,5.93E-04,6.09E-04,6.29E-04,6.45E-04,6.52E-04,6.49E-04,6.33E-04,6.14E-04,5.97E-04,5.84E-04,5.76E-04,5.72E-04,5.67E-04,5.63E-04,5.65E-04,5.68E-04,5.69E-04,5.69E-04,5.67E-04,5.65E-04,5.63E-04,5.62E-04,5.61E-04,5.62E-04,5.63E-04,5.62E-04,5.63E-04,5.61E-04,5.60E-04,5.60E-04,5.58E-04,5.56E-04,5.54E-04,5.51E-04,5.48E-04,5.46E-04,5.43E-04,5.41E-04,5.39E-04,5.35E-04,5.30E-04,5.24E-04,5.21E-04,5.18E-04,5.15E-04,5.11E-04,5.07E-04,5.02E-04,4.99E-04,4.96E-04,4.91E-04,4.87E-04,4.83E-04,4.81E-04,4.81E-04,4.80E-04,4.78E-04,4.77E-04,4.73E-04,4.68E-04,4.65E-04,4.64E-04,4.65E-04,4.66E-04,4.65E-04,4.59E-04,4.54E-04,4.51E-04,4.49E-04,4.44E-04,4.36E-04,4.30E-04,4.26E-04,4.23E-04,4.28E-04,4.42E-04,4.61E-04,4.74E-04,4.70E-04,4.55E-04,4.38E-04,4.23E-04,4.10E-04,4.03E-04,3.98E-04,3.93E-04,3.90E-04,3.86E-04,3.82E-04,3.79E-04,3.76E-04,3.73E-04,3.72E-04,3.72E-04,3.70E-04,3.68E-04,3.64E-04,3.61E-04,3.57E-04,3.53E-04,3.49E-04,3.46E-04,3.44E-04,3.42E-04,3.38E-04,3.36E-04,3.34E-04,3.32E-04,3.29E-04,3.27E-04,3.26E-04,3.25E-04,3.24E-04,3.24E-04,3.22E-04,3.18E-04,3.16E-04,3.14E-04,3.11E-04,3.07E-04,3.04E-04,3.02E-04,2.99E-04,2.98E-04,2.97E-04,2.94E-04,2.93E-04,2.90E-04,2.87E-04,2.86E-04,2.84E-04,2.83E-04,2.80E-04,2.77E-04,2.75E-04,2.73E-04,2.71E-04,2.68E-04,2.65E-04,2.61E-04,2.57E-04,2.52E-04,2.47E-04,2.44E-04,2.41E-04,2.40E-04,2.38E-04,2.34E-04,2.31E-04,2.28E-04,2.25E-04,2.29E-04,2.43E-04,2.59E-04,2.73E-04,2.77E-04,2.69E-04,2.52E-04,2.35E-04,2.21E-04,2.09E-04,1.99E-04,1.93E-04,1.88E-04,1.84E-04,1.80E-04,1.76E-04,1.73E-04,1.70E-04,1.65E-04,1.60E-04,1.56E-04,1.51E-04,1.48E-04,1.45E-04,1.40E-04,1.36E-04,1.34E-04,1.31E-04,1.29E-04,1.24E-04,1.20E-04,1.16E-04,1.14E-04,1.13E-04,1.10E-04,1.08E-04,1.06E-04,1.03E-04,9.98E-05,9.66E-05,9.24E-05,9.00E-05,9.11E-05,9.26E-05,9.17E-05,8.95E-05,8.52E-05,7.98E-05,7.46E-05,7.15E-05,7.03E-05,6.95E-05,6.63E-05,6.56E-05,6.53E-05,6.44E-05,6.25E-05,5.86E-05,5.41E-05,4.95E-05,4.67E-05,4.54E-05,4.55E-05,4.61E-05,4.74E-05,4.58E-05,4.43E-05,4.17E-05,3.71E-05,3.36E-05,3.24E-05,2.90E-05,2.60E-05,3.23E-05,5.20E-05,7.45E-05,9.02E-05,9.12E-05,8.18E-05,6.96E-05,5.81E-05,4.72E-05,3.87E-05,3.41E-05,3.27E-05,3.04E-05,2.99E-05,3.08E-05,3.18E-05,3.23E-05,3.10E-05,2.79E-05,2.47E-05,2.07E-05,1.77E-05
164,LFP1,38,0,43.70464778,1.45E-05,1.13E-05,8.69E-06,9.09E-06,1.17E-05,1.32E-05,1.37E-05,1.23E-05,9.31E-06,9.46E-06,1.11E-05,1.31E-05,1.35E-05,1.34E-05,1.59E-05,1.88E-05,1.74E-05,1.37E-05,1.12E-05,9.86E-06,8.73E-06,8.26E-06,8.93E-06,9.58E-06,1.04E-05,1.02E-05,8.59E-06,6.74E-06,6.61E-06,5.32E-06,3.23E-06,3.06E-06,4.12E-06,4.65E-06,4.54E-06,5.63E-06,6.12E-06,8.39E-06,9.97E-06,1.16E-05,1.27E-05,1.35E-05,1.49E-05,1.61E-05,1.61E-05,1.42E-05,1.39E-05,1.18E-05,1.05E-05,1.14E-05,1.35E-05,1.63E-05,1.79E-05,1.99E-05,2.07E-05,2.03E-05,2.02E-05,2.29E-05,2.65E-05,2.77E-05,2.78E-05,2.76E-05,2.77E-05,2.64E-05,2.69E-05,2.82E-05,2.98E-05,2.96E-05,2.91E-05,3.09E-05,4.18E-05,6.29E-05,8.61E-05,1.05E-04,1.18E-04,1.21E-04,1.12E-04,9.53E-05,7.57E-05,5.89E-05,4.54E-05,3.71E-05,3.37E-05,3.26E-05,3.24E-05,3.37E-05,3.53E-05,3.71E-05,3.95E-05,4.31E-05,4.67E-05,4.86E-05,4.70E-05,4.53E-05,4.45E-05,4.48E-05,4.48E-05,4.55E-05,4.45E-05,4.25E-05,4.01E-05,3.68E-05,3.44E-05,3.29E-05,3.04E-05,2.91E-05,3.09E-05,3.08E-05,2.99E-05,2.85E-05,2.52E-05,2.25E-05,2.08E-05,1.99E-05,2.03E-05,2.01E-05,1.79E-05,1.36E-05,9.62E-06,6.66E-06,5.09E-06,3.55E-06,3.88E-06,4.49E-06,3.96E-06,-2.92E-07,-5.09E-06,-7.01E-06,-8.03E-06,-8.63E-06,-9.75E-06,-1.28E-05,-1.70E-05,-1.88E-05,-1.82E-05,-1.60E-05,-1.37E-05,-1.64E-05,-1.96E-05,-1.68E-05,4.82E-06,3.80E-05,7.11E-05,9.68E-05,1.13E-04,1.17E-04,1.13E-04,1.05E-04,9.60E-05,8.73E-05,8.15E-05,7.71E-05,7.19E-05,6.09E-05,4.12E-05,2.33E-05,1.10E-05,4.00E-06,3.66E-06,1.52E-05,3.06E-05,4.62E-05,5.72E-05,5.97E-05,5.13E-05,3.77E-05,2.43E-05,1.19E-05,-6.04E-08,-7.51E-06,-1.23E-05,-1.31E-05,-1.15E-05,-1.17E-05,-1.18E-05,-1.23E-05,-1.44E-05,-1.85E-05,-2.17E-05,-2.33E-05,-2.29E-05,-2.10E-05,-2.12E-05,-2.26E-05,-2.37E-05,-2.37E-05,-2.42E-05,-2.47E-05,-2.34E-05,-2.24E-05,-2.21E-05,-2.23E-05,-2.25E-05,-2.24E-05,-2.31E-05,-2.27E-05,-2.35E-05,-2.55E-05,-2.56E-05,-2.67E-05,-3.00E-05,-3.17E-05,-3.24E-05,-3.24E-05,-3.13E-05,-3.09E-05,-3.12E-05,-3.17E-05,-3.28E-05,-3.32E-05,-3.29E-05,-3.23E-05,-3.23E-05,-3.18E-05,-2.97E-05,-2.77E-05,-2.44E-05,-2.03E-05,-1.59E-05,-1.28E-05,-1.15E-05,-1.25E-05,-1.39E-05,-1.51E-05,-1.36E-05,-1.25E-05,-9.90E-06,-7.13E-06,-4.64E-06,-3.80E-06,-4.51E-06,-5.84E-06,-6.25E-06,-5.29E-06,-5.06E-06,-5.05E-06,-4.92E-06,-5.36E-06,-7.08E-06,-6.47E-06,6.16E-06,2.56E-05,4.39E-05,5.60E-05,5.65E-05,4.60E-05,3.21E-05,1.94E-05,9.52E-06,1.60E-06,-3.63E-06,-7.34E-06,-9.60E-06,-1.16E-05,-1.23E-05,-1.23E-05
165,LFP1,38,0,43.78853369,-1.21E-05,-1.03E-05,-7.23E-06,-4.49E-06,-4.20E-06,-5.24E-06,-7.68E-06,-9.84E-06,-1.15E-05,-1.18E-05,-1.19E-05,-1.22E-05,-1.21E-05,-1.43E-05,-1.76E-05,-2.04E-05,-2.00E-05,-1.78E-05,-1.70E-05,-1.83E-05,-2.13E-05,-2.34E-05,-2.59E-05,-3.00E-05,-3.13E-05,-2.96E-05,-2.87E-05,-3.10E-05,-3.47E-05,-3.93E-05,-4.54E-05,-5.09E-05,-5.26E-05,-5.18E-05,-5.15E-05,-5.14E-05,-5.27E-05,-5.39E-05,-5.55E-05,-5.90E-05,-6.05E-05,-6.15E-05,-6.43E-05,-6.83E-05,-7.24E-05,-7.68E-05,-7.98E-05,-8.05E-05,-7.91E-05,-7.88E-05,-8.03E-05,-8.11E-05,-8.18E-05,-8.33E-05,-8.41E-05,-8.59E-05,-8.77E-05,-8.84E-05,-9.03E-05,-9.43E-05,-9.71E-05,-9.87E-05,-9.87E-05,-9.82E-05,-9.75E-05,-9.77E-05,-9.91E-05,-1.01E-04,-1.04E-04,-1.08E-04,-1.12E-04,-1.14E-04,-1.14E-04,-1.13E-04,-1.15E-04,-1.18E-04,-1.20E-04,-1.24E-04,-1.27E-04,-1.30E-04,-1.34E-04,-1.37E-04,-1.39E-04,-1.40E-04,-1.40E-04,-1.42E-04,-1.43E-04,-1.33E-04,-1.16E-04,-9.66E-05,-8.29E-05,-7.55E-05,-7.04E-05,-6.95E-05,-7.96E-05,-9.73E-05,-1.16E-04,-1.32E-04,-1.44E-04,-1.51E-04,-1.54E-04,-1.57E-04,-1.60E-04,-1.61E-04,-1.63E-04,-1.64E-04,-1.64E-04,-1.65E-04,-1.68E-04,-1.69E-04,-1.68E-04,-1.67E-04,-1.66E-04,-1.68E-04,-1.69E-04,-1.70E-04,-1.73E-04,-1.74E-04,-1.74E-04,-1.74E-04,-1.76E-04,-1.80E-04,-1.82E-04,-1.84E-04,-1.86E-04,-1.87E-04,-1.88E-04,-1.88E-04,-1.88E-04,-1.90E-04,-1.94E-04,-1.97E-04,-2.01E-04,-2.04E-04,-2.05E-04,-2.04E-04,-2.04E-04,-2.04E-04,-2.04E-04,-2.03E-04,-2.03E-04,-2.04E-04,-2.05E-04,-2.07E-04,-2.10E-04,-2.15E-04,-2.18E-04,-2.21E-04,-2.23E-04,-2.23E-04,-2.21E-04,-2.20E-04,-2.19E-04,-2.20E-04,-2.21E-04,-2.22E-04,-2.22E-04,-2.21E-04,-2.20E-04,-2.16E-04,-2.10E-04,-2.06E-04,-2.06E-04,-2.07E-04,-2.09E-04,-2.11E-04,-2.11E-04,-2.11E-04,-2.12E-04,-2.13E-04,-2.14E-04,-2.15E-04,-2.15E-04,-2.11E-04,-1.96E-04,-1.80E-04,-1.67E-04,-1.62E-04,-1.72E-04,-1.90E-04,-2.07E-04,-2.21E-04,-2.32E-04,-2.41E-04,-2.49E-04,-2.53E-04,-2.55E-04,-2.58E-04,-2.61E-04,-2.64E-04,-2.67E-04,-2.68E-04,-2.65E-04,-2.61E-04,-2.60E-04,-2.60E-04,-2.62E-04,-2.64E-04,-2.66E-04,-2.66E-04,-2.64E-04,-2.62E-04,-2.61E-04,-2.58E-04,-2.57E-04,-2.53E-04,-2.49E-04,-2.43E-04,-2.34E-04,-2.25E-04,-2.21E-04,-2.18E-04,-2.15E-04,-2.12E-04,-2.12E-04,-2.13E-04,-2.15E-04,-2.19E-04,-2.22E-04,-2.22E-04,-2.23E-04,-2.23E-04,-2.19E-04,-2.15E-04,-2.12E-04,-2.10E-04,-2.10E-04,-2.11E-04,-2.12E-04,-2.13E-04,-2.15E-04,-2.17E-04,-2.18E-04,-2.19E-04,-2.20E-04,-2.20E-04,-2.22E-04,-2.23E-04,-2.23E-04,-2.21E-04,-2.19E-04,-2.18E-04,-2.19E-04,-2.19E-04,-2.21E-04,-2.23E-04,-2.24E-04,-2.24E-04,-2.24E-04,-2.26E-04,-2.27E-04,-2.27E-04,-2.27E-04,-2.29E-04,-2.31E-04,-2.33E-04
166,LFP1,38,0,43.87241983,-2.37E-04,-2.38E-04,-2.36E-04,-2.35E-04,-2.36E-04,-2.39E-04,-2.29E-04,-2.11E-04,-1.93E-04,-1.79E-04,-1.70E-04,-1.71E-04,-1.82E-04,-1.99E-04,-2.16E-04,-2.28E-04,-2.36E-04,-2.43E-04,-2.48E-04,-2.50E-04,-2.51E-04,-2.51E-04,-2.50E-04,-2.48E-04,-2.46E-04,-2.47E-04,-2.47E-04,-2.48E-04,-2.48E-04,-2.50E-04,-2.52E-04,-2.53E-04,-2.50E-04,-2.47E-04,-2.43E-04,-2.40E-04,-2.40E-04,-2.39E-04,-2.39E-04,-2.41E-04,-2.43E-04,-2.45E-04,-2.48E-04,-2.50E-04,-2.51E-04,-2.53E-04,-2.56E-04,-2.58E-04,-2.60E-04,-2.60E-04,-2.58E-04,-2.58E-04,-2.57E-04,-2.58E-04,-2.59E-04,-2.62E-04,-2.66E-04,-2.70E-04,-2.71E-04,-2.71E-04,-2.71E-04,-2.72E-04,-2.74E-04,-2.76E-04,-2.75E-04,-2.77E-04,-2.80E-04,-2.83E-04,-2.87E-04,-2.90E-04,-2.89E-04,-2.90E-04,-2.91E-04,-2.95E-04,-3.00E-04,-3.04E-04,-3.08E-04,-3.10E-04,-3.11E-04,-3.13E-04,-3.16E-04,-3.17E-04,-3.18E-04,-3.21E-04,-3.24E-04,-3.26E-04,-3.26E-04,-3.25E-04,-3.27E-04,-3.30E-04,-3.31E-04,-3.33E-04,-3.35E-04,-3.39E-04,-3.43E-04,-3.45E-04,-3.49E-04,-3.52E-04,-3.55E-04,-3.57E-04,-3.59E-04,-3.61E-04,-3.63E-04,-3.65E-04,-3.67E-04,-3.67E-04,-3.67E-04,-3.64E-04,-3.51E-04,-3.31E-04,-3.12E-04,-2.98E-04,-2.91E-04,-2.90E-04,-2.95E-04,-3.09E-04,-3.26E-04,-3.40E-04,-3.52E-04,-3.59E-04,-3.62E-04,-3.64E-04,-3.66E-04,-3.66E-04,-3.66E-04,-3.64E-04,-3.62E-04,-3.62E-04,-3.62E-04,-3.60E-04,-3.55E-04,-3.52E-04,-3.52E-04,-3.52E-04,-3.53E-04,-3.52E-04,-3.48E-04,-3.45E-04,-3.45E-04,-3.46E-04,-3.45E-04,-3.43E-04,-3.42E-04,-3.44E-04,-3.45E-04,-3.46E-04,-3.46E-04,-3.47E-04,-3.47E-04,-3.48E-04,-3.48E-04,-3.49E-04,-3.50E-04,-3.51E-04,-3.52E-04,-3.53E-04,-3.54E-04,-3.53E-04,-3.52E-04,-3.49E-04,-3.48E-04,-3.51E-04,-3.54E-04,-3.58E-04,-3.60E-04,-3.61E-04,-3.62E-04,-3.63E-04,-3.65E-04,-3.68E-04,-3.71E-04,-3.75E-04,-3.78E-04,-3.80E-04,-3.80E-04,-3.79E-04,-3.79E-04,-3.78E-04,-3.76E-04,-3.77E-04,-3.77E-04,-3.75E-04,-3.71E-04,-3.68E-04,-3.67E-04,-3.66E-04,-3.68E-04,-3.70E-04,-3.72E-04,-3.74E-04,-3.76E-04,-3.78E-04,-3.82E-04,-3.85E-04,-3.88E-04,-3.88E-04,-3.89E-04,-3.90E-04,-3.91E-04,-3.95E-04,-3.98E-04,-3.99E-04,-3.99E-04,-4.02E-04,-4.04E-04,-4.06E-04,-4.09E-04,-4.12E-04,-4.14E-04,-4.16E-04,-4.16E-04,-4.15E-04,-4.14E-04,-4.14E-04,-4.15E-04,-4.18E-04,-4.23E-04,-4.25E-04,-4.25E-04,-4.18E-04,-4.02E-04,-3.82E-04,-3.64E-04,-3.50E-04,-3.42E-04,-3.39E-04,-3.39E-04,-3.48E-04,-3.64E-04,-3.79E-04,-3.91E-04,-3.98E-04,-4.01E-04,-4.01E-04,-3.98E-04,-3.97E-04,-3.98E-04,-3.98E-04,-3.97E-04,-3.94E-04,-3.90E-04,-3.85E-04,-3.83E-04,-3.84E-04,-3.84E-04,-3.83E-04,-3.84E-04,-3.85E-04,-3.86E-04,-3.87E-04,-3.88E-04,-3.91E-04,-3.96E-04,-3.99E-04,-4.00E-04,-4.02E-04
167,LFP1,38,0,43.95630598,-4.04E-04,-4.05E-04,-4.07E-04,-4.09E-04,-4.12E-04,-4.14E-04,-4.15E-04,-4.14E-04,-4.15E-04,-4.17E-04,-4.18E-04,-4.21E-04,-4.24E-04,-4.26E-04,-4.26E-04,-4.25E-04,-4.23E-04,-4.22E-04,-4.23E-04,-4.24E-04,-4.24E-04,-4.25E-04,-4.25E-04,-4.25E-04,-4.25E-04,-4.24E-04,-4.24E-04,-4.23E-04,-4.24E-04,-4.26E-04,-4.26E-04,-4.24E-04,-4.23E-04,-4.21E-04,-4.19E-04,-4.15E-04,-4.12E-04,-4.09E-04,-4.07E-04,-4.05E-04,-4.05E-04,-4.06E-04,-4.08E-04,-4.09E-04,-4.08E-04,-4.06E-04,-4.06E-04,-4.07E-04,-4.06E-04,-4.05E-04,-4.05E-04,-4.07E-04,-4.06E-04,-3.95E-04,-3.77E-04,-3.60E-04,-3.46E-04,-3.39E-04,-3.43E-04,-3.54E-04,-3.65E-04,-3.77E-04,-3.86E-04,-3.92E-04,-3.96E-04,-3.99E-04,-3.99E-04,-3.98E-04,-3.94E-04,-3.90E-04,-3.87E-04,-3.85E-04,-3.85E-04,-3.85E-04,-3.82E-04,-3.80E-04,-3.78E-04,-3.75E-04,-3.72E-04,-3.70E-04,-3.68E-04,-3.66E-04,-3.65E-04,-3.63E-04,-3.61E-04,-3.59E-04,-3.56E-04,-3.54E-04,-3.51E-04,-3.50E-04,-3.51E-04,-3.52E-04,-3.52E-04,-3.52E-04,-3.53E-04,-3.56E-04,-3.59E-04,-3.62E-04,-3.63E-04,-3.62E-04,-3.60E-04,-3.58E-04,-3.56E-04,-3.54E-04,-3.54E-04,-3.55E-04,-3.55E-04,-3.54E-04,-3.52E-04,-3.50E-04,-3.49E-04,-3.47E-04,-3.46E-04,-3.47E-04,-3.48E-04,-3.46E-04,-3.40E-04,-3.33E-04,-3.25E-04,-3.15E-04,-3.06E-04,-3.03E-04,-3.00E-04,-2.97E-04,-2.95E-04,-2.93E-04,-2.88E-04,-2.82E-04,-2.75E-04,-2.68E-04,-2.62E-04,-2.58E-04,-2.53E-04,-2.46E-04,-2.39E-04,-2.34E-04,-2.30E-04,-2.28E-04,-2.23E-04,-2.16E-04,-2.11E-04,-2.11E-04,-2.12E-04,-2.14E-04,-2.13E-04,-2.10E-04,-2.08E-04,-2.05E-04,-1.94E-04,-1.77E-04,-1.59E-04,-1.43E-04,-1.31E-04,-1.25E-04,-1.29E-04,-1.41E-04,-1.56E-04,-1.70E-04,-1.79E-04,-1.83E-04,-1.84E-04,-1.84E-04,-1.82E-04,-1.81E-04,-1.78E-04,-1.75E-04,-1.72E-04,-1.68E-04,-1.65E-04,-1.62E-04,-1.59E-04,-1.57E-04,-1.58E-04,-1.57E-04,-1.55E-04,-1.55E-04,-1.54E-04,-1.51E-04,-1.48E-04,-1.47E-04,-1.46E-04,-1.43E-04,-1.40E-04,-1.39E-04,-1.38E-04,-1.37E-04,-1.36E-04,-1.35E-04,-1.37E-04,-1.37E-04,-1.34E-04,-1.31E-04,-1.29E-04,-1.29E-04,-1.29E-04,-1.29E-04,-1.30E-04,-1.31E-04,-1.29E-04,-1.27E-04,-1.25E-04,-1.21E-04,-1.17E-04,-1.16E-04,-1.15E-04,-1.13E-04,-1.09E-04,-1.06E-04,-1.04E-04,-1.01E-04,-8.02E-05,-4.87E-05,-1.65E-05,9.26E-06,2.50E-05,3.12E-05,3.09E-05,2.72E-05,2.14E-05,1.60E-05,1.35E-05,1.34E-05,1.22E-05,8.72E-06,4.73E-06,-3.87E-06,-1.91E-05,-3.41E-05,-4.72E-05,-5.75E-05,-6.46E-05,-6.92E-05,-7.31E-05,-7.55E-05,-7.85E-05,-8.09E-05,-8.16E-05,-8.06E-05,-7.89E-05,-7.51E-05,-7.15E-05,-6.95E-05,-6.67E-05,-5.47E-05,-3.65E-05,-1.95E-05,-7.62E-06,-1.85E-06,-4.43E-06,-1.77E-05,-3.46E-05,-4.90E-05,-5.82E-05,-6.24E-05,-6.29E-05,-6.12E-05
168,LFP1,38,0,44.04019189,-6.29E-05,-6.47E-05,-6.69E-05,-6.93E-05,-7.12E-05,-7.08E-05,-6.84E-05,-6.73E-05,-6.86E-05,-7.02E-05,-7.30E-05,-7.72E-05,-8.00E-05,-8.08E-05,-7.83E-05,-7.38E-05,-7.25E-05,-7.31E-05,-7.34E-05,-7.27E-05,-7.01E-05,-6.80E-05,-6.63E-05,-6.50E-05,-6.32E-05,-6.20E-05,-6.37E-05,-6.47E-05,-6.42E-05,-6.48E-05,-6.77E-05,-6.97E-05,-7.08E-05,-7.28E-05,-7.27E-05,-7.36E-05,-7.58E-05,-7.85E-05,-8.24E-05,-8.46E-05,-8.54E-05,-8.60E-05,-8.38E-05,-8.13E-05,-8.00E-05,-8.01E-05,-8.16E-05,-8.35E-05,-8.40E-05,-8.45E-05,-8.73E-05,-9.11E-05,-9.65E-05,-1.01E-04,-1.03E-04,-1.01E-04,-9.98E-05,-1.01E-04,-1.03E-04,-1.06E-04,-1.09E-04,-1.12E-04,-1.15E-04,-1.16E-04,-1.16E-04,-1.15E-04,-1.14E-04,-1.14E-04,-1.13E-04,-1.11E-04,-1.10E-04,-1.09E-04,-1.09E-04,-1.00E-04,-8.57E-05,-7.18E-05,-6.09E-05,-5.22E-05,-5.40E-05,-6.59E-05,-7.97E-05,-9.22E-05,-1.03E-04,-1.11E-04,-1.14E-04,-1.16E-04,-1.16E-04,-1.17E-04,-1.20E-04,-1.23E-04,-1.24E-04,-1.28E-04,-1.31E-04,-1.35E-04,-1.38E-04,-1.38E-04,-1.39E-04,-1.41E-04,-1.41E-04,-1.42E-04,-1.45E-04,-1.46E-04,-1.46E-04,-1.48E-04,-1.49E-04,-1.50E-04,-1.52E-04,-1.55E-04,-1.55E-04,-1.55E-04,-1.56E-04,-1.59E-04,-1.64E-04,-1.68E-04,-1.70E-04,-1.74E-04,-1.76E-04,-1.77E-04,-1.77E-04,-1.76E-04,-1.77E-04,-1.76E-04,-1.76E-04,-1.75E-04,-1.76E-04,-1.77E-04,-1.77E-04,-1.78E-04,-1.78E-04,-1.76E-04,-1.76E-04,-1.76E-04,-1.77E-04,-1.76E-04,-1.77E-04,-1.78E-04,-1.79E-04,-1.80E-04,-1.80E-04,-1.80E-04,-1.81E-04,-1.79E-04,-1.78E-04,-1.78E-04,-1.79E-04,-1.79E-04,-1.80E-04,-1.79E-04,-1.78E-04,-1.79E-04,-1.80E-04,-1.82E-04,-1.84E-04,-1.85E-04,-1.86E-04,-1.86E-04,-1.86E-04,-1.85E-04,-1.85E-04,-1.87E-04,-1.90E-04,-1.91E-04,-1.92E-04,-1.92E-04,-1.91E-04,-1.90E-04,-1.88E-04,-1.85E-04,-1.84E-04,-1.86E-04,-1.89E-04,-1.92E-04,-1.93E-04,-1.94E-04,-1.97E-04,-1.98E-04,-1.96E-04,-1.88E-04,-1.70E-04,-1.50E-04,-1.32E-04,-1.18E-04,-1.09E-04,-1.04E-04,-1.04E-04,-1.13E-04,-1.28E-04,-1.44E-04,-1.54E-04,-1.60E-04,-1.66E-04,-1.71E-04,-1.75E-04,-1.75E-04,-1.73E-04,-1.71E-04,-1.70E-04,-1.69E-04,-1.70E-04,-1.73E-04,-1.75E-04,-1.76E-04,-1.77E-04,-1.80E-04,-1.84E-04,-1.88E-04,-1.89E-04,-1.90E-04,-1.87E-04,-1.85E-04,-1.84E-04,-1.83E-04,-1.83E-04,-1.85E-04,-1.87E-04,-1.88E-04,-1.86E-04,-1.84E-04,-1.81E-04,-1.79E-04,-1.78E-04,-1.74E-04,-1.68E-04,-1.63E-04,-1.60E-04,-1.60E-04,-1.60E-04,-1.58E-04,-1.56E-04,-1.54E-04,-1.54E-04,-1.56E-04,-1.57E-04,-1.55E-04,-1.52E-04,-1.50E-04,-1.48E-04,-1.47E-04,-1.46E-04,-1.48E-04,-1.46E-04,-1.40E-04,-1.34E-04,-1.32E-04,-1.33E-04,-1.34E-04,-1.35E-04,-1.33E-04,-1.31E-04,-1.29E-04,-1.26E-04,-1.23E-04,-1.22E-04,-1.21E-04,-1.21E-04,-1.22E-04
169,LFP1,38,0,44.12407804,-1.26E-04,-1.28E-04,-1.28E-04,-1.27E-04,-1.26E-04,-1.28E-04,-1.31E-04,-1.33E-04,-1.36E-04,-1.39E-04,-1.40E-04,-1.40E-04,-1.40E-04,-1.42E-04,-1.45E-04,-1.49E-04,-1.51E-04,-1.53E-04,-1.54E-04,-1.55E-04,-1.57E-04,-1.57E-04,-1.45E-04,-1.30E-04,-1.17E-04,-1.06E-04,-1.01E-04,-1.03E-04,-1.12E-04,-1.24E-04,-1.37E-04,-1.48E-04,-1.56E-04,-1.61E-04,-1.66E-04,-1.67E-04,-1.68E-04,-1.70E-04,-1.70E-04,-1.69E-04,-1.66E-04,-1.63E-04,-1.61E-04,-1.61E-04,-1.64E-04,-1.67E-04,-1.70E-04,-1.72E-04,-1.74E-04,-1.75E-04,-1.76E-04,-1.75E-04,-1.71E-04,-1.67E-04,-1.66E-04,-1.67E-04,-1.69E-04,-1.69E-04,-1.71E-04,-1.73E-04,-1.75E-04,-1.75E-04,-1.75E-04,-1.75E-04,-1.74E-04,-1.72E-04,-1.70E-04,-1.68E-04,-1.67E-04,-1.68E-04,-1.72E-04,-1.79E-04,-1.85E-04,-1.91E-04,-1.94E-04,-1.96E-04,-1.94E-04,-1.92E-04,-1.88E-04,-1.84E-04,-1.79E-04,-1.76E-04,-1.77E-04,-1.79E-04,-1.80E-04,-1.80E-04,-1.79E-04,-1.81E-04,-1.83E-04,-1.81E-04,-1.76E-04,-1.71E-04,-1.67E-04,-1.62E-04,-1.57E-04,-1.56E-04,-1.54E-04,-1.53E-04,-1.51E-04,-1.51E-04,-1.52E-04,-1.52E-04,-1.54E-04,-1.53E-04,-1.52E-04,-1.52E-04,-1.55E-04,-1.58E-04,-1.58E-04,-1.59E-04,-1.61E-04,-1.62E-04,-1.63E-04,-1.64E-04,-1.61E-04,-1.58E-04,-1.59E-04,-1.59E-04,-1.60E-04,-1.61E-04,-1.64E-04,-1.60E-04,-1.44E-04,-1.24E-04,-1.07E-04,-9.70E-05,-8.92E-05,-8.49E-05,-8.86E-05,-1.00E-04,-1.15E-04,-1.30E-04,-1.43E-04,-1.48E-04,-1.49E-04,-1.51E-04,-1.50E-04,-1.48E-04,-1.48E-04,-1.48E-04,-1.48E-04,-1.47E-04,-1.44E-04,-1.41E-04,-1.38E-04,-1.36E-04,-1.33E-04,-1.31E-04,-1.30E-04,-1.30E-04,-1.28E-04,-1.24E-04,-1.22E-04,-1.24E-04,-1.26E-04,-1.27E-04,-1.27E-04,-1.27E-04,-1.29E-04,-1.33E-04,-1.37E-04,-1.41E-04,-1.43E-04,-1.43E-04,-1.45E-04,-1.46E-04,-1.44E-04,-1.41E-04,-1.39E-04,-1.40E-04,-1.41E-04,-1.43E-04,-1.47E-04,-1.49E-04,-1.50E-04,-1.50E-04,-1.50E-04,-1.50E-04,-1.50E-04,-1.50E-04,-1.49E-04,-1.49E-04,-1.50E-04,-1.51E-04,-1.50E-04,-1.49E-04,-1.47E-04,-1.45E-04,-1.47E-04,-1.49E-04,-1.50E-04,-1.49E-04,-1.46E-04,-1.43E-04,-1.43E-04,-1.44E-04,-1.47E-04,-1.48E-04,-1.47E-04,-1.45E-04,-1.42E-04,-1.39E-04,-1.36E-04,-1.36E-04,-1.37E-04,-1.39E-04,-1.42E-04,-1.45E-04,-1.45E-04,-1.45E-04,-1.44E-04,-1.45E-04,-1.48E-04,-1.51E-04,-1.46E-04,-1.32E-04,-1.16E-04,-1.01E-04,-9.13E-05,-8.57E-05,-8.95E-05,-1.00E-04,-1.13E-04,-1.26E-04,-1.38E-04,-1.46E-04,-1.52E-04,-1.55E-04,-1.57E-04,-1.58E-04,-1.59E-04,-1.60E-04,-1.62E-04,-1.63E-04,-1.62E-04,-1.62E-04,-1.64E-04,-1.65E-04,-1.66E-04,-1.67E-04,-1.69E-04,-1.71E-04,-1.75E-04,-1.78E-04,-1.79E-04,-1.76E-04,-1.74E-04,-1.73E-04,-1.72E-04,-1.75E-04,-1.80E-04,-1.80E-04,-1.78E-04,-1.76E-04,-1.76E-04,-1.77E-04
170,LFP1,38,0,44.20796418,-1.78E-04,-1.80E-04,-1.83E-04,-1.83E-04,-1.82E-04,-1.84E-04,-1.91E-04,-2.01E-04,-2.08E-04,-2.10E-04,-2.12E-04,-2.14E-04,-2.16E-04,-2.19E-04,-2.23E-04,-2.26E-04,-2.26E-04,-2.27E-04,-2.28E-04,-2.25E-04,-2.23E-04,-2.23E-04,-2.22E-04,-2.21E-04,-2.24E-04,-2.28E-04,-2.33E-04,-2.37E-04,-2.40E-04,-2.42E-04,-2.43E-04,-2.43E-04,-2.44E-04,-2.45E-04,-2.46E-04,-2.45E-04,-2.44E-04,-2.44E-04,-2.47E-04,-2.49E-04,-2.49E-04,-2.49E-04,-2.49E-04,-2.49E-04,-2.48E-04,-2.47E-04,-2.46E-04,-2.48E-04,-2.51E-04,-2.54E-04,-2.56E-04,-2.56E-04,-2.52E-04,-2.38E-04,-2.19E-04,-2.02E-04,-1.91E-04,-1.84E-04,-1.85E-04,-1.94E-04,-2.10E-04,-2.29E-04,-2.45E-04,-2.56E-04,-2.62E-04,-2.65E-04,-2.65E-04,-2.64E-04,-2.64E-04,-2.65E-04,-2.65E-04,-2.64E-04,-2.63E-04,-2.63E-04,-2.64E-04,-2.63E-04,-2.63E-04,-2.65E-04,-2.65E-04,-2.66E-04,-2.65E-04,-2.64E-04,-2.60E-04,-2.58E-04,-2.58E-04,-2.60E-04,-2.60E-04,-2.62E-04,-2.64E-04,-2.65E-04,-2.66E-04,-2.65E-04,-2.63E-04,-2.65E-04,-2.69E-04,-2.72E-04,-2.71E-04,-2.69E-04,-2.69E-04,-2.68E-04,-2.69E-04,-2.69E-04,-2.69E-04,-2.70E-04,-2.72E-04,-2.73E-04,-2.73E-04,-2.73E-04,-2.71E-04,-2.69E-04,-2.69E-04,-2.68E-04,-2.67E-04,-2.59E-04,-2.49E-04,-2.43E-04,-2.42E-04,-2.43E-04,-2.45E-04,-2.48E-04,-2.48E-04,-2.49E-04,-2.49E-04,-2.47E-04,-2.46E-04,-2.44E-04,-2.42E-04,-2.42E-04,-2.42E-04,-2.43E-04,-2.41E-04,-2.36E-04,-2.33E-04,-2.31E-04,-2.20E-04,-2.02E-04,-1.85E-04,-1.74E-04,-1.71E-04,-1.80E-04,-1.95E-04,-2.10E-04,-2.20E-04,-2.26E-04,-2.29E-04,-2.31E-04,-2.31E-04,-2.32E-04,-2.30E-04,-2.28E-04,-2.26E-04,-2.26E-04,-2.24E-04,-2.23E-04,-2.21E-04,-2.16E-04,-2.12E-04,-2.10E-04,-2.10E-04,-2.13E-04,-2.21E-04,-2.27E-04,-2.31E-04,-2.33E-04,-2.34E-04,-2.33E-04,-2.32E-04,-2.32E-04,-2.32E-04,-2.31E-04,-2.31E-04,-2.32E-04,-2.33E-04,-2.32E-04,-2.33E-04,-2.34E-04,-2.34E-04,-2.34E-04,-2.33E-04,-2.30E-04,-2.30E-04,-2.31E-04,-2.33E-04,-2.32E-04,-2.30E-04,-2.29E-04,-2.29E-04,-2.29E-04,-2.31E-04,-2.32E-04,-2.35E-04,-2.37E-04,-2.39E-04,-2.40E-04,-2.39E-04,-2.39E-04,-2.40E-04,-2.40E-04,-2.42E-04,-2.44E-04,-2.45E-04,-2.44E-04,-2.45E-04,-2.43E-04,-2.40E-04,-2.39E-04,-2.40E-04,-2.42E-04,-2.44E-04,-2.43E-04,-2.40E-04,-2.35E-04,-2.29E-04,-2.24E-04,-2.20E-04,-2.16E-04,-2.10E-04,-2.07E-04,-2.06E-04,-2.05E-04,-2.05E-04,-2.06E-04,-2.07E-04,-2.06E-04,-1.93E-04,-1.74E-04,-1.56E-04,-1.40E-04,-1.28E-04,-1.24E-04,-1.31E-04,-1.44E-04,-1.58E-04,-1.66E-04,-1.69E-04,-1.65E-04,-1.61E-04,-1.61E-04,-1.61E-04,-1.61E-04,-1.61E-04,-1.59E-04,-1.57E-04,-1.58E-04,-1.59E-04,-1.59E-04,-1.58E-04,-1.57E-04,-1.57E-04,-1.58E-04,-1.61E-04,-1.63E-04,-1.65E-04,-1.69E-04,-1.70E-04,-1.71E-04
171,LFP1,38,0,44.29185033,-1.69E-04,-1.70E-04,-1.70E-04,-1.70E-04,-1.71E-04,-1.77E-04,-1.83E-04,-1.88E-04,-1.91E-04,-1.94E-04,-1.97E-04,-2.00E-04,-2.04E-04,-2.07E-04,-2.09E-04,-2.12E-04,-2.13E-04,-2.15E-04,-2.19E-04,-2.23E-04,-2.26E-04,-2.31E-04,-2.33E-04,-2.33E-04,-2.35E-04,-2.38E-04,-2.40E-04,-2.41E-04,-2.39E-04,-2.37E-04,-2.34E-04,-2.33E-04,-2.34E-04,-2.37E-04,-2.41E-04,-2.43E-04,-2.45E-04,-2.48E-04,-2.53E-04,-2.57E-04,-2.60E-04,-2.62E-04,-2.61E-04,-2.56E-04,-2.48E-04,-2.43E-04,-2.41E-04,-2.42E-04,-2.44E-04,-2.45E-04,-2.45E-04,-2.48E-04,-2.51E-04,-2.54E-04,-2.59E-04,-2.64E-04,-2.67E-04,-2.68E-04,-2.67E-04,-2.67E-04,-2.68E-04,-2.67E-04,-2.66E-04,-2.66E-04,-2.65E-04,-2.65E-04,-2.67E-04,-2.68E-04,-2.70E-04,-2.73E-04,-2.74E-04,-2.68E-04,-2.54E-04,-2.38E-04,-2.24E-04,-2.14E-04,-2.07E-04,-2.01E-04,-1.99E-04,-2.06E-04,-2.19E-04,-2.34E-04,-2.45E-04,-2.53E-04,-2.56E-04,-2.56E-04,-2.53E-04,-2.51E-04,-2.48E-04,-2.48E-04,-2.48E-04,-2.48E-04,-2.43E-04,-2.36E-04,-2.28E-04,-2.23E-04,-2.23E-04,-2.24E-04,-2.25E-04,-2.26E-04,-2.25E-04,-2.25E-04,-2.27E-04,-2.29E-04,-2.30E-04,-2.32E-04,-2.35E-04,-2.38E-04,-2.41E-04,-2.43E-04,-2.44E-04,-2.46E-04,-2.47E-04,-2.46E-04,-2.44E-04,-2.43E-04,-2.42E-04,-2.42E-04,-2.42E-04,-2.44E-04,-2.45E-04,-2.46E-04,-2.46E-04,-2.45E-04,-2.44E-04,-2.42E-04,-2.42E-04,-2.42E-04,-2.44E-04,-2.47E-04,-2.50E-04,-2.49E-04,-2.44E-04,-2.42E-04,-2.42E-04,-2.44E-04,-2.45E-04,-2.45E-04,-2.45E-04,-2.46E-04,-2.48E-04,-2.49E-04,-2.49E-04,-2.50E-04,-2.52E-04,-2.53E-04,-2.53E-04,-2.51E-04,-2.49E-04,-2.46E-04,-2.44E-04,-2.43E-04,-2.42E-04,-2.42E-04,-2.43E-04,-2.46E-04,-2.49E-04,-2.51E-04,-2.51E-04,-2.53E-04,-2.55E-04,-2.55E-04,-2.53E-04,-2.52E-04,-2.50E-04,-2.48E-04,-2.47E-04,-2.47E-04,-2.48E-04,-2.51E-04,-2.54E-04,-2.56E-04,-2.59E-04,-2.59E-04,-2.59E-04,-2.56E-04,-2.53E-04,-2.51E-04,-2.51E-04,-2.50E-04,-2.51E-04,-2.54E-04,-2.55E-04,-2.54E-04,-2.51E-04,-2.51E-04,-2.52E-04,-2.52E-04,-2.52E-04,-2.51E-04,-2.51E-04,-2.52E-04,-2.48E-04,-2.32E-04,-2.11E-04,-1.91E-04,-1.76E-04,-1.66E-04,-1.61E-04,-1.61E-04,-1.63E-04,-1.66E-04,-1.69E-04,-1.70E-04,-1.71E-04,-1.70E-04,-1.69E-04,-1.69E-04,-1.71E-04,-1.70E-04,-1.65E-04,-1.62E-04,-1.57E-04,-1.52E-04,-1.49E-04,-1.47E-04,-1.51E-04,-1.61E-04,-1.74E-04,-1.86E-04,-1.85E-04,-1.62E-04,-1.27E-04,-9.40E-05,-6.79E-05,-5.08E-05,-4.43E-05,-4.48E-05,-4.96E-05,-5.54E-05,-5.88E-05,-6.32E-05,-7.02E-05,-7.58E-05,-8.05E-05,-8.53E-05,-9.64E-05,-1.16E-04,-1.39E-04,-1.63E-04,-1.82E-04,-1.94E-04,-2.03E-04,-2.09E-04,-2.15E-04,-2.20E-04,-2.22E-04,-2.22E-04,-2.20E-04,-2.17E-04,-2.17E-04,-2.18E-04,-2.20E-04,-2.23E-04,-2.26E-04,-2.31E-04
172,LFP1,38,0,44.37573624,-2.35E-04,-2.39E-04,-2.41E-04,-2.44E-04,-2.46E-04,-2.48E-04,-2.49E-04,-2.50E-04,-2.52E-04,-2.55E-04,-2.59E-04,-2.62E-04,-2.67E-04,-2.72E-04,-2.77E-04,-2.83E-04,-2.89E-04,-2.96E-04,-3.02E-04,-3.07E-04,-3.11E-04,-3.14E-04,-3.16E-04,-3.18E-04,-3.19E-04,-3.20E-04,-3.22E-04,-3.22E-04,-3.19E-04,-3.15E-04,-3.12E-04,-3.10E-04,-3.10E-04,-3.12E-04,-3.15E-04,-3.19E-04,-3.22E-04,-3.22E-04,-3.21E-04,-3.19E-04,-3.18E-04,-3.16E-04,-3.13E-04,-3.10E-04,-3.08E-04,-3.06E-04,-3.03E-04,-3.00E-04,-2.99E-04,-2.99E-04,-3.00E-04,-3.00E-04,-3.03E-04,-3.08E-04,-3.11E-04,-3.14E-04,-3.17E-04,-3.18E-04,-3.18E-04,-3.16E-04,-3.12E-04,-3.01E-04,-2.89E-04,-2.79E-04,-2.72E-04,-2.69E-04,-2.69E-04,-2.70E-04,-2.75E-04,-2.86E-04,-3.01E-04,-3.15E-04,-3.26E-04,-3.35E-04,-3.41E-04,-3.43E-04,-3.40E-04,-3.35E-04,-3.33E-04,-3.33E-04,-3.32E-04,-3.32E-04,-3.33E-04,-3.35E-04,-3.39E-04,-3.42E-04,-3.46E-04,-3.49E-04,-3.50E-04,-3.50E-04,-3.48E-04,-3.47E-04,-3.47E-04,-3.46E-04,-3.45E-04,-3.45E-04,-3.46E-04,-3.48E-04,-3.50E-04,-3.51E-04,-3.53E-04,-3.53E-04,-3.52E-04,-3.52E-04,-3.55E-04,-3.58E-04,-3.62E-04,-3.66E-04,-3.69E-04,-3.71E-04,-3.74E-04,-3.76E-04,-3.77E-04,-3.80E-04,-3.83E-04,-3.87E-04,-3.92E-04,-3.96E-04,-4.00E-04,-4.04E-04,-4.06E-04,-4.07E-04,-4.07E-04,-4.08E-04,-4.10E-04,-4.12E-04,-4.13E-04,-4.12E-04,-4.10E-04,-4.10E-04,-4.11E-04,-4.12E-04,-4.12E-04,-4.09E-04,-4.06E-04,-4.03E-04,-4.04E-04,-4.07E-04,-4.10E-04,-4.11E-04,-4.11E-04,-4.11E-04,-4.13E-04,-4.11E-04,-4.02E-04,-3.90E-04,-3.77E-04,-3.66E-04,-3.59E-04,-3.64E-04,-3.77E-04,-3.92E-04,-4.06E-04,-4.20E-04,-4.33E-04,-4.43E-04,-4.48E-04,-4.52E-04,-4.54E-04,-4.55E-04,-4.58E-04,-4.61E-04,-4.64E-04,-4.66E-04,-4.68E-04,-4.70E-04,-4.69E-04,-4.68E-04,-4.68E-04,-4.70E-04,-4.72E-04,-4.74E-04,-4.75E-04,-4.75E-04,-4.76E-04,-4.79E-04,-4.82E-04,-4.84E-04,-4.84E-04,-4.86E-04,-4.88E-04,-4.89E-04,-4.89E-04,-4.87E-04,-4.85E-04,-4.83E-04,-4.81E-04,-4.81E-04,-4.82E-04,-4.84E-04,-4.85E-04,-4.87E-04,-4.89E-04,-4.90E-04,-4.91E-04,-4.92E-04,-4.93E-04,-4.94E-04,-4.97E-04,-4.98E-04,-4.96E-04,-4.94E-04,-4.93E-04,-4.93E-04,-4.94E-04,-4.96E-04,-4.97E-04,-4.97E-04,-4.97E-04,-4.96E-04,-4.97E-04,-4.99E-04,-5.00E-04,-5.00E-04,-5.01E-04,-5.04E-04,-5.08E-04,-5.10E-04,-5.12E-04,-5.12E-04,-5.12E-04,-5.13E-04,-5.14E-04,-5.14E-04,-5.13E-04,-5.13E-04,-5.15E-04,-5.13E-04,-5.12E-04,-5.07E-04,-4.93E-04,-4.77E-04,-4.60E-04,-4.47E-04,-4.39E-04,-4.39E-04,-4.44E-04,-4.53E-04,-4.63E-04,-4.71E-04,-4.78E-04,-4.85E-04,-4.90E-04,-4.91E-04,-4.90E-04,-4.89E-04,-4.88E-04,-4.87E-04,-4.84E-04,-4.81E-04,-4.82E-04,-4.83E-04,-4.85E-04,-4.87E-04,-4.92E-04,-4.93E-04
173,LFP1,38,0,44.45962238,-4.93E-04,-4.92E-04,-4.92E-04,-4.92E-04,-4.90E-04,-4.90E-04,-4.89E-04,-4.88E-04,-4.87E-04,-4.86E-04,-4.87E-04,-4.90E-04,-4.91E-04,-4.92E-04,-4.94E-04,-4.97E-04,-4.99E-04,-5.02E-04,-5.04E-04,-5.06E-04,-5.08E-04,-5.11E-04,-5.12E-04,-5.11E-04,-5.08E-04,-5.01E-04,-4.96E-04,-4.96E-04,-4.97E-04,-4.99E-04,-5.00E-04,-5.01E-04,-4.99E-04,-4.97E-04,-4.99E-04,-5.02E-04,-5.03E-04,-5.04E-04,-5.03E-04,-5.02E-04,-4.99E-04,-4.96E-04,-4.93E-04,-4.90E-04,-4.89E-04,-4.89E-04,-4.90E-04,-4.91E-04,-4.90E-04,-4.88E-04,-4.88E-04,-4.87E-04,-4.87E-04,-4.89E-04,-4.88E-04,-4.88E-04,-4.89E-04,-4.89E-04,-4.83E-04,-4.77E-04,-4.66E-04,-4.49E-04,-4.31E-04,-4.16E-04,-4.03E-04,-3.94E-04,-3.93E-04,-3.99E-04,-4.10E-04,-4.22E-04,-4.31E-04,-4.40E-04,-4.46E-04,-4.51E-04,-4.53E-04,-4.53E-04,-4.51E-04,-4.49E-04,-4.47E-04,-4.45E-04,-4.44E-04,-4.41E-04,-4.37E-04,-4.35E-04,-4.34E-04,-4.35E-04,-4.36E-04,-4.36E-04,-4.32E-04,-4.25E-04,-4.21E-04,-4.18E-04,-4.16E-04,-4.14E-04,-4.11E-04,-4.08E-04,-4.08E-04,-4.07E-04,-4.07E-04,-4.08E-04,-4.07E-04,-4.06E-04,-4.04E-04,-4.02E-04,-4.02E-04,-4.02E-04,-3.99E-04,-3.96E-04,-3.93E-04,-3.90E-04,-3.86E-04,-3.83E-04,-3.83E-04,-3.85E-04,-3.86E-04,-3.87E-04,-3.86E-04,-3.84E-04,-3.81E-04,-3.77E-04,-3.72E-04,-3.68E-04,-3.67E-04,-3.66E-04,-3.63E-04,-3.58E-04,-3.52E-04,-3.48E-04,-3.46E-04,-3.45E-04,-3.43E-04,-3.40E-04,-3.37E-04,-3.35E-04,-3.32E-04,-3.31E-04,-3.30E-04,-3.31E-04,-3.31E-04,-3.29E-04,-3.27E-04,-3.27E-04,-3.19E-04,-3.03E-04,-2.83E-04,-2.66E-04,-2.54E-04,-2.46E-04,-2.48E-04,-2.58E-04,-2.70E-04,-2.84E-04,-2.96E-04,-3.04E-04,-3.10E-04,-3.13E-04,-3.13E-04,-3.12E-04,-3.09E-04,-3.07E-04,-3.07E-04,-3.07E-04,-3.07E-04,-3.07E-04,-3.05E-04,-3.04E-04,-3.03E-04,-3.04E-04,-3.06E-04,-3.08E-04,-3.09E-04,-3.08E-04,-3.06E-04,-3.08E-04,-3.09E-04,-3.07E-04,-3.05E-04,-3.05E-04,-3.05E-04,-3.04E-04,-3.03E-04,-3.03E-04,-3.03E-04,-3.03E-04,-3.04E-04,-3.02E-04,-3.01E-04,-2.98E-04,-2.94E-04,-2.94E-04,-2.93E-04,-2.90E-04,-2.88E-04,-2.88E-04,-2.85E-04,-2.81E-04,-2.79E-04,-2.78E-04,-2.77E-04,-2.73E-04,-2.69E-04,-2.65E-04,-2.61E-04,-2.58E-04,-2.57E-04,-2.56E-04,-2.57E-04,-2.56E-04,-2.54E-04,-2.52E-04,-2.52E-04,-2.50E-04,-2.48E-04,-2.47E-04,-2.45E-04,-2.42E-04,-2.40E-04,-2.39E-04,-2.38E-04,-2.38E-04,-2.37E-04,-2.36E-04,-2.33E-04,-2.32E-04,-2.32E-04,-2.31E-04,-2.31E-04,-2.31E-04,-2.30E-04,-2.27E-04,-2.24E-04,-2.20E-04,-2.18E-04,-2.17E-04,-2.16E-04,-2.18E-04,-2.14E-04,-2.01E-04,-1.83E-04,-1.65E-04,-1.54E-04,-1.47E-04,-1.43E-04,-1.41E-04,-1.44E-04,-1.49E-04,-1.56E-04,-1.63E-04,-1.68E-04,-1.71E-04,-1.69E-04,-1.67E-04,-1.65E-04,-1.64E-04,-1.63E-04,-1.60E-04
174,LFP1,38,0,44.54350853,-1.57E-04,-1.54E-04,-1.49E-04,-1.42E-04,-1.35E-04,-1.29E-04,-1.25E-04,-1.23E-04,-1.21E-04,-1.19E-04,-1.17E-04,-1.18E-04,-1.18E-04,-1.19E-04,-1.18E-04,-1.15E-04,-1.12E-04,-1.11E-04,-1.10E-04,-1.09E-04,-1.06E-04,-1.02E-04,-1.00E-04,-9.97E-05,-1.01E-04,-1.01E-04,-9.60E-05,-9.15E-05,-8.84E-05,-8.80E-05,-8.89E-05,-8.86E-05,-8.82E-05,-8.65E-05,-8.52E-05,-8.44E-05,-8.13E-05,-7.80E-05,-7.44E-05,-7.23E-05,-6.91E-05,-6.62E-05,-6.32E-05,-6.04E-05,-5.61E-05,-5.30E-05,-5.24E-05,-5.27E-05,-5.37E-05,-5.54E-05,-5.71E-05,-5.92E-05,-6.12E-05,-5.77E-05,-5.19E-05,-5.02E-05,-4.93E-05,-4.84E-05,-4.74E-05,-4.55E-05,-4.33E-05,-3.85E-05,-3.00E-05,-2.35E-05,-2.08E-05,-1.80E-05,-5.38E-06,1.22E-05,2.74E-05,3.94E-05,4.74E-05,5.10E-05,4.94E-05,4.17E-05,3.12E-05,2.07E-05,1.26E-05,5.89E-06,2.62E-06,2.73E-06,3.60E-06,4.43E-06,5.17E-06,6.15E-06,7.66E-06,8.29E-06,1.03E-05,1.16E-05,1.37E-05,1.58E-05,1.76E-05,1.73E-05,1.72E-05,1.60E-05,1.53E-05,1.58E-05,1.76E-05,1.81E-05,2.02E-05,2.22E-05,2.29E-05,2.35E-05,2.53E-05,2.71E-05,2.86E-05,3.13E-05,3.49E-05,3.92E-05,4.36E-05,4.68E-05,4.93E-05,4.92E-05,4.81E-05,4.57E-05,4.40E-05,4.27E-05,4.22E-05,4.17E-05,4.16E-05,4.26E-05,4.39E-05,4.42E-05,4.72E-05,5.13E-05,5.49E-05,5.63E-05,5.71E-05,5.75E-05,5.96E-05,6.09E-05,6.29E-05,6.61E-05,6.88E-05,6.88E-05,6.78E-05,6.63E-05,6.67E-05,6.83E-05,7.39E-05,7.88E-05,8.16E-05,8.38E-05,8.53E-05,8.54E-05,8.62E-05,8.68E-05,8.78E-05,9.13E-05,9.75E-05,1.02E-04,1.05E-04,1.05E-04,1.03E-04,1.00E-04,1.01E-04,1.13E-04,1.33E-04,1.52E-04,1.67E-04,1.76E-04,1.79E-04,1.77E-04,1.71E-04,1.60E-04,1.47E-04,1.35E-04,1.28E-04,1.24E-04,1.23E-04,1.24E-04,1.28E-04,1.30E-04,1.29E-04,1.29E-04,1.29E-04,1.30E-04,1.30E-04,1.30E-04,1.30E-04,1.31E-04,1.32E-04,1.32E-04,1.30E-04,1.29E-04,1.28E-04,1.27E-04,1.25E-04,1.26E-04,1.29E-04,1.31E-04,1.29E-04,1.27E-04,1.25E-04,1.25E-04,1.25E-04,1.24E-04,1.24E-04,1.26E-04,1.26E-04,1.27E-04,1.27E-04,1.27E-04,1.27E-04,1.28E-04,1.29E-04,1.29E-04,1.29E-04,1.28E-04,1.25E-04,1.23E-04,1.25E-04,1.26E-04,1.26E-04,1.28E-04,1.30E-04,1.31E-04,1.31E-04,1.30E-04,1.30E-04,1.29E-04,1.32E-04,1.34E-04,1.35E-04,1.36E-04,1.36E-04,1.36E-04,1.37E-04,1.38E-04,1.40E-04,1.41E-04,1.42E-04,1.45E-04,1.46E-04,1.47E-04,1.50E-04,1.52E-04,1.52E-04,1.53E-04,1.53E-04,1.51E-04,1.50E-04,1.50E-04,1.51E-04,1.54E-04,1.62E-04,1.75E-04,1.88E-04,1.97E-04,2.02E-04,2.04E-04,1.99E-04,1.87E-04,1.77E-04,1.68E-04,1.59E-04,1.50E-04
175,LFP1,38,0,44.62739468,1.44E-04,1.42E-04,1.42E-04,1.42E-04,1.40E-04,1.39E-04,1.37E-04,1.34E-04,1.34E-04,1.36E-04,1.39E-04,1.41E-04,1.44E-04,1.46E-04,1.48E-04,1.49E-04,1.49E-04,1.49E-04,1.51E-04,1.49E-04,1.48E-04,1.50E-04,1.56E-04,1.63E-04,1.69E-04,1.71E-04,1.72E-04,1.72E-04,1.72E-04,1.73E-04,1.73E-04,1.73E-04,1.71E-04,1.67E-04,1.62E-04,1.58E-04,1.55E-04,1.56E-04,1.59E-04,1.64E-04,1.68E-04,1.67E-04,1.67E-04,1.68E-04,1.68E-04,1.69E-04,1.69E-04,1.70E-04,1.68E-04,1.67E-04,1.66E-04,1.64E-04,1.63E-04,1.63E-04,1.68E-04,1.75E-04,1.83E-04,1.92E-04,2.01E-04,2.09E-04,2.16E-04,2.21E-04,2.24E-04,2.24E-04,2.25E-04,2.27E-04,2.28E-04,2.31E-04,2.35E-04,2.38E-04,2.41E-04,2.44E-04,2.45E-04,2.47E-04,2.51E-04,2.56E-04,2.59E-04,2.60E-04,2.60E-04,2.62E-04,2.63E-04,2.62E-04,2.63E-04,2.67E-04,2.72E-04,2.76E-04,2.79E-04,2.81E-04,2.82E-04,2.82E-04,2.80E-04,2.78E-04,2.78E-04,2.80E-04,2.86E-04,2.91E-04,2.96E-04,2.99E-04,2.99E-04,2.98E-04,2.96E-04,2.93E-04,2.94E-04,2.97E-04,3.00E-04,3.03E-04,3.04E-04,3.01E-04,2.99E-04,3.02E-04,3.05E-04,3.08E-04,3.20E-04,3.37E-04,3.54E-04,3.67E-04,3.76E-04,3.80E-04,3.81E-04,3.78E-04,3.71E-04,3.64E-04,3.56E-04,3.43E-04,3.28E-04,3.11E-04,2.99E-04,2.93E-04,2.91E-04,2.89E-04,2.87E-04,2.84E-04,2.84E-04,2.82E-04,2.78E-04,2.76E-04,2.75E-04,2.77E-04,2.79E-04,2.83E-04,2.86E-04,2.88E-04,2.89E-04,2.88E-04,2.87E-04,2.88E-04,2.88E-04,2.87E-04,2.86E-04,2.92E-04,3.16E-04,3.46E-04,3.73E-04,3.91E-04,4.02E-04,4.06E-04,4.06E-04,4.03E-04,3.98E-04,3.92E-04,3.84E-04,3.77E-04,3.71E-04,3.66E-04,3.61E-04,3.58E-04,3.54E-04,3.42E-04,3.24E-04,3.04E-04,2.88E-04,2.77E-04,2.70E-04,2.67E-04,2.69E-04,2.72E-04,2.74E-04,2.77E-04,2.82E-04,2.86E-04,2.87E-04,2.87E-04,2.86E-04,2.83E-04,2.81E-04,2.82E-04,2.80E-04,2.79E-04,2.79E-04,2.78E-04,2.77E-04,2.75E-04,2.72E-04,2.70E-04,2.68E-04,2.66E-04,2.65E-04,2.64E-04,2.64E-04,2.63E-04,2.58E-04,2.53E-04,2.49E-04,2.43E-04,2.37E-04,2.38E-04,2.49E-04,2.63E-04,2.75E-04,2.82E-04,2.85E-04,2.82E-04,2.72E-04,2.59E-04,2.47E-04,2.37E-04,2.31E-04,2.26E-04,2.24E-04,2.24E-04,2.24E-04,2.27E-04,2.33E-04,2.38E-04,2.42E-04,2.45E-04,2.48E-04,2.51E-04,2.52E-04,2.53E-04,2.55E-04,2.55E-04,2.54E-04,2.52E-04,2.53E-04,2.54E-04,2.54E-04,2.53E-04,2.53E-04,2.53E-04,2.52E-04,2.51E-04,2.49E-04,2.47E-04,2.44E-04,2.41E-04,2.38E-04,2.36E-04,2.34E-04,2.34E-04,2.35E-04,2.32E-04,2.26E-04,2.23E-04,2.21E-04,2.20E-04
176,LFP1,38,0,44.71128058,2.18E-04,2.16E-04,2.15E-04,2.14E-04,2.13E-04,2.10E-04,2.06E-04,2.03E-04,2.04E-04,2.06E-04,2.09E-04,2.11E-04,2.11E-04,2.13E-04,2.14E-04,2.17E-04,2.16E-04,2.15E-04,2.15E-04,2.16E-04,2.20E-04,2.24E-04,2.27E-04,2.31E-04,2.31E-04,2.31E-04,2.31E-04,2.31E-04,2.31E-04,2.31E-04,2.31E-04,2.31E-04,2.31E-04,2.32E-04,2.33E-04,2.36E-04,2.38E-04,2.40E-04,2.38E-04,2.33E-04,2.30E-04,2.31E-04,2.32E-04,2.33E-04,2.33E-04,2.33E-04,2.33E-04,2.32E-04,2.34E-04,2.43E-04,2.56E-04,2.68E-04,2.77E-04,2.82E-04,2.83E-04,2.81E-04,2.79E-04,2.73E-04,2.63E-04,2.51E-04,2.40E-04,2.33E-04,2.30E-04,2.29E-04,2.33E-04,2.39E-04,2.43E-04,2.46E-04,2.48E-04,2.49E-04,2.48E-04,2.48E-04,2.49E-04,2.50E-04,2.49E-04,2.48E-04,2.49E-04,2.52E-04,2.61E-04,2.71E-04,2.77E-04,2.80E-04,2.78E-04,2.74E-04,2.70E-04,2.68E-04,2.67E-04,2.67E-04,2.64E-04,2.62E-04,2.59E-04,2.57E-04,2.56E-04,2.58E-04,2.64E-04,2.72E-04,2.76E-04,2.77E-04,2.76E-04,2.71E-04,2.70E-04,2.71E-04,2.72E-04,2.70E-04,2.69E-04,2.67E-04,2.63E-04,2.59E-04,2.57E-04,2.59E-04,2.67E-04,2.77E-04,2.84E-04,2.88E-04,2.89E-04,2.89E-04,2.88E-04,2.87E-04,2.89E-04,2.93E-04,2.97E-04,3.00E-04,3.01E-04,3.03E-04,3.03E-04,3.02E-04,3.02E-04,3.03E-04,3.06E-04,3.08E-04,3.08E-04,3.12E-04,3.21E-04,3.29E-04,3.31E-04,3.28E-04,3.24E-04,3.21E-04,3.19E-04,3.22E-04,3.32E-04,3.44E-04,3.57E-04,3.67E-04,3.73E-04,3.72E-04,3.61E-04,3.48E-04,3.34E-04,3.25E-04,3.26E-04,3.31E-04,3.34E-04,3.35E-04,3.33E-04,3.30E-04,3.28E-04,3.24E-04,3.21E-04,3.23E-04,3.25E-04,3.24E-04,3.24E-04,3.23E-04,3.24E-04,3.28E-04,3.33E-04,3.38E-04,3.45E-04,3.54E-04,3.61E-04,3.65E-04,3.66E-04,3.66E-04,3.64E-04,3.61E-04,3.58E-04,3.57E-04,3.56E-04,3.54E-04,3.52E-04,3.50E-04,3.48E-04,3.46E-04,3.45E-04,3.51E-04,3.59E-04,3.63E-04,3.64E-04,3.60E-04,3.54E-04,3.52E-04,3.52E-04,3.52E-04,3.53E-04,3.54E-04,3.52E-04,3.49E-04,3.47E-04,3.44E-04,3.41E-04,3.39E-04,3.37E-04,3.36E-04,3.37E-04,3.40E-04,3.44E-04,3.46E-04,3.46E-04,3.46E-04,3.48E-04,3.56E-04,3.66E-04,3.74E-04,3.78E-04,3.77E-04,3.74E-04,3.69E-04,3.63E-04,3.59E-04,3.55E-04,3.50E-04,3.48E-04,3.52E-04,3.63E-04,3.79E-04,3.94E-04,4.05E-04,4.14E-04,4.17E-04,4.14E-04,4.07E-04,3.96E-04,3.84E-04,3.75E-04,3.70E-04,3.68E-04,3.64E-04,3.61E-04,3.61E-04,3.63E-04,3.64E-04,3.66E-04,3.69E-04,3.76E-04,3.83E-04,3.86E-04,3.86E-04,3.83E-04,3.79E-04,3.73E-04,3.68E-04,3.64E-04,3.61E-04,3.61E-04,3.63E-04
177,LFP1,38,0,44.79516673,3.65E-04,3.68E-04,3.74E-04,3.84E-04,3.95E-04,4.02E-04,4.04E-04,4.02E-04,3.97E-04,3.91E-04,3.86E-04,3.83E-04,3.81E-04,3.81E-04,3.83E-04,3.85E-04,3.87E-04,3.89E-04,3.90E-04,3.91E-04,3.90E-04,3.91E-04,3.97E-04,4.07E-04,4.16E-04,4.23E-04,4.26E-04,4.25E-04,4.22E-04,4.18E-04,4.12E-04,4.06E-04,4.01E-04,4.00E-04,4.01E-04,4.02E-04,4.03E-04,4.02E-04,4.02E-04,4.03E-04,4.03E-04,4.03E-04,4.07E-04,4.15E-04,4.23E-04,4.28E-04,4.28E-04,4.23E-04,4.18E-04,4.15E-04,4.10E-04,4.06E-04,4.02E-04,3.98E-04,3.95E-04,4.02E-04,4.16E-04,4.32E-04,4.43E-04,4.50E-04,4.56E-04,4.56E-04,4.50E-04,4.43E-04,4.37E-04,4.30E-04,4.21E-04,4.15E-04,4.08E-04,4.03E-04,4.01E-04,4.04E-04,4.09E-04,4.13E-04,4.16E-04,4.17E-04,4.15E-04,4.14E-04,4.10E-04,4.09E-04,4.16E-04,4.26E-04,4.30E-04,4.29E-04,4.26E-04,4.24E-04,4.23E-04,4.20E-04,4.16E-04,4.12E-04,4.10E-04,4.10E-04,4.10E-04,4.08E-04,4.06E-04,4.05E-04,4.05E-04,4.07E-04,4.13E-04,4.18E-04,4.20E-04,4.19E-04,4.16E-04,4.13E-04,4.10E-04,4.05E-04,4.02E-04,3.99E-04,3.99E-04,4.00E-04,3.98E-04,3.97E-04,3.95E-04,3.95E-04,3.96E-04,3.96E-04,3.98E-04,4.00E-04,4.02E-04,4.03E-04,4.03E-04,4.02E-04,4.00E-04,3.98E-04,3.98E-04,3.98E-04,3.99E-04,3.99E-04,3.99E-04,3.99E-04,4.00E-04,3.98E-04,3.97E-04,3.98E-04,3.98E-04,4.00E-04,4.01E-04,4.03E-04,4.05E-04,4.12E-04,4.23E-04,4.36E-04,4.48E-04,4.57E-04,4.60E-04,4.54E-04,4.40E-04,4.25E-04,4.12E-04,4.04E-04,3.95E-04,3.87E-04,3.78E-04,3.74E-04,3.72E-04,3.73E-04,3.73E-04,3.72E-04,3.72E-04,3.70E-04,3.67E-04,3.62E-04,3.58E-04,3.58E-04,3.58E-04,3.58E-04,3.59E-04,3.58E-04,3.56E-04,3.56E-04,3.56E-04,3.56E-04,3.53E-04,3.49E-04,3.47E-04,3.44E-04,3.41E-04,3.41E-04,3.40E-04,3.38E-04,3.34E-04,3.30E-04,3.27E-04,3.23E-04,3.20E-04,3.16E-04,3.15E-04,3.13E-04,3.13E-04,3.11E-04,3.07E-04,3.03E-04,3.00E-04,2.96E-04,2.93E-04,2.90E-04,2.86E-04,2.84E-04,2.82E-04,2.78E-04,2.74E-04,2.71E-04,2.72E-04,2.74E-04,2.76E-04,2.75E-04,2.75E-04,2.74E-04,2.72E-04,2.70E-04,2.69E-04,2.68E-04,2.66E-04,2.63E-04,2.62E-04,2.61E-04,2.60E-04,2.60E-04,2.60E-04,2.57E-04,2.56E-04,2.55E-04,2.53E-04,2.52E-04,2.59E-04,2.74E-04,2.89E-04,2.99E-04,3.06E-04,3.07E-04,3.04E-04,2.93E-04,2.79E-04,2.64E-04,2.53E-04,2.45E-04,2.40E-04,2.39E-04,2.39E-04,2.40E-04,2.40E-04,2.37E-04,2.36E-04,2.36E-04,2.37E-04,2.36E-04,2.32E-04,2.31E-04,2.31E-04,2.32E-04,2.31E-04,2.29E-04,2.29E-04,2.31E-04,2.32E-04,2.32E-04
178,LFP1,38,0,44.87905288,2.30E-04,2.26E-04,2.22E-04,2.19E-04,2.18E-04,2.18E-04,2.19E-04,2.18E-04,2.17E-04,2.16E-04,2.15E-04,2.15E-04,2.14E-04,2.13E-04,2.11E-04,2.09E-04,2.08E-04,2.08E-04,2.06E-04,2.08E-04,2.12E-04,2.14E-04,2.13E-04,2.12E-04,2.11E-04,2.10E-04,2.11E-04,2.11E-04,2.11E-04,2.11E-04,2.11E-04,2.08E-04,2.04E-04,2.03E-04,2.00E-04,2.00E-04,2.01E-04,2.03E-04,2.06E-04,2.08E-04,2.08E-04,2.07E-04,2.06E-04,2.07E-04,2.09E-04,2.10E-04,2.10E-04,2.12E-04,2.14E-04,2.18E-04,2.20E-04,2.21E-04,2.18E-04,2.15E-04,2.11E-04,2.09E-04,2.08E-04,2.08E-04,2.08E-04,2.11E-04,2.22E-04,2.38E-04,2.52E-04,2.63E-04,2.68E-04,2.72E-04,2.73E-04,2.69E-04,2.60E-04,2.51E-04,2.41E-04,2.32E-04,2.26E-04,2.22E-04,2.21E-04,2.21E-04,2.21E-04,2.20E-04,2.19E-04,2.18E-04,2.19E-04,2.18E-04,2.17E-04,2.17E-04,2.16E-04,2.17E-04,2.19E-04,2.22E-04,2.23E-04,2.21E-04,2.19E-04,2.19E-04,2.19E-04,2.20E-04,2.22E-04,2.22E-04,2.21E-04,2.21E-04,2.22E-04,2.20E-04,2.17E-04,2.14E-04,2.09E-04,2.06E-04,2.04E-04,2.03E-04,2.02E-04,2.04E-04,2.04E-04,2.02E-04,2.01E-04,2.02E-04,2.01E-04,1.98E-04,1.97E-04,1.96E-04,1.95E-04,1.94E-04,1.95E-04,1.97E-04,1.98E-04,1.98E-04,1.97E-04,1.98E-04,1.98E-04,1.98E-04,1.97E-04,1.95E-04,1.93E-04,1.93E-04,1.95E-04,1.96E-04,1.96E-04,1.96E-04,1.97E-04,1.98E-04,1.99E-04,2.01E-04,2.03E-04,2.07E-04,2.19E-04,2.35E-04,2.50E-04,2.59E-04,2.62E-04,2.55E-04,2.41E-04,2.27E-04,2.16E-04,2.10E-04,2.10E-04,2.11E-04,2.10E-04,2.09E-04,2.08E-04,2.09E-04,2.10E-04,2.10E-04,2.10E-04,2.10E-04,2.10E-04,2.09E-04,2.09E-04,2.09E-04,2.10E-04,2.11E-04,2.10E-04,2.10E-04,2.10E-04,2.12E-04,2.13E-04,2.14E-04,2.14E-04,2.13E-04,2.12E-04,2.10E-04,2.08E-04,2.07E-04,2.07E-04,2.08E-04,2.09E-04,2.09E-04,2.09E-04,2.10E-04,2.10E-04,2.09E-04,2.06E-04,2.05E-04,2.05E-04,2.06E-04,2.08E-04,2.10E-04,2.10E-04,2.10E-04,2.08E-04,2.06E-04,2.05E-04,2.05E-04,2.04E-04,2.05E-04,2.05E-04,2.06E-04,2.06E-04,2.08E-04,2.08E-04,2.08E-04,2.07E-04,2.06E-04,2.04E-04,2.03E-04,2.02E-04,2.02E-04,2.02E-04,2.01E-04,2.00E-04,1.98E-04,1.97E-04,1.97E-04,1.97E-04,2.02E-04,2.13E-04,2.27E-04,2.42E-04,2.55E-04,2.62E-04,2.59E-04,2.48E-04,2.33E-04,2.19E-04,2.08E-04,2.01E-04,1.97E-04,1.97E-04,1.98E-04,1.98E-04,1.94E-04,1.91E-04,1.90E-04,1.90E-04,1.91E-04,1.94E-04,1.95E-04,1.96E-04,1.96E-04,1.94E-04,1.92E-04,1.90E-04,1.89E-04,1.86E-04,1.83E-04,1.83E-04,1.82E-04,1.82E-04,1.83E-04,1.81E-04,1.77E-04
179,LFP1,38,0,44.96293879,1.73E-04,1.71E-04,1.72E-04,1.71E-04,1.69E-04,1.68E-04,1.68E-04,1.68E-04,1.66E-04,1.65E-04,1.62E-04,1.61E-04,1.59E-04,1.59E-04,1.61E-04,1.61E-04,1.62E-04,1.63E-04,1.66E-04,1.67E-04,1.66E-04,1.61E-04,1.54E-04,1.49E-04,1.47E-04,1.48E-04,1.51E-04,1.54E-04,1.55E-04,1.55E-04,1.54E-04,1.54E-04,1.53E-04,1.52E-04,1.49E-04,1.47E-04,1.48E-04,1.51E-04,1.53E-04,1.54E-04,1.56E-04,1.57E-04,1.58E-04,1.58E-04,1.59E-04,1.58E-04,1.59E-04,1.60E-04,1.60E-04,1.61E-04,1.60E-04,1.60E-04,1.70E-04,1.97E-04,2.31E-04,2.62E-04,2.82E-04,2.94E-04,2.99E-04,2.97E-04,2.91E-04,2.84E-04,2.78E-04,2.72E-04,2.67E-04,2.63E-04,2.64E-04,2.75E-04,2.83E-04,2.85E-04,2.80E-04,2.72E-04,2.61E-04,2.51E-04,2.42E-04,2.32E-04,2.19E-04,2.07E-04,1.98E-04,1.94E-04,1.93E-04,1.94E-04,1.95E-04,2.00E-04,2.05E-04,2.09E-04,2.11E-04,2.14E-04,2.16E-04,2.16E-04,2.16E-04,2.14E-04,2.12E-04,2.10E-04,2.08E-04,2.05E-04,2.03E-04,2.01E-04,1.99E-04,1.96E-04,1.94E-04,1.93E-04,1.92E-04,1.93E-04,1.95E-04,1.95E-04,1.93E-04,1.90E-04,1.88E-04,1.88E-04,1.87E-04,1.85E-04,1.84E-04,1.83E-04,1.83E-04,1.80E-04,1.77E-04,1.77E-04,1.79E-04,1.83E-04,1.88E-04,1.92E-04,1.93E-04,1.92E-04,1.91E-04,1.91E-04,1.94E-04,1.97E-04,2.00E-04,2.04E-04,2.07E-04,2.09E-04,2.11E-04,2.14E-04,2.17E-04,2.21E-04,2.26E-04,2.30E-04,2.30E-04,2.30E-04,2.29E-04,2.28E-04,2.27E-04,2.26E-04,2.24E-04,2.22E-04,2.21E-04,2.23E-04,2.25E-04,2.24E-04,2.24E-04,2.23E-04,2.21E-04,2.19E-04,2.18E-04,2.18E-04,2.20E-04,2.30E-04,2.42E-04,2.52E-04,2.59E-04,2.63E-04,2.63E-04,2.56E-04,2.44E-04,2.32E-04,2.24E-04,2.19E-04,2.16E-04,2.16E-04,2.15E-04,2.15E-04,2.17E-04,2.16E-04,2.16E-04,2.17E-04,2.21E-04,2.26E-04,2.29E-04,2.32E-04,2.33E-04,2.35E-04,2.37E-04,2.39E-04,2.40E-04,2.40E-04,2.43E-04,2.47E-04,2.51E-04,2.54E-04,2.53E-04,2.54E-04,2.55E-04,2.55E-04,2.55E-04,2.54E-04,2.53E-04,2.51E-04,2.49E-04,2.49E-04,2.48E-04,2.46E-04,2.46E-04,2.48E-04,2.51E-04,2.52E-04,2.49E-04,2.46E-04,2.45E-04,2.46E-04,2.45E-04,2.42E-04,2.40E-04,2.39E-04,2.37E-04,2.36E-04,2.38E-04,2.39E-04,2.43E-04,2.46E-04,2.48E-04,2.50E-04,2.55E-04,2.59E-04,2.60E-04,2.59E-04,2.60E-04,2.61E-04,2.62E-04,2.62E-04,2.64E-04,2.67E-04,2.69E-04,2.71E-04,2.73E-04,2.80E-04,2.95E-04,3.09E-04,3.22E-04,3.30E-04,3.30E-04,3.22E-04,3.13E-04,3.03E-04,2.93E-04,2.87E-04,2.84E-04,2.81E-04,2.78E-04,2.76E-04,2.76E-04,2.79E-04,2.83E-04,2.85E-04,2.85E-04,2.83E-04
180,LFP1,38,0,45.04682493,2.81E-04,2.79E-04,2.77E-04,2.74E-04,2.72E-04,2.72E-04,2.71E-04,2.70E-04,2.71E-04,2.71E-04,2.72E-04,2.73E-04,2.74E-04,2.74E-04,2.73E-04,2.70E-04,2.69E-04,2.69E-04,2.72E-04,2.71E-04,2.67E-04,2.66E-04,2.64E-04,2.62E-04,2.61E-04,2.62E-04,2.65E-04,2.66E-04,2.66E-04,2.66E-04,2.69E-04,2.70E-04,2.72E-04,2.72E-04,2.72E-04,2.74E-04,2.77E-04,2.79E-04,2.80E-04,2.80E-04,2.79E-04,2.76E-04,2.70E-04,2.67E-04,2.66E-04,2.66E-04,2.68E-04,2.69E-04,2.70E-04,2.70E-04,2.70E-04,2.69E-04,2.69E-04,2.70E-04,2.70E-04,2.65E-04,2.62E-04,2.60E-04,2.58E-04,2.57E-04,2.55E-04,2.54E-04,2.56E-04,2.59E-04,2.62E-04,2.62E-04,2.62E-04,2.62E-04,2.61E-04,2.60E-04,2.59E-04,2.60E-04,2.70E-04,2.88E-04,3.04E-04,3.16E-04,3.24E-04,3.28E-04,3.30E-04,3.29E-04,3.21E-04,3.11E-04,3.03E-04,2.95E-04,2.91E-04,2.88E-04,2.85E-04,2.83E-04,2.84E-04,2.86E-04,2.90E-04,2.93E-04,2.95E-04,2.94E-04,2.94E-04,2.94E-04,2.94E-04,2.93E-04,2.94E-04,2.95E-04,2.95E-04,2.95E-04,2.96E-04,2.96E-04,2.98E-04,3.01E-04,3.02E-04,3.03E-04,3.03E-04,3.01E-04,2.99E-04,2.97E-04,2.97E-04,3.00E-04,3.06E-04,3.09E-04,3.10E-04,3.12E-04,3.14E-04,3.15E-04,3.13E-04,3.11E-04,3.09E-04,3.08E-04,3.07E-04,3.06E-04,3.05E-04,3.06E-04,3.08E-04,3.11E-04,3.14E-04,3.16E-04,3.16E-04,3.16E-04,3.17E-04,3.19E-04,3.21E-04,3.22E-04,3.27E-04,3.31E-04,3.34E-04,3.38E-04,3.40E-04,3.41E-04,3.40E-04,3.40E-04,3.40E-04,3.42E-04,3.45E-04,3.48E-04,3.49E-04,3.49E-04,3.47E-04,3.46E-04,3.45E-04,3.46E-04,3.44E-04,3.40E-04,3.37E-04,3.35E-04,3.36E-04,3.40E-04,3.43E-04,3.47E-04,3.50E-04,3.52E-04,3.52E-04,3.51E-04,3.52E-04,3.52E-04,3.55E-04,3.57E-04,3.58E-04,3.58E-04,3.58E-04,3.55E-04,3.50E-04,3.47E-04,3.45E-04,3.45E-04,3.46E-04,3.46E-04,3.46E-04,3.49E-04,3.61E-04,3.77E-04,3.91E-04,4.01E-04,4.08E-04,4.14E-04,4.17E-04,4.18E-04,4.18E-04,4.10E-04,3.96E-04,3.84E-04,3.73E-04,3.63E-04,3.57E-04,3.55E-04,3.54E-04,3.55E-04,3.55E-04,3.55E-04,3.55E-04,3.55E-04,3.55E-04,3.53E-04,3.51E-04,3.50E-04,3.50E-04,3.51E-04,3.51E-04,3.50E-04,3.50E-04,3.50E-04,3.50E-04,3.51E-04,3.53E-04,3.54E-04,3.52E-04,3.48E-04,3.46E-04,3.43E-04,3.39E-04,3.35E-04,3.31E-04,3.28E-04,3.25E-04,3.22E-04,3.20E-04,3.18E-04,3.18E-04,3.19E-04,3.18E-04,3.17E-04,3.14E-04,3.13E-04,3.15E-04,3.17E-04,3.17E-04,3.15E-04,3.12E-04,3.10E-04,3.09E-04,3.08E-04,3.07E-04,3.07E-04,3.10E-04,3.13E-04,3.19E-04,3.22E-04,3.24E-04,3.25E-04,3.26E-04,3.25E-04
181,LFP1,38,0,45.13071108,3.24E-04,3.22E-04,3.19E-04,3.18E-04,3.18E-04,3.17E-04,3.15E-04,3.12E-04,3.11E-04,3.10E-04,3.09E-04,3.13E-04,3.26E-04,3.43E-04,3.58E-04,3.69E-04,3.70E-04,3.61E-04,3.48E-04,3.38E-04,3.32E-04,3.26E-04,3.20E-04,3.18E-04,3.15E-04,3.15E-04,3.16E-04,3.15E-04,3.13E-04,3.13E-04,3.13E-04,3.14E-04,3.17E-04,3.20E-04,3.23E-04,3.22E-04,3.21E-04,3.21E-04,3.22E-04,3.20E-04,3.19E-04,3.19E-04,3.20E-04,3.19E-04,3.17E-04,3.14E-04,3.09E-04,3.06E-04,3.06E-04,3.06E-04,3.07E-04,3.10E-04,3.12E-04,3.11E-04,3.10E-04,3.12E-04,3.13E-04,3.11E-04,3.10E-04,3.09E-04,3.07E-04,3.07E-04,3.08E-04,3.10E-04,3.11E-04,3.09E-04,3.07E-04,3.04E-04,3.04E-04,3.07E-04,3.11E-04,3.12E-04,3.11E-04,3.08E-04,3.05E-04,3.02E-04,3.00E-04,2.98E-04,2.97E-04,2.97E-04,2.98E-04,2.98E-04,2.98E-04,2.96E-04,2.95E-04,2.95E-04,2.94E-04,2.92E-04,2.91E-04,2.89E-04,2.89E-04,2.86E-04,2.84E-04,2.81E-04,2.79E-04,2.77E-04,2.74E-04,2.71E-04,2.66E-04,2.61E-04,2.57E-04,2.56E-04,2.55E-04,2.55E-04,2.55E-04,2.52E-04,2.48E-04,2.44E-04,2.45E-04,2.50E-04,2.64E-04,2.80E-04,2.93E-04,3.04E-04,3.09E-04,3.11E-04,3.10E-04,3.06E-04,2.95E-04,2.80E-04,2.67E-04,2.58E-04,2.54E-04,2.49E-04,2.44E-04,2.41E-04,2.40E-04,2.41E-04,2.43E-04,2.46E-04,2.50E-04,2.53E-04,2.53E-04,2.51E-04,2.50E-04,2.49E-04,2.49E-04,2.49E-04,2.50E-04,2.50E-04,2.50E-04,2.51E-04,2.53E-04,2.54E-04,2.58E-04,2.62E-04,2.66E-04,2.69E-04,2.71E-04,2.70E-04,2.68E-04,2.67E-04,2.66E-04,2.65E-04,2.64E-04,2.63E-04,2.63E-04,2.61E-04,2.61E-04,2.62E-04,2.62E-04,2.63E-04,2.64E-04,2.64E-04,2.65E-04,2.67E-04,2.70E-04,2.74E-04,2.77E-04,2.79E-04,2.80E-04,2.81E-04,2.82E-04,2.81E-04,2.78E-04,2.77E-04,2.79E-04,2.80E-04,2.82E-04,2.84E-04,2.84E-04,2.87E-04,2.89E-04,2.89E-04,2.87E-04,2.87E-04,2.88E-04,2.89E-04,2.91E-04,2.94E-04,2.95E-04,2.95E-04,2.96E-04,2.95E-04,2.95E-04,2.97E-04,2.99E-04,3.02E-04,3.05E-04,3.09E-04,3.13E-04,3.17E-04,3.18E-04,3.17E-04,3.18E-04,3.18E-04,3.17E-04,3.17E-04,3.18E-04,3.20E-04,3.24E-04,3.26E-04,3.27E-04,3.27E-04,3.28E-04,3.32E-04,3.36E-04,3.41E-04,3.53E-04,3.69E-04,3.86E-04,3.99E-04,4.10E-04,4.16E-04,4.19E-04,4.22E-04,4.24E-04,4.19E-04,4.09E-04,3.98E-04,3.92E-04,3.90E-04,3.90E-04,3.89E-04,3.88E-04,3.89E-04,3.92E-04,3.95E-04,3.97E-04,3.97E-04,3.99E-04,4.02E-04,4.05E-04,4.07E-04,4.10E-04,4.15E-04,4.21E-04,4.25E-04,4.29E-04,4.28E-04,4.26E-04,4.23E-04,4.19E-04,4.14E-04,4.11E-04,4.09E-04
182,LFP1,38,0,45.21459723,4.09E-04,4.10E-04,4.10E-04,4.10E-04,4.10E-04,4.10E-04,4.11E-04,4.10E-04,4.09E-04,4.09E-04,4.10E-04,4.11E-04,4.12E-04,4.12E-04,4.09E-04,4.07E-04,4.04E-04,4.03E-04,4.05E-04,4.07E-04,4.08E-04,4.08E-04,4.09E-04,4.11E-04,4.13E-04,4.14E-04,4.14E-04,4.16E-04,4.18E-04,4.21E-04,4.22E-04,4.21E-04,4.20E-04,4.21E-04,4.24E-04,4.26E-04,4.28E-04,4.31E-04,4.33E-04,4.35E-04,4.36E-04,4.38E-04,4.43E-04,4.47E-04,4.49E-04,4.48E-04,4.47E-04,4.45E-04,4.42E-04,4.41E-04,4.40E-04,4.39E-04,4.37E-04,4.34E-04,4.31E-04,4.30E-04,4.29E-04,4.29E-04,4.28E-04,4.28E-04,4.29E-04,4.28E-04,4.28E-04,4.27E-04,4.28E-04,4.29E-04,4.29E-04,4.29E-04,4.32E-04,4.43E-04,4.58E-04,4.73E-04,4.86E-04,4.94E-04,4.99E-04,5.01E-04,4.98E-04,4.91E-04,4.79E-04,4.71E-04,4.63E-04,4.60E-04,4.62E-04,4.66E-04,4.68E-04,4.68E-04,4.66E-04,4.65E-04,4.64E-04,4.63E-04,4.64E-04,4.66E-04,4.69E-04,4.72E-04,4.74E-04,4.79E-04,4.84E-04,4.87E-04,4.89E-04,4.91E-04,4.92E-04,4.90E-04,4.90E-04,4.92E-04,4.95E-04,4.95E-04,4.95E-04,4.95E-04,4.95E-04,4.95E-04,4.95E-04,4.98E-04,4.98E-04,4.98E-04,4.99E-04,5.02E-04,5.05E-04,5.08E-04,5.10E-04,5.10E-04,5.08E-04,5.07E-04,5.07E-04,5.07E-04,5.06E-04,5.07E-04,5.10E-04,5.12E-04,5.13E-04,5.16E-04,5.17E-04,5.19E-04,5.19E-04,5.18E-04,5.18E-04,5.20E-04,5.24E-04,5.28E-04,5.30E-04,5.35E-04,5.39E-04,5.42E-04,5.42E-04,5.43E-04,5.45E-04,5.45E-04,5.46E-04,5.49E-04,5.51E-04,5.51E-04,5.51E-04,5.52E-04,5.54E-04,5.57E-04,5.64E-04,5.75E-04,5.88E-04,5.99E-04,6.07E-04,6.08E-04,6.04E-04,5.93E-04,5.77E-04,5.65E-04,5.57E-04,5.51E-04,5.47E-04,5.45E-04,5.44E-04,5.44E-04,5.44E-04,5.43E-04,5.42E-04,5.40E-04,5.40E-04,5.41E-04,5.42E-04,5.43E-04,5.45E-04,5.46E-04,5.47E-04,5.46E-04,5.45E-04,5.44E-04,5.42E-04,5.42E-04,5.41E-04,5.42E-04,5.42E-04,5.42E-04,5.41E-04,5.40E-04,5.40E-04,5.39E-04,5.39E-04,5.38E-04,5.38E-04,5.40E-04,5.41E-04,5.41E-04,5.42E-04,5.40E-04,5.37E-04,5.33E-04,5.30E-04,5.27E-04,5.26E-04,5.26E-04,5.26E-04,5.25E-04,5.25E-04,5.25E-04,5.26E-04,5.28E-04,5.30E-04,5.31E-04,5.31E-04,5.30E-04,5.30E-04,5.29E-04,5.28E-04,5.28E-04,5.28E-04,5.26E-04,5.25E-04,5.24E-04,5.23E-04,5.24E-04,5.28E-04,5.31E-04,5.32E-04,5.34E-04,5.36E-04,5.35E-04,5.32E-04,5.31E-04,5.32E-04,5.34E-04,5.38E-04,5.48E-04,5.62E-04,5.74E-04,5.83E-04,5.88E-04,5.88E-04,5.80E-04,5.69E-04,5.57E-04,5.49E-04,5.42E-04,5.40E-04,5.40E-04,5.42E-04,5.44E-04,5.44E-04,5.45E-04
183,LFP1,38,0,45.29848313,5.46E-04,5.47E-04,5.49E-04,5.51E-04,5.53E-04,5.51E-04,5.49E-04,5.52E-04,5.56E-04,5.61E-04,5.63E-04,5.64E-04,5.63E-04,5.63E-04,5.64E-04,5.64E-04,5.65E-04,5.64E-04,5.64E-04,5.66E-04,5.66E-04,5.67E-04,5.69E-04,5.69E-04,5.70E-04,5.72E-04,5.75E-04,5.77E-04,5.78E-04,5.76E-04,5.76E-04,5.77E-04,5.76E-04,5.77E-04,5.78E-04,5.79E-04,5.82E-04,5.82E-04,5.82E-04,5.85E-04,5.83E-04,5.81E-04,5.80E-04,5.79E-04,5.77E-04,5.77E-04,5.78E-04,5.79E-04,5.79E-04,5.80E-04,5.82E-04,5.84E-04,5.85E-04,5.84E-04,5.85E-04,5.85E-04,5.82E-04,5.79E-04,5.82E-04,6.04E-04,6.38E-04,6.72E-04,7.00E-04,7.18E-04,7.26E-04,7.25E-04,7.19E-04,7.12E-04,7.03E-04,6.95E-04,6.90E-04,6.87E-04,6.82E-04,6.77E-04,6.70E-04,6.68E-04,6.66E-04,6.59E-04,6.53E-04,6.50E-04,6.47E-04,6.44E-04,6.39E-04,6.27E-04,6.15E-04,6.02E-04,5.91E-04,5.80E-04,5.73E-04,5.70E-04,5.71E-04,5.73E-04,5.75E-04,5.75E-04,5.73E-04,5.73E-04,5.73E-04,5.74E-04,5.72E-04,5.70E-04,5.67E-04,5.64E-04,5.59E-04,5.58E-04,5.58E-04,5.57E-04,5.55E-04,5.52E-04,5.49E-04,5.45E-04,5.40E-04,5.36E-04,5.33E-04,5.27E-04,5.21E-04,5.17E-04,5.14E-04,5.13E-04,5.12E-04,5.11E-04,5.11E-04,5.12E-04,5.12E-04,5.11E-04,5.08E-04,5.07E-04,5.07E-04,5.07E-04,5.07E-04,5.08E-04,5.09E-04,5.10E-04,5.12E-04,5.15E-04,5.18E-04,5.19E-04,5.20E-04,5.19E-04,5.19E-04,5.21E-04,5.21E-04,5.23E-04,5.26E-04,5.32E-04,5.37E-04,5.39E-04,5.38E-04,5.34E-04,5.31E-04,5.28E-04,5.28E-04,5.27E-04,5.25E-04,5.24E-04,5.24E-04,5.22E-04,5.21E-04,5.22E-04,5.23E-04,5.23E-04,5.23E-04,5.23E-04,5.24E-04,5.26E-04,5.26E-04,5.25E-04,5.24E-04,5.27E-04,5.37E-04,5.51E-04,5.65E-04,5.76E-04,5.83E-04,5.86E-04,5.83E-04,5.75E-04,5.64E-04,5.55E-04,5.49E-04,5.47E-04,5.47E-04,5.49E-04,5.52E-04,5.54E-04,5.57E-04,5.60E-04,5.61E-04,5.61E-04,5.63E-04,5.64E-04,5.68E-04,5.73E-04,5.78E-04,5.81E-04,5.81E-04,5.80E-04,5.78E-04,5.79E-04,5.81E-04,5.83E-04,5.84E-04,5.85E-04,5.85E-04,5.86E-04,5.84E-04,5.82E-04,5.80E-04,5.80E-04,5.79E-04,5.77E-04,5.75E-04,5.73E-04,5.71E-04,5.68E-04,5.68E-04,5.68E-04,5.68E-04,5.66E-04,5.64E-04,5.62E-04,5.59E-04,5.56E-04,5.55E-04,5.56E-04,5.56E-04,5.54E-04,5.55E-04,5.56E-04,5.58E-04,5.61E-04,5.64E-04,5.67E-04,5.69E-04,5.72E-04,5.76E-04,5.77E-04,5.78E-04,5.79E-04,5.79E-04,5.79E-04,5.79E-04,5.79E-04,5.80E-04,5.82E-04,5.85E-04,5.88E-04,5.91E-04,5.95E-04,5.98E-04,6.02E-04,6.03E-04,6.04E-04,6.01E-04,5.97E-04,5.94E-04,5.91E-04
184,LFP1,38,0,45.38236928,5.88E-04,5.88E-04,5.96E-04,6.10E-04,6.26E-04,6.39E-04,6.45E-04,6.49E-04,6.46E-04,6.38E-04,6.26E-04,6.12E-04,6.00E-04,5.94E-04,5.90E-04,5.87E-04,5.84E-04,5.82E-04,5.80E-04,5.77E-04,5.75E-04,5.76E-04,5.80E-04,5.84E-04,5.88E-04,5.93E-04,5.95E-04,5.95E-04,5.93E-04,5.92E-04,5.93E-04,5.94E-04,5.96E-04,5.97E-04,5.95E-04,5.93E-04,5.91E-04,5.92E-04,5.93E-04,5.95E-04,5.99E-04,6.01E-04,6.02E-04,6.01E-04,6.03E-04,6.03E-04,6.02E-04,6.01E-04,5.99E-04,5.95E-04,5.90E-04,5.86E-04,5.84E-04,5.84E-04,5.85E-04,5.86E-04,5.87E-04,5.88E-04,5.88E-04,5.88E-04,5.88E-04,5.89E-04,5.88E-04,5.86E-04,5.85E-04,5.84E-04,5.84E-04,5.81E-04,5.78E-04,5.76E-04,5.75E-04,5.75E-04,5.76E-04,5.77E-04,5.77E-04,5.77E-04,5.77E-04,5.78E-04,5.78E-04,5.77E-04,5.76E-04,5.76E-04,5.78E-04,5.80E-04,5.81E-04,5.79E-04,5.78E-04,5.76E-04,5.73E-04,5.71E-04,5.68E-04,5.67E-04,5.68E-04,5.69E-04,5.68E-04,5.67E-04,5.67E-04,5.67E-04,5.66E-04,5.65E-04,5.64E-04,5.64E-04,5.63E-04,5.62E-04,5.62E-04,5.61E-04,5.64E-04,5.78E-04,5.99E-04,6.19E-04,6.34E-04,6.44E-04,6.49E-04,6.49E-04,6.43E-04,6.32E-04,6.20E-04,6.09E-04,6.01E-04,5.95E-04,5.92E-04,5.90E-04,5.91E-04,5.95E-04,5.98E-04,6.01E-04,6.04E-04,6.06E-04,6.07E-04,6.06E-04,6.05E-04,6.04E-04,6.06E-04,6.10E-04,6.14E-04,6.15E-04,6.15E-04,6.15E-04,6.15E-04,6.15E-04,6.14E-04,6.11E-04,6.09E-04,6.06E-04,6.05E-04,6.03E-04,6.02E-04,6.00E-04,6.00E-04,5.97E-04,5.94E-04,5.92E-04,5.95E-04,6.00E-04,6.02E-04,6.00E-04,5.94E-04,5.87E-04,5.82E-04,5.80E-04,5.78E-04,5.79E-04,5.80E-04,5.82E-04,5.81E-04,5.78E-04,5.75E-04,5.74E-04,5.74E-04,5.73E-04,5.72E-04,5.72E-04,5.72E-04,5.73E-04,5.76E-04,5.80E-04,5.82E-04,5.84E-04,5.87E-04,5.89E-04,5.91E-04,5.94E-04,5.96E-04,5.97E-04,5.97E-04,5.95E-04,5.92E-04,5.92E-04,5.93E-04,5.93E-04,5.98E-04,6.12E-04,6.29E-04,6.43E-04,6.50E-04,6.49E-04,6.41E-04,6.30E-04,6.19E-04,6.09E-04,5.99E-04,5.94E-04,5.93E-04,5.95E-04,5.96E-04,5.98E-04,5.99E-04,5.97E-04,5.96E-04,5.95E-04,5.95E-04,5.94E-04,5.94E-04,5.95E-04,5.96E-04,5.97E-04,5.98E-04,5.99E-04,6.01E-04,6.02E-04,6.01E-04,6.02E-04,6.04E-04,6.05E-04,6.06E-04,6.08E-04,6.10E-04,6.11E-04,6.12E-04,6.12E-04,6.11E-04,6.10E-04,6.13E-04,6.17E-04,6.23E-04,6.25E-04,6.26E-04,6.26E-04,6.25E-04,6.23E-04,6.23E-04,6.21E-04,6.22E-04,6.24E-04,6.24E-04,6.26E-04,6.26E-04,6.24E-04,6.22E-04,6.21E-04,6.21E-04,6.21E-04,6.22E-04,6.22E-04,6.19E-04,6.15E-04
185,LFP1,38,0,45.46625543,6.13E-04,6.12E-04,6.11E-04,6.12E-04,6.14E-04,6.14E-04,6.14E-04,6.13E-04,6.12E-04,6.18E-04,6.29E-04,6.39E-04,6.46E-04,6.45E-04,6.37E-04,6.24E-04,6.11E-04,6.03E-04,5.99E-04,5.97E-04,5.95E-04,5.94E-04,5.94E-04,5.95E-04,5.95E-04,5.97E-04,5.97E-04,5.96E-04,5.93E-04,5.91E-04,5.91E-04,5.91E-04,5.90E-04,5.87E-04,5.85E-04,5.89E-04,5.96E-04,6.05E-04,6.11E-04,6.13E-04,6.13E-04,6.09E-04,6.05E-04,5.99E-04,5.94E-04,5.90E-04,5.86E-04,5.83E-04,5.82E-04,5.81E-04,5.79E-04,5.79E-04,5.79E-04,5.78E-04,5.76E-04,5.75E-04,5.75E-04,5.74E-04,5.74E-04,5.71E-04,5.68E-04,5.65E-04,5.65E-04,5.64E-04,5.62E-04,5.61E-04,5.59E-04,5.58E-04,5.59E-04,5.62E-04,5.66E-04,5.70E-04,5.71E-04,5.72E-04,5.73E-04,5.72E-04,5.71E-04,5.71E-04,5.71E-04,5.73E-04,5.75E-04,5.75E-04,5.73E-04,5.74E-04,5.75E-04,5.74E-04,5.74E-04,5.74E-04,5.76E-04,5.80E-04,5.83E-04,5.84E-04,5.85E-04,5.86E-04,5.88E-04,5.88E-04,5.84E-04,5.79E-04,5.76E-04,5.82E-04,5.96E-04,6.13E-04,6.27E-04,6.37E-04,6.42E-04,6.41E-04,6.32E-04,6.19E-04,6.07E-04,5.97E-04,5.91E-04,5.86E-04,5.82E-04,5.80E-04,5.79E-04,5.79E-04,5.78E-04,5.78E-04,5.77E-04,5.76E-04,5.75E-04,5.74E-04,5.76E-04,5.78E-04,5.78E-04,5.76E-04,5.74E-04,5.74E-04,5.76E-04,5.77E-04,5.76E-04,5.75E-04,5.74E-04,5.74E-04,5.75E-04,5.78E-04,5.80E-04,5.78E-04,5.77E-04,5.75E-04,5.74E-04,5.73E-04,5.70E-04,5.66E-04,5.62E-04,5.58E-04,5.54E-04,5.53E-04,5.50E-04,5.47E-04,5.46E-04,5.45E-04,5.43E-04,5.43E-04,5.40E-04,5.36E-04,5.34E-04,5.32E-04,5.30E-04,5.30E-04,5.31E-04,5.32E-04,5.31E-04,5.30E-04,5.30E-04,5.29E-04,5.26E-04,5.21E-04,5.19E-04,5.18E-04,5.19E-04,5.21E-04,5.21E-04,5.20E-04,5.21E-04,5.20E-04,5.20E-04,5.21E-04,5.24E-04,5.24E-04,5.24E-04,5.21E-04,5.20E-04,5.18E-04,5.15E-04,5.13E-04,5.10E-04,5.08E-04,5.06E-04,5.04E-04,5.03E-04,5.02E-04,5.02E-04,5.00E-04,4.96E-04,4.91E-04,4.88E-04,4.88E-04,4.97E-04,5.11E-04,5.23E-04,5.33E-04,5.38E-04,5.42E-04,5.42E-04,5.33E-04,5.18E-04,5.05E-04,4.96E-04,4.90E-04,4.88E-04,4.86E-04,4.84E-04,4.82E-04,4.81E-04,4.81E-04,4.81E-04,4.81E-04,4.79E-04,4.78E-04,4.76E-04,4.75E-04,4.74E-04,4.72E-04,4.71E-04,4.71E-04,4.73E-04,4.74E-04,4.76E-04,4.76E-04,4.75E-04,4.73E-04,4.71E-04,4.70E-04,4.68E-04,4.63E-04,4.60E-04,4.59E-04,4.59E-04,4.58E-04,4.56E-04,4.54E-04,4.52E-04,4.50E-04,4.48E-04,4.45E-04,4.42E-04,4.38E-04,4.33E-04,4.30E-04,4.26E-04,4.22E-04,4.20E-04,4.18E-04,4.17E-04,4.14E-04
186,LFP1,38,0,45.55014133,4.13E-04,4.12E-04,4.13E-04,4.15E-04,4.17E-04,4.20E-04,4.22E-04,4.25E-04,4.26E-04,4.24E-04,4.21E-04,4.20E-04,4.19E-04,4.19E-04,4.19E-04,4.18E-04,4.20E-04,4.26E-04,4.31E-04,4.34E-04,4.36E-04,4.37E-04,4.38E-04,4.38E-04,4.37E-04,4.37E-04,4.36E-04,4.34E-04,4.35E-04,4.44E-04,4.57E-04,4.70E-04,4.78E-04,4.80E-04,4.74E-04,4.65E-04,4.53E-04,4.42E-04,4.33E-04,4.28E-04,4.26E-04,4.28E-04,4.29E-04,4.28E-04,4.27E-04,4.25E-04,4.25E-04,4.25E-04,4.25E-04,4.28E-04,4.31E-04,4.33E-04,4.34E-04,4.36E-04,4.38E-04,4.39E-04,4.41E-04,4.45E-04,4.49E-04,4.51E-04,4.52E-04,4.52E-04,4.52E-04,4.52E-04,4.53E-04,4.57E-04,4.60E-04,4.60E-04,4.59E-04,4.57E-04,4.56E-04,4.56E-04,4.56E-04,4.53E-04,4.51E-04,4.51E-04,4.52E-04,4.55E-04,4.58E-04,4.59E-04,4.60E-04,4.61E-04,4.63E-04,4.64E-04,4.64E-04,4.65E-04,4.66E-04,4.66E-04,4.68E-04,4.72E-04,4.73E-04,4.71E-04,4.69E-04,4.66E-04,4.64E-04,4.64E-04,4.65E-04,4.66E-04,4.68E-04,4.72E-04,4.73E-04,4.75E-04,4.78E-04,4.81E-04,4.82E-04,4.83E-04,4.85E-04,4.85E-04,4.87E-04,4.95E-04,5.10E-04,5.26E-04,5.39E-04,5.49E-04,5.53E-04,5.47E-04,5.34E-04,5.20E-04,5.08E-04,5.01E-04,4.98E-04,4.99E-04,5.02E-04,5.04E-04,5.05E-04,5.02E-04,5.01E-04,5.00E-04,5.01E-04,5.03E-04,5.04E-04,5.03E-04,5.01E-04,5.02E-04,5.03E-04,5.07E-04,5.11E-04,5.16E-04,5.16E-04,5.15E-04,5.12E-04,5.11E-04,5.11E-04,5.11E-04,5.10E-04,5.08E-04,5.06E-04,5.04E-04,5.02E-04,5.02E-04,5.04E-04,5.04E-04,5.03E-04,5.01E-04,5.00E-04,5.02E-04,5.02E-04,5.03E-04,5.04E-04,5.05E-04,5.04E-04,5.02E-04,4.99E-04,4.95E-04,4.91E-04,4.89E-04,4.88E-04,4.88E-04,4.87E-04,4.88E-04,4.88E-04,4.90E-04,4.91E-04,4.91E-04,4.89E-04,4.88E-04,4.87E-04,4.87E-04,4.87E-04,4.89E-04,4.89E-04,4.88E-04,4.87E-04,4.86E-04,4.86E-04,4.88E-04,4.89E-04,4.91E-04,4.91E-04,4.88E-04,4.86E-04,4.84E-04,4.84E-04,4.84E-04,4.83E-04,4.84E-04,4.86E-04,4.89E-04,4.90E-04,4.90E-04,4.89E-04,4.88E-04,4.84E-04,4.79E-04,4.75E-04,4.74E-04,4.75E-04,4.78E-04,4.80E-04,4.82E-04,4.85E-04,4.90E-04,4.91E-04,4.91E-04,4.91E-04,4.90E-04,4.88E-04,4.85E-04,4.82E-04,4.79E-04,4.75E-04,4.74E-04,4.73E-04,4.75E-04,4.78E-04,4.82E-04,4.86E-04,4.85E-04,4.84E-04,4.85E-04,4.86E-04,4.87E-04,4.87E-04,4.88E-04,4.88E-04,4.86E-04,4.83E-04,4.80E-04,4.79E-04,4.77E-04,4.76E-04,4.74E-04,4.74E-04,4.73E-04,4.71E-04,4.69E-04,4.70E-04,4.70E-04,4.70E-04,4.69E-04,4.69E-04,4.66E-04,4.64E-04,4.63E-04,4.65E-04,4.66E-04
187,LFP1,38,0,45.63402748,4.68E-04,4.70E-04,4.71E-04,4.70E-04,4.73E-04,4.87E-04,5.05E-04,5.19E-04,5.28E-04,5.32E-04,5.33E-04,5.32E-04,5.28E-04,5.28E-04,5.30E-04,5.31E-04,5.33E-04,5.33E-04,5.34E-04,5.35E-04,5.36E-04,5.38E-04,5.42E-04,5.44E-04,5.52E-04,5.77E-04,6.11E-04,6.44E-04,6.68E-04,6.76E-04,6.74E-04,6.66E-04,6.58E-04,6.48E-04,6.40E-04,6.36E-04,6.33E-04,6.29E-04,6.28E-04,6.26E-04,6.23E-04,6.19E-04,6.16E-04,6.08E-04,5.95E-04,5.79E-04,5.67E-04,5.56E-04,5.49E-04,5.46E-04,5.45E-04,5.46E-04,5.49E-04,5.52E-04,5.53E-04,5.53E-04,5.53E-04,5.53E-04,5.52E-04,5.48E-04,5.44E-04,5.39E-04,5.33E-04,5.30E-04,5.28E-04,5.28E-04,5.27E-04,5.28E-04,5.27E-04,5.25E-04,5.22E-04,5.19E-04,5.18E-04,5.20E-04,5.23E-04,5.22E-04,5.20E-04,5.17E-04,5.14E-04,5.11E-04,5.08E-04,5.06E-04,5.07E-04,5.11E-04,5.14E-04,5.18E-04,5.22E-04,5.26E-04,5.31E-04,5.32E-04,5.33E-04,5.34E-04,5.37E-04,5.41E-04,5.46E-04,5.49E-04,5.50E-04,5.50E-04,5.49E-04,5.48E-04,5.46E-04,5.45E-04,5.45E-04,5.48E-04,5.50E-04,5.51E-04,5.51E-04,5.52E-04,5.52E-04,5.52E-04,5.52E-04,5.49E-04,5.48E-04,5.56E-04,5.72E-04,5.89E-04,6.00E-04,6.04E-04,6.02E-04,5.92E-04,5.78E-04,5.63E-04,5.52E-04,5.45E-04,5.39E-04,5.34E-04,5.30E-04,5.29E-04,5.30E-04,5.30E-04,5.30E-04,5.28E-04,5.28E-04,5.33E-04,5.42E-04,5.50E-04,5.57E-04,5.62E-04,5.64E-04,5.65E-04,5.66E-04,5.68E-04,5.70E-04,5.71E-04,5.73E-04,5.76E-04,5.78E-04,5.79E-04,5.80E-04,5.83E-04,5.85E-04,5.89E-04,5.92E-04,5.95E-04,5.93E-04,5.90E-04,5.86E-04,5.82E-04,5.80E-04,5.79E-04,5.77E-04,5.72E-04,5.67E-04,5.64E-04,5.63E-04,5.63E-04,5.64E-04,5.63E-04,5.62E-04,5.63E-04,5.64E-04,5.64E-04,5.62E-04,5.60E-04,5.59E-04,5.57E-04,5.57E-04,5.58E-04,5.60E-04,5.60E-04,5.56E-04,5.53E-04,5.54E-04,5.55E-04,5.54E-04,5.52E-04,5.51E-04,5.51E-04,5.60E-04,5.75E-04,5.89E-04,5.98E-04,5.98E-04,5.88E-04,5.74E-04,5.62E-04,5.54E-04,5.50E-04,5.46E-04,5.45E-04,5.44E-04,5.42E-04,5.38E-04,5.38E-04,5.40E-04,5.41E-04,5.42E-04,5.42E-04,5.41E-04,5.39E-04,5.37E-04,5.33E-04,5.31E-04,5.31E-04,5.31E-04,5.32E-04,5.29E-04,5.27E-04,5.28E-04,5.32E-04,5.37E-04,5.40E-04,5.40E-04,5.38E-04,5.32E-04,5.25E-04,5.21E-04,5.20E-04,5.20E-04,5.22E-04,5.21E-04,5.19E-04,5.17E-04,5.15E-04,5.14E-04,5.11E-04,5.07E-04,5.04E-04,5.01E-04,4.98E-04,4.97E-04,4.98E-04,4.97E-04,4.97E-04,4.99E-04,4.99E-04,5.00E-04,5.01E-04,5.01E-04,5.01E-04,5.02E-04,5.03E-04,5.02E-04,5.01E-04,5.01E-04,5.00E-04
188,LFP1,38,0,45.71791363,4.99E-04,5.00E-04,5.01E-04,5.03E-04,5.04E-04,5.04E-04,5.02E-04,5.00E-04,4.97E-04,4.93E-04,4.90E-04,4.87E-04,4.83E-04,4.81E-04,4.79E-04,4.83E-04,4.96E-04,5.11E-04,5.22E-04,5.29E-04,5.34E-04,5.33E-04,5.25E-04,5.11E-04,4.97E-04,4.87E-04,4.82E-04,4.79E-04,4.79E-04,4.81E-04,4.81E-04,4.81E-04,4.82E-04,4.81E-04,4.81E-04,4.83E-04,4.85E-04,4.86E-04,4.88E-04,4.89E-04,4.91E-04,4.95E-04,4.97E-04,4.99E-04,5.03E-04,5.07E-04,5.13E-04,5.19E-04,5.23E-04,5.27E-04,5.30E-04,5.32E-04,5.30E-04,5.28E-04,5.26E-04,5.27E-04,5.28E-04,5.30E-04,5.30E-04,5.29E-04,5.27E-04,5.26E-04,5.25E-04,5.25E-04,5.26E-04,5.25E-04,5.26E-04,5.28E-04,5.31E-04,5.36E-04,5.40E-04,5.40E-04,5.38E-04,5.37E-04,5.37E-04,5.38E-04,5.38E-04,5.39E-04,5.39E-04,5.38E-04,5.39E-04,5.40E-04,5.42E-04,5.46E-04,5.49E-04,5.51E-04,5.53E-04,5.54E-04,5.54E-04,5.55E-04,5.55E-04,5.56E-04,5.58E-04,5.60E-04,5.61E-04,5.62E-04,5.62E-04,5.62E-04,5.62E-04,5.62E-04,5.63E-04,5.65E-04,5.66E-04,5.66E-04,5.65E-04,5.66E-04,5.70E-04,5.75E-04,5.85E-04,6.00E-04,6.15E-04,6.25E-04,6.30E-04,6.29E-04,6.25E-04,6.16E-04,6.05E-04,5.96E-04,5.89E-04,5.82E-04,5.76E-04,5.72E-04,5.72E-04,5.73E-04,5.74E-04,5.76E-04,5.79E-04,5.82E-04,5.83E-04,5.82E-04,5.79E-04,5.77E-04,5.78E-04,5.78E-04,5.80E-04,5.83E-04,5.85E-04,5.87E-04,5.86E-04,5.83E-04,5.79E-04,5.77E-04,5.79E-04,5.80E-04,5.82E-04,5.81E-04,5.80E-04,5.80E-04,5.79E-04,5.77E-04,5.76E-04,5.76E-04,5.76E-04,5.78E-04,5.80E-04,5.81E-04,5.83E-04,5.82E-04,5.78E-04,5.72E-04,5.66E-04,5.64E-04,5.63E-04,5.64E-04,5.65E-04,5.63E-04,5.64E-04,5.65E-04,5.66E-04,5.68E-04,5.71E-04,5.73E-04,5.73E-04,5.72E-04,5.70E-04,5.70E-04,5.70E-04,5.69E-04,5.65E-04,5.62E-04,5.61E-04,5.60E-04,5.59E-04,5.60E-04,5.59E-04,5.61E-04,5.61E-04,5.63E-04,5.65E-04,5.67E-04,5.75E-04,5.89E-04,6.04E-04,6.14E-04,6.20E-04,6.17E-04,6.08E-04,5.99E-04,5.92E-04,5.86E-04,5.83E-04,5.81E-04,5.81E-04,5.83E-04,5.85E-04,5.86E-04,5.85E-04,5.87E-04,5.87E-04,5.86E-04,5.84E-04,5.84E-04,5.83E-04,5.81E-04,5.81E-04,5.83E-04,5.84E-04,5.85E-04,5.86E-04,5.86E-04,5.84E-04,5.82E-04,5.83E-04,5.85E-04,5.88E-04,5.92E-04,5.93E-04,5.93E-04,5.93E-04,5.91E-04,5.89E-04,5.86E-04,5.83E-04,5.80E-04,5.77E-04,5.77E-04,5.78E-04,5.78E-04,5.77E-04,5.79E-04,5.81E-04,5.82E-04,5.81E-04,5.79E-04,5.79E-04,5.79E-04,5.77E-04,5.74E-04,5.71E-04,5.68E-04,5.66E-04,5.64E-04,5.64E-04,5.64E-04,5.67E-04,5.71E-04
189,LFP1,38,0,45.80179977,5.74E-04,5.75E-04,5.72E-04,5.68E-04,5.62E-04,5.57E-04,5.55E-04,5.52E-04,5.50E-04,5.49E-04,5.51E-04,5.52E-04,5.55E-04,5.57E-04,5.58E-04,5.59E-04,5.60E-04,5.59E-04,5.59E-04,5.54E-04,5.51E-04,5.50E-04,5.50E-04,5.51E-04,5.52E-04,5.52E-04,5.55E-04,5.65E-04,5.77E-04,5.89E-04,6.00E-04,6.09E-04,6.14E-04,6.12E-04,6.02E-04,5.88E-04,5.76E-04,5.67E-04,5.61E-04,5.57E-04,5.54E-04,5.53E-04,5.52E-04,5.51E-04,5.52E-04,5.53E-04,5.52E-04,5.51E-04,5.50E-04,5.53E-04,5.56E-04,5.57E-04,5.55E-04,5.55E-04,5.55E-04,5.54E-04,5.51E-04,5.48E-04,5.45E-04,5.42E-04,5.40E-04,5.37E-04,5.34E-04,5.33E-04,5.33E-04,5.32E-04,5.32E-04,5.33E-04,5.31E-04,5.28E-04,5.25E-04,5.24E-04,5.21E-04,5.19E-04,5.20E-04,5.19E-04,5.18E-04,5.18E-04,5.16E-04,5.15E-04,5.13E-04,5.12E-04,5.11E-04,5.10E-04,5.10E-04,5.08E-04,5.07E-04,5.08E-04,5.10E-04,5.11E-04,5.11E-04,5.10E-04,5.09E-04,5.08E-04,5.09E-04,5.08E-04,5.06E-04,5.07E-04,5.09E-04,5.10E-04,5.11E-04,5.11E-04,5.09E-04,5.08E-04,5.13E-04,5.25E-04,5.36E-04,5.47E-04,5.53E-04,5.51E-04,5.42E-04,5.29E-04,5.16E-04,5.03E-04,4.93E-04,4.88E-04,4.87E-04,4.87E-04,4.88E-04,4.89E-04,4.89E-04,4.87E-04,4.86E-04,4.85E-04,4.84E-04,4.84E-04,4.83E-04,4.83E-04,4.82E-04,4.82E-04,4.81E-04,4.79E-04,4.78E-04,4.76E-04,4.73E-04,4.71E-04,4.71E-04,4.68E-04,4.66E-04,4.64E-04,4.63E-04,4.63E-04,4.62E-04,4.61E-04,4.60E-04,4.60E-04,4.61E-04,4.62E-04,4.62E-04,4.61E-04,4.60E-04,4.59E-04,4.60E-04,4.60E-04,4.61E-04,4.63E-04,4.64E-04,4.64E-04,4.62E-04,4.59E-04,4.55E-04,4.50E-04,4.48E-04,4.49E-04,4.49E-04,4.49E-04,4.50E-04,4.51E-04,4.51E-04,4.53E-04,4.55E-04,4.56E-04,4.57E-04,4.58E-04,4.57E-04,4.58E-04,4.59E-04,4.60E-04,4.61E-04,4.61E-04,4.60E-04,4.58E-04,4.56E-04,4.55E-04,4.53E-04,4.52E-04,4.51E-04,4.51E-04,4.56E-04,4.66E-04,4.79E-04,4.89E-04,4.95E-04,4.92E-04,4.81E-04,4.66E-04,4.53E-04,4.45E-04,4.41E-04,4.38E-04,4.38E-04,4.38E-04,4.38E-04,4.39E-04,4.41E-04,4.43E-04,4.42E-04,4.43E-04,4.42E-04,4.41E-04,4.38E-04,4.36E-04,4.37E-04,4.38E-04,4.41E-04,4.44E-04,4.45E-04,4.45E-04,4.44E-04,4.42E-04,4.40E-04,4.40E-04,4.41E-04,4.43E-04,4.43E-04,4.42E-04,4.40E-04,4.40E-04,4.40E-04,4.40E-04,4.38E-04,4.37E-04,4.36E-04,4.37E-04,4.37E-04,4.37E-04,4.36E-04,4.34E-04,4.33E-04,4.33E-04,4.33E-04,4.35E-04,4.36E-04,4.37E-04,4.39E-04,4.41E-04,4.42E-04,4.42E-04,4.42E-04,4.42E-04,4.43E-04,4.46E-04,4.48E-04,4.49E-04,4.49E-04,4.48E-04
190,LFP1,38,0,45.88568568,4.49E-04,4.50E-04,4.53E-04,4.54E-04,4.52E-04,4.50E-04,4.48E-04,4.47E-04,4.47E-04,4.47E-04,4.49E-04,4.51E-04,4.53E-04,4.55E-04,4.59E-04,4.61E-04,4.62E-04,4.61E-04,4.60E-04,4.60E-04,4.68E-04,4.81E-04,4.94E-04,5.04E-04,5.08E-04,5.07E-04,5.00E-04,4.86E-04,4.75E-04,4.66E-04,4.60E-04,4.56E-04,4.52E-04,4.49E-04,4.47E-04,4.45E-04,4.45E-04,4.44E-04,4.44E-04,4.45E-04,4.47E-04,4.49E-04,4.50E-04,4.49E-04,4.49E-04,4.50E-04,4.52E-04,4.54E-04,4.56E-04,4.57E-04,4.57E-04,4.56E-04,4.53E-04,4.49E-04,4.46E-04,4.44E-04,4.45E-04,4.46E-04,4.48E-04,4.53E-04,4.53E-04,4.51E-04,4.50E-04,4.49E-04,4.47E-04,4.47E-04,4.43E-04,4.38E-04,4.35E-04,4.36E-04,4.37E-04,4.38E-04,4.40E-04,4.40E-04,4.40E-04,4.38E-04,4.33E-04,4.30E-04,4.31E-04,4.34E-04,4.36E-04,4.37E-04,4.37E-04,4.36E-04,4.34E-04,4.33E-04,4.32E-04,4.31E-04,4.29E-04,4.27E-04,4.25E-04,4.26E-04,4.29E-04,4.33E-04,4.35E-04,4.37E-04,4.39E-04,4.37E-04,4.36E-04,4.37E-04,4.37E-04,4.37E-04,4.38E-04,4.38E-04,4.38E-04,4.37E-04,4.35E-04,4.34E-04,4.33E-04,4.30E-04,4.28E-04,4.26E-04,4.26E-04,4.25E-04,4.25E-04,4.23E-04,4.21E-04,4.19E-04,4.17E-04,4.12E-04,4.09E-04,4.09E-04,4.07E-04,4.05E-04,4.04E-04,4.04E-04,4.02E-04,4.00E-04,4.00E-04,4.00E-04,4.01E-04,4.02E-04,4.00E-04,3.97E-04,3.95E-04,3.93E-04,3.92E-04,3.92E-04,3.92E-04,3.92E-04,3.91E-04,3.89E-04,3.86E-04,3.86E-04,3.91E-04,4.05E-04,4.18E-04,4.29E-04,4.38E-04,4.44E-04,4.45E-04,4.45E-04,4.46E-04,4.43E-04,4.34E-04,4.20E-04,4.06E-04,3.93E-04,3.83E-04,3.79E-04,3.79E-04,3.81E-04,3.82E-04,3.82E-04,3.81E-04,3.80E-04,3.80E-04,3.80E-04,3.80E-04,3.79E-04,3.75E-04,3.74E-04,3.75E-04,3.77E-04,3.77E-04,3.76E-04,3.74E-04,3.70E-04,3.66E-04,3.65E-04,3.63E-04,3.63E-04,3.62E-04,3.59E-04,3.58E-04,3.59E-04,3.62E-04,3.65E-04,3.67E-04,3.64E-04,3.59E-04,3.56E-04,3.56E-04,3.57E-04,3.57E-04,3.58E-04,3.57E-04,3.54E-04,3.52E-04,3.53E-04,3.55E-04,3.56E-04,3.54E-04,3.50E-04,3.47E-04,3.43E-04,3.40E-04,3.39E-04,3.38E-04,3.38E-04,3.37E-04,3.34E-04,3.32E-04,3.30E-04,3.29E-04,3.26E-04,3.21E-04,3.19E-04,3.19E-04,3.26E-04,3.50E-04,3.81E-04,4.09E-04,4.31E-04,4.44E-04,4.49E-04,4.45E-04,4.39E-04,4.32E-04,4.23E-04,4.20E-04,4.25E-04,4.34E-04,4.41E-04,4.43E-04,4.30E-04,4.02E-04,3.71E-04,3.42E-04,3.19E-04,3.03E-04,2.94E-04,2.89E-04,2.87E-04,2.86E-04,2.87E-04,2.87E-04,2.85E-04,2.82E-04,2.78E-04,2.75E-04,2.73E-04,2.71E-04,2.70E-04,2.70E-04,2.70E-04
191,LFP1,38,0,45.96957183,2.71E-04,2.68E-04,2.63E-04,2.58E-04,2.54E-04,2.49E-04,2.45E-04,2.43E-04,2.39E-04,2.35E-04,2.31E-04,2.28E-04,2.27E-04,2.26E-04,2.23E-04,2.19E-04,2.15E-04,2.13E-04,2.12E-04,2.10E-04,2.07E-04,2.02E-04,1.99E-04,1.96E-04,1.93E-04,1.92E-04,1.92E-04,1.92E-04,1.90E-04,1.87E-04,1.87E-04,1.88E-04,1.89E-04,1.88E-04,1.87E-04,1.86E-04,1.86E-04,1.85E-04,1.84E-04,1.82E-04,1.83E-04,1.86E-04,1.88E-04,1.90E-04,1.91E-04,1.92E-04,1.92E-04,1.92E-04,1.91E-04,1.90E-04,1.89E-04,1.88E-04,1.89E-04,1.97E-04,2.09E-04,2.25E-04,2.36E-04,2.36E-04,2.27E-04,2.11E-04,1.94E-04,1.81E-04,1.71E-04,1.63E-04,1.59E-04,1.58E-04,1.56E-04,1.52E-04,1.50E-04,1.50E-04,1.51E-04,1.51E-04,1.50E-04,1.48E-04,1.44E-04,1.40E-04,1.37E-04,1.35E-04,1.34E-04,1.33E-04,1.33E-04,1.32E-04,1.31E-04,1.31E-04,1.33E-04,1.33E-04,1.33E-04,1.32E-04,1.32E-04,1.30E-04,1.28E-04,1.27E-04,1.26E-04,1.28E-04,1.30E-04,1.31E-04,1.30E-04,1.27E-04,1.25E-04,1.24E-04,1.24E-04,1.21E-04,1.19E-04,1.17E-04,1.14E-04,1.11E-04,1.06E-04,1.01E-04,9.49E-05,8.85E-05,8.28E-05,7.71E-05,7.30E-05,7.03E-05,6.70E-05,6.51E-05,6.20E-05,5.88E-05,5.48E-05,4.96E-05,4.56E-05,4.29E-05,4.04E-05,3.70E-05,3.31E-05,2.94E-05,2.58E-05,2.29E-05,2.17E-05,2.20E-05,2.16E-05,2.03E-05,2.19E-05,2.85E-05,3.72E-05,4.58E-05,5.36E-05,5.64E-05,5.00E-05,3.58E-05,2.03E-05,6.08E-06,-5.62E-06,-1.30E-05,-1.70E-05,-1.96E-05,-2.15E-05,-2.25E-05,-2.10E-05,-2.09E-05,-2.30E-05,-2.45E-05,-2.63E-05,-2.98E-05,-3.33E-05,-3.71E-05,-4.16E-05,-4.54E-05,-5.02E-05,-5.48E-05,-5.75E-05,-5.67E-05,-5.45E-05,-5.40E-05,-5.52E-05,-5.83E-05,-6.14E-05,-6.46E-05,-6.85E-05,-7.20E-05,-7.41E-05,-7.57E-05,-7.60E-05,-7.62E-05,-7.76E-05,-8.01E-05,-8.33E-05,-8.57E-05,-8.62E-05,-8.45E-05,-8.36E-05,-8.59E-05,-8.75E-05,-8.78E-05,-8.91E-05,-9.14E-05,-9.43E-05,-9.71E-05,-9.87E-05,-9.94E-05,-1.02E-04,-1.03E-04,-1.03E-04,-1.03E-04,-1.02E-04,-1.00E-04,-1.00E-04,-1.03E-04,-1.04E-04,-1.04E-04,-1.02E-04,-1.03E-04,-1.03E-04,-1.04E-04,-1.07E-04,-1.08E-04,-1.10E-04,-1.12E-04,-1.14E-04,-1.16E-04,-1.16E-04,-1.17E-04,-1.19E-04,-1.21E-04,-1.22E-04,-1.23E-04,-1.25E-04,-1.28E-04,-1.32E-04,-1.34E-04,-1.36E-04,-1.37E-04,-1.35E-04,-1.23E-04,-1.08E-04,-9.50E-05,-8.56E-05,-8.06E-05,-8.01E-05,-8.80E-05,-1.02E-04,-1.17E-04,-1.31E-04,-1.40E-04,-1.44E-04,-1.45E-04,-1.48E-04,-1.51E-04,-1.54E-04,-1.58E-04,-1.60E-04,-1.61E-04,-1.59E-04,-1.56E-04,-1.55E-04,-1.52E-04,-1.50E-04,-1.48E-04,-1.47E-04,-1.46E-04,-1.47E-04,-1.48E-04,-1.51E-04,-1.53E-04,-1.56E-04,-1.58E-04
192,LFP1,38,0,46.05345798,-1.62E-04,-1.65E-04,-1.68E-04,-1.69E-04,-1.71E-04,-1.74E-04,-1.76E-04,-1.77E-04,-1.78E-04,-1.81E-04,-1.84E-04,-1.84E-04,-1.85E-04,-1.87E-04,-1.90E-04,-1.94E-04,-1.98E-04,-2.02E-04,-2.01E-04,-2.01E-04,-2.01E-04,-2.00E-04,-1.99E-04,-1.99E-04,-2.02E-04,-2.03E-04,-2.04E-04,-2.03E-04,-1.97E-04,-1.93E-04,-1.95E-04,-1.96E-04,-1.98E-04,-2.02E-04,-2.04E-04,-2.03E-04,-2.02E-04,-2.02E-04,-2.01E-04,-2.00E-04,-2.00E-04,-2.02E-04,-2.02E-04,-1.99E-04,-1.94E-04,-1.89E-04,-1.87E-04,-1.88E-04,-1.90E-04,-1.92E-04,-1.96E-04,-1.92E-04,-1.81E-04,-1.68E-04,-1.58E-04,-1.52E-04,-1.55E-04,-1.63E-04,-1.72E-04,-1.82E-04,-1.91E-04,-1.98E-04,-2.01E-04,-2.03E-04,-2.03E-04,-2.03E-04,-2.03E-04,-2.03E-04,-2.03E-04,-2.02E-04,-2.00E-04,-2.01E-04,-2.06E-04,-2.11E-04,-2.15E-04,-2.17E-04,-2.19E-04,-2.18E-04,-2.15E-04,-2.12E-04,-2.10E-04,-2.09E-04,-2.09E-04,-2.13E-04,-2.16E-04,-2.18E-04,-2.19E-04,-2.21E-04,-2.23E-04,-2.25E-04,-2.25E-04,-2.25E-04,-2.24E-04,-2.24E-04,-2.22E-04,-2.22E-04,-2.22E-04,-2.21E-04,-2.20E-04,-2.18E-04,-2.17E-04,-2.20E-04,-2.22E-04,-2.24E-04,-2.28E-04,-2.30E-04,-2.32E-04,-2.34E-04,-2.33E-04,-2.33E-04,-2.34E-04,-2.33E-04,-2.34E-04,-2.35E-04,-2.37E-04,-2.38E-04,-2.39E-04,-2.37E-04,-2.33E-04,-2.31E-04,-2.29E-04,-2.30E-04,-2.33E-04,-2.36E-04,-2.38E-04,-2.40E-04,-2.42E-04,-2.41E-04,-2.40E-04,-2.39E-04,-2.38E-04,-2.37E-04,-2.36E-04,-2.35E-04,-2.33E-04,-2.32E-04,-2.24E-04,-2.12E-04,-2.01E-04,-1.92E-04,-1.83E-04,-1.74E-04,-1.69E-04,-1.75E-04,-1.86E-04,-1.98E-04,-2.08E-04,-2.15E-04,-2.18E-04,-2.21E-04,-2.21E-04,-2.21E-04,-2.23E-04,-2.25E-04,-2.24E-04,-2.23E-04,-2.21E-04,-2.19E-04,-2.16E-04,-2.15E-04,-2.16E-04,-2.16E-04,-2.15E-04,-2.16E-04,-2.16E-04,-2.16E-04,-2.16E-04,-2.17E-04,-2.16E-04,-2.16E-04,-2.15E-04,-2.15E-04,-2.17E-04,-2.20E-04,-2.22E-04,-2.21E-04,-2.21E-04,-2.22E-04,-2.21E-04,-2.19E-04,-2.16E-04,-2.14E-04,-2.13E-04,-2.13E-04,-2.15E-04,-2.15E-04,-2.14E-04,-2.12E-04,-2.10E-04,-2.11E-04,-2.13E-04,-2.16E-04,-2.20E-04,-2.22E-04,-2.24E-04,-2.24E-04,-2.22E-04,-2.19E-04,-2.18E-04,-2.16E-04,-2.15E-04,-2.14E-04,-2.12E-04,-2.11E-04,-2.10E-04,-2.12E-04,-2.13E-04,-2.17E-04,-2.21E-04,-2.24E-04,-2.22E-04,-2.19E-04,-2.17E-04,-2.14E-04,-2.12E-04,-2.11E-04,-2.13E-04,-2.12E-04,-2.13E-04,-2.14E-04,-2.15E-04,-2.13E-04,-2.11E-04,-2.11E-04,-2.13E-04,-2.15E-04,-2.22E-04,-2.29E-04,-2.25E-04,-2.12E-04,-1.97E-04,-1.85E-04,-1.78E-04,-1.75E-04,-1.77E-04,-1.81E-04,-1.90E-04,-2.01E-04,-2.12E-04,-2.22E-04,-2.27E-04,-2.31E-04,-2.36E-04,-2.39E-04,-2.41E-04,-2.42E-04,-2.42E-04,-2.41E-04,-2.38E-04,-2.38E-04,-2.36E-04,-2.35E-04,-2.37E-04,-2.41E-04,-2.45E-04,-2.49E-04
193,LFP1,38,0,46.13734388,-2.52E-04,-2.50E-04,-2.48E-04,-2.46E-04,-2.44E-04,-2.42E-04,-2.42E-04,-2.44E-04,-2.46E-04,-2.46E-04,-2.45E-04,-2.45E-04,-2.45E-04,-2.45E-04,-2.45E-04,-2.46E-04,-2.47E-04,-2.49E-04,-2.52E-04,-2.56E-04,-2.60E-04,-2.62E-04,-2.63E-04,-2.63E-04,-2.62E-04,-2.62E-04,-2.61E-04,-2.61E-04,-2.60E-04,-2.63E-04,-2.66E-04,-2.70E-04,-2.72E-04,-2.76E-04,-2.78E-04,-2.80E-04,-2.81E-04,-2.83E-04,-2.85E-04,-2.86E-04,-2.88E-04,-2.89E-04,-2.90E-04,-2.91E-04,-2.94E-04,-2.96E-04,-2.99E-04,-2.99E-04,-3.01E-04,-3.03E-04,-3.07E-04,-3.09E-04,-3.11E-04,-3.14E-04,-3.15E-04,-3.17E-04,-3.19E-04,-3.20E-04,-3.16E-04,-3.14E-04,-3.12E-04,-3.12E-04,-3.13E-04,-3.13E-04,-3.13E-04,-3.16E-04,-3.19E-04,-3.17E-04,-3.07E-04,-2.94E-04,-2.85E-04,-2.79E-04,-2.76E-04,-2.76E-04,-2.78E-04,-2.84E-04,-2.95E-04,-3.07E-04,-3.19E-04,-3.29E-04,-3.36E-04,-3.39E-04,-3.42E-04,-3.43E-04,-3.43E-04,-3.42E-04,-3.45E-04,-3.47E-04,-3.47E-04,-3.48E-04,-3.49E-04,-3.51E-04,-3.51E-04,-3.50E-04,-3.48E-04,-3.48E-04,-3.50E-04,-3.54E-04,-3.55E-04,-3.53E-04,-3.52E-04,-3.51E-04,-3.52E-04,-3.57E-04,-3.62E-04,-3.63E-04,-3.64E-04,-3.63E-04,-3.63E-04,-3.63E-04,-3.64E-04,-3.67E-04,-3.68E-04,-3.71E-04,-3.72E-04,-3.73E-04,-3.74E-04,-3.74E-04,-3.73E-04,-3.74E-04,-3.76E-04,-3.77E-04,-3.79E-04,-3.82E-04,-3.82E-04,-3.81E-04,-3.81E-04,-3.82E-04,-3.80E-04,-3.77E-04,-3.75E-04,-3.74E-04,-3.75E-04,-3.75E-04,-3.73E-04,-3.73E-04,-3.75E-04,-3.73E-04,-3.69E-04,-3.68E-04,-3.68E-04,-3.69E-04,-3.71E-04,-3.75E-04,-3.78E-04,-3.80E-04,-3.77E-04,-3.74E-04,-3.69E-04,-3.65E-04,-3.63E-04,-3.62E-04,-3.61E-04,-3.63E-04,-3.65E-04,-3.60E-04,-3.47E-04,-3.33E-04,-3.22E-04,-3.13E-04,-3.09E-04,-3.13E-04,-3.25E-04,-3.40E-04,-3.55E-04,-3.66E-04,-3.74E-04,-3.77E-04,-3.79E-04,-3.81E-04,-3.83E-04,-3.85E-04,-3.86E-04,-3.87E-04,-3.88E-04,-3.87E-04,-3.86E-04,-3.84E-04,-3.82E-04,-3.79E-04,-3.76E-04,-3.74E-04,-3.74E-04,-3.77E-04,-3.78E-04,-3.79E-04,-3.81E-04,-3.84E-04,-3.86E-04,-3.88E-04,-3.90E-04,-3.90E-04,-3.89E-04,-3.89E-04,-3.88E-04,-3.89E-04,-3.89E-04,-3.89E-04,-3.88E-04,-3.88E-04,-3.89E-04,-3.90E-04,-3.93E-04,-3.95E-04,-3.94E-04,-3.95E-04,-3.96E-04,-3.97E-04,-4.01E-04,-4.05E-04,-4.09E-04,-4.12E-04,-4.15E-04,-4.16E-04,-4.15E-04,-4.14E-04,-4.15E-04,-4.16E-04,-4.15E-04,-4.13E-04,-4.12E-04,-4.12E-04,-4.16E-04,-4.20E-04,-4.23E-04,-4.27E-04,-4.29E-04,-4.30E-04,-4.32E-04,-4.32E-04,-4.29E-04,-4.26E-04,-4.23E-04,-4.23E-04,-4.23E-04,-4.20E-04,-4.18E-04,-4.19E-04,-4.21E-04,-4.24E-04,-4.23E-04,-4.12E-04,-3.96E-04,-3.81E-04,-3.69E-04,-3.60E-04,-3.52E-04,-3.49E-04,-3.55E-04,-3.69E-04,-3.85E-04,-3.99E-04,-4.08E-04,-4.14E-04,-4.18E-04,-4.21E-04
194,LFP1,38,0,46.22123003,-4.23E-04,-4.24E-04,-4.23E-04,-4.21E-04,-4.19E-04,-4.20E-04,-4.22E-04,-4.24E-04,-4.25E-04,-4.23E-04,-4.22E-04,-4.22E-04,-4.21E-04,-4.20E-04,-4.20E-04,-4.20E-04,-4.20E-04,-4.19E-04,-4.20E-04,-4.21E-04,-4.21E-04,-4.21E-04,-4.20E-04,-4.19E-04,-4.20E-04,-4.24E-04,-4.27E-04,-4.30E-04,-4.32E-04,-4.32E-04,-4.32E-04,-4.32E-04,-4.32E-04,-4.34E-04,-4.35E-04,-4.35E-04,-4.36E-04,-4.39E-04,-4.44E-04,-4.47E-04,-4.48E-04,-4.48E-04,-4.48E-04,-4.49E-04,-4.46E-04,-4.42E-04,-4.38E-04,-4.35E-04,-4.30E-04,-4.28E-04,-4.27E-04,-4.27E-04,-4.26E-04,-4.24E-04,-4.22E-04,-4.19E-04,-4.16E-04,-4.13E-04,-4.11E-04,-4.07E-04,-4.03E-04,-4.01E-04,-4.00E-04,-3.99E-04,-3.98E-04,-3.98E-04,-3.95E-04,-3.94E-04,-3.94E-04,-3.96E-04,-3.98E-04,-3.97E-04,-3.95E-04,-3.93E-04,-3.90E-04,-3.89E-04,-3.89E-04,-3.88E-04,-3.85E-04,-3.81E-04,-3.79E-04,-3.78E-04,-3.77E-04,-3.75E-04,-3.74E-04,-3.73E-04,-3.74E-04,-3.75E-04,-3.74E-04,-3.71E-04,-3.69E-04,-3.68E-04,-3.65E-04,-3.62E-04,-3.60E-04,-3.58E-04,-3.57E-04,-3.54E-04,-3.51E-04,-3.47E-04,-3.46E-04,-3.45E-04,-3.46E-04,-3.47E-04,-3.48E-04,-3.48E-04,-3.46E-04,-3.43E-04,-3.41E-04,-3.40E-04,-3.38E-04,-3.36E-04,-3.33E-04,-3.28E-04,-3.15E-04,-2.97E-04,-2.80E-04,-2.67E-04,-2.60E-04,-2.55E-04,-2.53E-04,-2.54E-04,-2.55E-04,-2.55E-04,-2.56E-04,-2.58E-04,-2.65E-04,-2.76E-04,-2.86E-04,-2.92E-04,-2.97E-04,-3.00E-04,-3.01E-04,-3.00E-04,-3.00E-04,-2.99E-04,-2.96E-04,-2.93E-04,-2.93E-04,-2.93E-04,-2.92E-04,-2.91E-04,-2.89E-04,-2.87E-04,-2.83E-04,-2.80E-04,-2.78E-04,-2.79E-04,-2.81E-04,-2.83E-04,-2.84E-04,-2.84E-04,-2.83E-04,-2.82E-04,-2.80E-04,-2.75E-04,-2.70E-04,-2.66E-04,-2.62E-04,-2.61E-04,-2.60E-04,-2.59E-04,-2.58E-04,-2.58E-04,-2.60E-04,-2.60E-04,-2.60E-04,-2.56E-04,-2.53E-04,-2.52E-04,-2.54E-04,-2.56E-04,-2.58E-04,-2.58E-04,-2.55E-04,-2.52E-04,-2.48E-04,-2.44E-04,-2.41E-04,-2.39E-04,-2.35E-04,-2.32E-04,-2.28E-04,-2.24E-04,-2.23E-04,-2.23E-04,-2.23E-04,-2.22E-04,-2.20E-04,-2.17E-04,-2.16E-04,-2.16E-04,-2.17E-04,-2.17E-04,-2.15E-04,-2.10E-04,-2.07E-04,-2.02E-04,-1.99E-04,-1.95E-04,-1.93E-04,-1.93E-04,-1.94E-04,-1.95E-04,-1.88E-04,-1.73E-04,-1.58E-04,-1.47E-04,-1.41E-04,-1.42E-04,-1.52E-04,-1.65E-04,-1.77E-04,-1.86E-04,-1.90E-04,-1.94E-04,-1.96E-04,-1.96E-04,-1.96E-04,-1.95E-04,-1.94E-04,-1.91E-04,-1.86E-04,-1.82E-04,-1.79E-04,-1.77E-04,-1.78E-04,-1.80E-04,-1.81E-04,-1.82E-04,-1.83E-04,-1.82E-04,-1.81E-04,-1.80E-04,-1.77E-04,-1.75E-04,-1.72E-04,-1.71E-04,-1.69E-04,-1.70E-04,-1.66E-04,-1.45E-04,-1.11E-04,-7.70E-05,-5.20E-05,-3.79E-05,-3.13E-05,-3.14E-05,-3.58E-05,-4.48E-05,-5.50E-05,-6.39E-05,-6.97E-05,-7.25E-05,-7.33E-05,-7.54E-05
195,LFP1,38,0,46.30511618,-7.89E-05,-8.18E-05,-8.70E-05,-9.96E-05,-1.15E-04,-1.29E-04,-1.39E-04,-1.47E-04,-1.53E-04,-1.57E-04,-1.60E-04,-1.60E-04,-1.59E-04,-1.58E-04,-1.59E-04,-1.59E-04,-1.58E-04,-1.58E-04,-1.58E-04,-1.60E-04,-1.61E-04,-1.61E-04,-1.60E-04,-1.57E-04,-1.56E-04,-1.55E-04,-1.56E-04,-1.48E-04,-1.33E-04,-1.18E-04,-1.08E-04,-1.08E-04,-1.18E-04,-1.32E-04,-1.46E-04,-1.56E-04,-1.64E-04,-1.70E-04,-1.73E-04,-1.74E-04,-1.73E-04,-1.74E-04,-1.76E-04,-1.79E-04,-1.83E-04,-1.87E-04,-1.92E-04,-1.95E-04,-1.98E-04,-1.96E-04,-1.92E-04,-1.90E-04,-1.90E-04,-1.88E-04,-1.87E-04,-1.85E-04,-1.83E-04,-1.81E-04,-1.78E-04,-1.74E-04,-1.72E-04,-1.70E-04,-1.67E-04,-1.65E-04,-1.63E-04,-1.61E-04,-1.60E-04,-1.59E-04,-1.59E-04,-1.60E-04,-1.61E-04,-1.62E-04,-1.63E-04,-1.63E-04,-1.64E-04,-1.65E-04,-1.66E-04,-1.62E-04,-1.57E-04,-1.53E-04,-1.50E-04,-1.49E-04,-1.48E-04,-1.50E-04,-1.52E-04,-1.54E-04,-1.55E-04,-1.56E-04,-1.56E-04,-1.57E-04,-1.58E-04,-1.59E-04,-1.59E-04,-1.59E-04,-1.54E-04,-1.41E-04,-1.28E-04,-1.17E-04,-1.11E-04,-1.07E-04,-1.05E-04,-1.03E-04,-1.02E-04,-1.01E-04,-1.00E-04,-9.83E-05,-9.47E-05,-9.04E-05,-8.62E-05,-8.19E-05,-7.90E-05,-7.81E-05,-7.55E-05,-7.25E-05,-6.92E-05,-6.63E-05,-6.36E-05,-6.23E-05,-6.03E-05,-5.80E-05,-5.66E-05,-5.68E-05,-5.64E-05,-5.62E-05,-5.65E-05,-5.65E-05,-5.59E-05,-5.55E-05,-5.65E-05,-5.87E-05,-6.01E-05,-6.04E-05,-6.08E-05,-6.16E-05,-6.22E-05,-6.09E-05,-5.56E-05,-4.19E-05,-2.59E-05,-1.18E-05,1.23E-07,7.83E-06,1.23E-05,1.34E-05,9.72E-06,-3.35E-07,-1.27E-05,-2.48E-05,-3.64E-05,-4.63E-05,-5.22E-05,-5.44E-05,-5.53E-05,-5.51E-05,-5.26E-05,-4.80E-05,-4.35E-05,-4.02E-05,-3.61E-05,-3.30E-05,-3.12E-05,-3.11E-05,-3.10E-05,-2.85E-05,-2.54E-05,-2.29E-05,-2.29E-05,-2.37E-05,-2.45E-05,-2.51E-05,-2.76E-05,-2.85E-05,-2.60E-05,-2.24E-05,-2.12E-05,-2.20E-05,-2.08E-05,-1.99E-05,-1.95E-05,-1.80E-05,-1.68E-05,-1.51E-05,-1.48E-05,-1.55E-05,-1.62E-05,-1.65E-05,-1.85E-05,-2.16E-05,-2.38E-05,-2.52E-05,-2.63E-05,-2.54E-05,-2.31E-05,-2.08E-05,-1.83E-05,-1.49E-05,-1.31E-05,-8.19E-06,-3.76E-06,-1.52E-06,-2.40E-06,-4.62E-06,-7.12E-06,-7.58E-06,-5.28E-06,-1.93E-06,-8.94E-07,4.83E-07,4.67E-06,7.06E-06,7.20E-06,8.27E-06,1.03E-05,9.73E-06,9.16E-06,9.39E-06,8.92E-06,7.20E-06,5.00E-06,2.76E-06,9.07E-07,1.96E-07,-6.02E-07,-1.57E-06,-3.27E-06,-3.62E-06,-1.06E-06,1.27E-06,1.55E-06,2.54E-06,2.02E-06,1.98E-07,-6.56E-08,1.10E-05,2.92E-05,4.64E-05,5.99E-05,6.81E-05,7.03E-05,6.29E-05,4.97E-05,3.56E-05,2.42E-05,1.55E-05,8.76E-06,4.53E-06,6.88E-07,-1.65E-06,-2.89E-06,-4.48E-06,-4.13E-06,-1.58E-06,6.65E-07,2.47E-06,3.26E-06,3.66E-06
196,LFP1,38,0,46.38900232,5.04E-06,6.53E-06,8.12E-06,8.53E-06,8.07E-06,7.07E-06,7.66E-06,9.39E-06,1.17E-05,1.37E-05,1.40E-05,1.23E-05,1.09E-05,1.10E-05,1.39E-05,1.40E-05,1.36E-05,1.44E-05,1.59E-05,1.97E-05,2.22E-05,2.16E-05,2.00E-05,1.77E-05,1.54E-05,1.31E-05,1.15E-05,1.03E-05,8.23E-06,7.58E-06,6.76E-06,4.20E-06,5.07E-07,-2.92E-06,-4.83E-06,-4.98E-06,-3.56E-06,-2.34E-06,-1.19E-06,1.74E-07,1.09E-06,6.19E-07,-8.32E-07,-1.45E-06,-2.72E-06,-4.63E-06,-6.85E-06,-6.85E-06,-5.05E-06,-3.93E-06,-2.73E-06,-1.01E-06,2.48E-06,5.29E-06,7.84E-06,1.00E-05,1.42E-05,1.73E-05,1.94E-05,1.95E-05,1.93E-05,1.95E-05,2.04E-05,2.08E-05,2.96E-05,4.70E-05,6.36E-05,7.43E-05,7.96E-05,8.22E-05,7.67E-05,6.44E-05,5.08E-05,4.02E-05,3.19E-05,2.53E-05,2.10E-05,1.87E-05,1.70E-05,1.51E-05,1.44E-05,1.48E-05,1.42E-05,1.10E-05,8.78E-06,8.28E-06,1.05E-05,1.37E-05,1.47E-05,1.43E-05,1.40E-05,1.41E-05,1.49E-05,1.55E-05,1.40E-05,1.15E-05,1.09E-05,1.05E-05,9.62E-06,7.09E-06,4.30E-06,2.39E-06,2.41E-06,3.59E-06,4.91E-06,5.93E-06,6.98E-06,9.37E-06,1.01E-05,8.07E-06,6.13E-06,4.30E-06,4.32E-06,3.28E-06,4.31E-06,7.07E-06,9.20E-06,1.01E-05,9.33E-06,7.32E-06,5.93E-06,5.81E-06,6.86E-06,1.02E-05,1.23E-05,1.45E-05,1.58E-05,1.70E-05,1.67E-05,1.49E-05,1.26E-05,9.55E-06,5.81E-06,3.42E-06,3.26E-06,5.49E-06,7.43E-06,7.92E-06,7.79E-06,6.38E-06,5.01E-06,3.91E-06,3.53E-06,3.53E-06,3.85E-06,4.96E-06,6.09E-06,8.24E-06,9.31E-06,9.65E-06,1.02E-05,9.88E-06,1.02E-05,1.05E-05,1.00E-05,1.18E-05,2.13E-05,3.67E-05,5.21E-05,6.51E-05,7.26E-05,7.62E-05,7.48E-05,6.27E-05,4.58E-05,2.95E-05,1.62E-05,9.31E-06,9.07E-06,8.61E-06,7.77E-06,7.90E-06,7.85E-06,7.63E-06,7.70E-06,9.40E-06,9.96E-06,8.59E-06,7.41E-06,6.35E-06,5.56E-06,5.30E-06,4.65E-06,1.78E-06,-2.22E-06,-5.21E-06,-8.49E-06,-1.31E-05,-1.64E-05,-1.56E-05,-1.37E-05,-1.22E-05,-1.12E-05,-1.03E-05,-9.82E-06,-1.21E-05,-1.74E-05,-2.12E-05,-2.27E-05,-2.40E-05,-2.35E-05,-2.24E-05,-2.15E-05,-2.20E-05,-2.23E-05,-2.06E-05,-1.80E-05,-1.33E-05,-1.18E-05,-1.30E-05,-1.40E-05,-1.51E-05,-1.61E-05,-1.73E-05,-1.86E-05,-1.64E-05,-1.30E-05,-1.10E-05,-8.86E-06,-7.57E-06,-8.76E-06,-1.02E-05,-1.16E-05,-1.20E-05,-1.19E-05,-9.95E-06,-8.37E-06,-4.41E-06,-4.91E-07,2.10E-06,1.94E-06,-9.78E-07,-1.88E-06,-1.91E-06,-3.08E-07,1.22E-06,1.54E-06,1.37E-06,7.95E-07,2.23E-07,1.06E-06,3.03E-06,5.39E-06,6.87E-06,7.39E-06,1.30E-05,2.90E-05,4.85E-05,6.49E-05,7.43E-05,7.60E-05,6.82E-05,5.48E-05,3.89E-05,2.37E-05,1.50E-05
197,LFP1,38,0,46.47288823,1.12E-05,9.22E-06,8.24E-06,9.07E-06,9.12E-06,8.37E-06,9.72E-06,1.43E-05,1.80E-05,2.06E-05,2.27E-05,2.45E-05,2.64E-05,2.74E-05,2.78E-05,2.77E-05,2.43E-05,2.03E-05,1.95E-05,2.08E-05,2.25E-05,2.54E-05,3.01E-05,3.52E-05,3.88E-05,3.91E-05,3.67E-05,3.45E-05,3.42E-05,3.30E-05,3.23E-05,3.24E-05,3.12E-05,2.94E-05,2.83E-05,2.75E-05,2.72E-05,2.62E-05,2.61E-05,2.63E-05,2.72E-05,2.76E-05,2.74E-05,2.67E-05,2.56E-05,2.35E-05,2.26E-05,2.10E-05,1.87E-05,1.72E-05,1.54E-05,1.45E-05,1.56E-05,1.55E-05,1.54E-05,1.30E-05,9.06E-06,4.83E-06,1.93E-06,-6.13E-07,-2.87E-06,-3.92E-06,-4.90E-06,-3.74E-06,-4.07E-06,-5.80E-06,-6.91E-06,-8.79E-06,-1.07E-05,-1.19E-05,-1.05E-05,-1.15E-05,-1.42E-05,-1.40E-05,-1.26E-05,-9.01E-06,4.80E-06,2.34E-05,4.30E-05,5.51E-05,5.76E-05,4.83E-05,3.31E-05,1.81E-05,6.07E-06,-8.57E-07,-4.29E-06,-4.85E-06,-5.05E-06,-3.47E-06,-1.90E-06,-2.09E-06,-2.63E-06,-1.82E-06,-2.61E-06,-4.74E-06,-5.05E-06,-3.54E-06,-2.57E-06,-3.12E-06,-3.99E-06,-2.19E-06,2.03E-06,3.26E-06,4.15E-06,6.67E-06,9.76E-06,1.27E-05,1.54E-05,1.70E-05,1.86E-05,2.14E-05,2.31E-05,2.43E-05,2.40E-05,2.35E-05,2.28E-05,2.20E-05,2.37E-05,2.44E-05,2.28E-05,1.91E-05,1.46E-05,1.17E-05,9.62E-06,8.31E-06,6.46E-06,5.48E-06,3.93E-06,3.51E-06,9.99E-07,-2.14E-06,-3.34E-06,-2.94E-06,-4.12E-06,-6.19E-06,-7.99E-06,-8.76E-06,-6.71E-06,-4.70E-06,-3.57E-06,-1.39E-06,3.25E-06,1.12E-05,1.71E-05,2.26E-05,2.48E-05,2.40E-05,2.14E-05,1.89E-05,1.88E-05,1.89E-05,1.85E-05,1.77E-05,2.12E-05,3.61E-05,5.55E-05,7.31E-05,8.46E-05,8.50E-05,7.51E-05,6.03E-05,4.75E-05,3.82E-05,3.18E-05,2.80E-05,2.64E-05,2.42E-05,2.19E-05,2.05E-05,2.20E-05,2.34E-05,2.57E-05,2.86E-05,2.98E-05,2.83E-05,2.70E-05,2.73E-05,2.78E-05,2.72E-05,2.66E-05,2.77E-05,2.84E-05,2.93E-05,3.14E-05,3.36E-05,3.37E-05,3.35E-05,3.29E-05,3.23E-05,3.04E-05,2.85E-05,2.67E-05,2.43E-05,2.25E-05,1.91E-05,1.56E-05,1.33E-05,1.19E-05,8.33E-06,3.69E-06,-2.51E-07,-9.72E-07,-7.67E-08,1.55E-06,4.70E-06,8.64E-06,1.15E-05,1.38E-05,1.37E-05,1.23E-05,1.01E-05,7.78E-06,7.53E-06,6.08E-06,7.21E-06,9.44E-06,9.73E-06,8.01E-06,7.65E-06,8.13E-06,9.94E-06,1.15E-05,1.35E-05,1.43E-05,1.57E-05,1.54E-05,1.24E-05,9.92E-06,7.76E-06,5.64E-06,5.52E-06,6.01E-06,5.24E-06,5.62E-06,7.92E-06,1.01E-05,1.03E-05,9.94E-06,1.05E-05,1.82E-05,3.53E-05,5.38E-05,6.90E-05,7.94E-05,8.13E-05,7.20E-05,5.74E-05,4.36E-05,3.08E-05,2.11E-05,1.64E-05,1.52E-05,1.54E-05,1.63E-05,1.75E-05
198,LFP1,38,0,46.55677438,1.94E-05,1.95E-05,1.65E-05,1.25E-05,9.94E-06,9.54E-06,9.66E-06,1.01E-05,1.25E-05,1.57E-05,1.66E-05,1.69E-05,1.67E-05,1.44E-05,1.18E-05,1.23E-05,1.45E-05,1.61E-05,1.66E-05,1.80E-05,1.89E-05,1.84E-05,1.64E-05,1.47E-05,1.40E-05,1.44E-05,1.52E-05,1.58E-05,1.68E-05,1.82E-05,1.89E-05,1.84E-05,1.70E-05,1.67E-05,1.69E-05,1.69E-05,1.64E-05,1.64E-05,1.74E-05,1.87E-05,1.86E-05,1.87E-05,1.67E-05,1.40E-05,1.21E-05,1.01E-05,1.02E-05,1.05E-05,1.09E-05,1.24E-05,1.48E-05,1.84E-05,2.17E-05,2.21E-05,2.23E-05,2.25E-05,2.22E-05,2.34E-05,2.55E-05,2.63E-05,2.79E-05,2.77E-05,2.62E-05,2.37E-05,2.12E-05,1.79E-05,1.56E-05,1.41E-05,1.25E-05,1.30E-05,2.01E-05,3.74E-05,5.75E-05,7.53E-05,8.60E-05,8.71E-05,7.71E-05,6.00E-05,4.37E-05,3.25E-05,2.40E-05,1.80E-05,1.30E-05,9.80E-06,9.52E-06,1.16E-05,1.55E-05,1.86E-05,1.94E-05,1.80E-05,1.58E-05,1.12E-05,7.48E-06,5.16E-06,3.33E-06,2.53E-06,1.93E-06,3.22E-06,2.65E-06,1.55E-07,-2.15E-06,-2.87E-06,-1.94E-06,-1.56E-06,1.16E-06,2.87E-06,2.72E-06,8.15E-07,3.58E-07,5.61E-07,9.60E-07,1.93E-06,8.41E-07,-2.14E-06,-5.44E-06,-7.84E-06,-8.78E-06,-9.31E-06,-1.04E-05,-1.02E-05,-7.48E-06,-2.89E-06,-2.04E-06,-3.62E-06,-5.19E-06,-6.23E-06,-7.50E-06,-9.74E-06,-1.18E-05,-1.13E-05,-1.11E-05,-1.10E-05,-1.21E-05,-1.17E-05,-9.47E-06,-7.07E-06,-5.14E-06,-3.29E-06,-1.78E-06,6.20E-07,2.31E-06,1.67E-06,6.20E-07,1.36E-06,2.34E-06,1.40E-06,8.08E-07,-5.49E-07,-1.81E-06,8.92E-07,1.39E-05,3.10E-05,4.86E-05,6.33E-05,6.90E-05,6.37E-05,5.19E-05,3.81E-05,2.50E-05,1.83E-05,1.85E-05,2.19E-05,2.45E-05,2.69E-05,2.64E-05,2.39E-05,2.09E-05,1.97E-05,1.97E-05,1.97E-05,2.31E-05,2.51E-05,2.63E-05,2.72E-05,2.70E-05,2.59E-05,2.46E-05,2.35E-05,2.28E-05,2.25E-05,2.16E-05,2.08E-05,2.05E-05,2.13E-05,2.07E-05,1.98E-05,2.01E-05,2.07E-05,2.28E-05,2.54E-05,2.70E-05,2.52E-05,2.31E-05,2.22E-05,2.12E-05,2.08E-05,1.86E-05,1.57E-05,1.22E-05,8.66E-06,7.44E-06,7.02E-06,7.18E-06,7.26E-06,6.27E-06,2.77E-06,-1.21E-06,-2.11E-06,-1.93E-06,-2.41E-06,-3.28E-06,-3.78E-06,-4.99E-06,-7.16E-06,-9.64E-06,-1.09E-05,-1.04E-05,-9.86E-06,-9.53E-06,-8.58E-06,-8.37E-06,-8.44E-06,-6.82E-06,-3.19E-06,-3.14E-07,-2.92E-07,-1.87E-06,-4.38E-06,-6.20E-06,-1.06E-05,-1.43E-05,-1.60E-05,-1.45E-05,-1.16E-05,-8.89E-06,-6.86E-06,-7.60E-06,-8.14E-06,-5.39E-06,8.10E-06,2.65E-05,4.36E-05,5.81E-05,6.61E-05,5.92E-05,4.45E-05,2.94E-05,1.63E-05,5.09E-06,-2.82E-06,-6.97E-06,-8.76E-06,-7.23E-06,-6.14E-06,-5.44E-06,-3.13E-06
199,LFP1,38,0,46.64066052,-8.90E-07,1.39E-06,9.56E-07,-2.43E-07,-8.63E-07,-1.91E-06,-2.15E-06,-3.28E-06,-5.73E-06,-8.67E-06,-1.04E-05,-1.18E-05,-1.06E-05,-7.33E-06,-4.77E-06,-4.09E-06,-4.95E-06,-6.30E-06,-8.28E-06,-8.40E-06,-9.92E-06,-1.10E-05,-1.04E-05,-1.07E-05,-1.06E-05,-1.10E-05,-1.23E-05,-1.43E-05,-1.47E-05,-1.53E-05,-1.66E-05,-1.84E-05,-1.86E-05,-1.97E-05,-1.94E-05,-2.01E-05,-2.03E-05,-1.97E-05,-1.88E-05,-1.98E-05,-2.21E-05,-2.47E-05,-2.67E-05,-2.99E-05,-2.91E-05,-2.60E-05,-2.46E-05,-2.15E-05,-1.86E-05,-1.75E-05,-1.90E-05,-2.14E-05,-2.21E-05,-2.29E-05,-2.23E-05,-2.06E-05,-1.81E-05,-1.67E-05,-1.73E-05,-1.69E-05,-1.67E-05,-1.65E-05,-1.61E-05,-1.72E-05,-2.05E-05,-2.49E-05,-2.76E-05,-2.78E-05,-2.84E-05,-2.99E-05,-2.85E-05,-2.77E-05,-2.87E-05,-2.92E-05,-2.12E-05,-6.75E-06,1.01E-05,2.30E-05,3.11E-05,2.94E-05,1.77E-05,2.25E-06,-1.22E-05,-2.33E-05,-3.00E-05,-3.38E-05,-3.28E-05,-3.15E-05,-3.15E-05,-3.19E-05,-3.39E-05,-3.57E-05,-3.62E-05,-3.63E-05,-3.74E-05,-3.94E-05,-4.16E-05,-4.34E-05,-4.28E-05,-4.25E-05,-4.21E-05,-4.38E-05,-4.66E-05,-4.81E-05,-4.61E-05,-4.45E-05,-4.31E-05,-4.33E-05,-4.34E-05,-4.38E-05,-4.32E-05,-4.28E-05,-4.54E-05,-4.84E-05,-5.14E-05,-5.34E-05,-5.61E-05,-5.86E-05,-5.93E-05,-5.94E-05,-5.77E-05,-5.74E-05,-5.96E-05,-6.24E-05,-6.53E-05,-6.83E-05,-7.01E-05,-7.16E-05,-7.19E-05,-7.11E-05,-6.87E-05,-6.68E-05,-6.39E-05,-5.92E-05,-5.78E-05,-5.86E-05,-6.05E-05,-6.36E-05,-6.59E-05,-6.67E-05,-6.72E-05,-6.91E-05,-6.89E-05,-6.80E-05,-6.84E-05,-6.89E-05,-6.85E-05,-6.74E-05,-6.72E-05,-6.76E-05,-6.76E-05,-6.77E-05,-6.87E-05,-6.81E-05,-6.21E-05,-3.85E-05,-6.25E-06,2.50E-05,5.88E-05,9.31E-05,1.20E-04,1.33E-04,1.31E-04,1.16E-04,9.49E-05,7.57E-05,6.07E-05,4.91E-05,4.20E-05,3.92E-05,3.82E-05,3.64E-05,3.53E-05,3.42E-05,3.30E-05,3.18E-05,2.97E-05,2.70E-05,2.49E-05,2.22E-05,1.87E-05,1.68E-05,1.64E-05,1.67E-05,1.50E-05,5.97E-06,-5.96E-06,-1.97E-05,-3.23E-05,-3.99E-05,-4.47E-05,-4.75E-05,-4.71E-05,-4.57E-05,-4.66E-05,-5.00E-05,-5.14E-05,-5.05E-05,-4.92E-05,-4.67E-05,-4.54E-05,-4.49E-05,-4.70E-05,-4.84E-05,-5.07E-05,-5.46E-05,-5.83E-05,-6.31E-05,-6.62E-05,-6.85E-05,-7.12E-05,-7.50E-05,-7.79E-05,-8.17E-05,-8.61E-05,-9.03E-05,-9.12E-05,-9.11E-05,-9.21E-05,-9.27E-05,-9.38E-05,-9.42E-05,-9.36E-05,-9.40E-05,-9.45E-05,-9.47E-05,-9.30E-05,-8.96E-05,-8.81E-05,-8.93E-05,-9.14E-05,-9.36E-05,-9.44E-05,-9.44E-05,-9.48E-05,-9.66E-05,-9.72E-05,-9.83E-05,-9.74E-05,-9.60E-05,-9.32E-05,-7.82E-05,-5.76E-05,-3.86E-05,-2.51E-05,-2.43E-05,-3.46E-05,-4.95E-05,-6.68E-05,-8.21E-05,-9.34E-05,-9.85E-05,-9.92E-05,-9.91E-05,-9.84E-05,-9.89E-05
200,LFP1,38,0,46.72454667,-1.02E-04,-1.07E-04,-1.11E-04,-1.13E-04,-1.17E-04,-1.20E-04,-1.23E-04,-1.25E-04,-1.25E-04,-1.27E-04,-1.30E-04,-1.34E-04,-1.39E-04,-1.42E-04,-1.43E-04,-1.42E-04,-1.40E-04,-1.37E-04,-1.35E-04,-1.35E-04,-1.35E-04,-1.38E-04,-1.42E-04,-1.43E-04,-1.43E-04,-1.43E-04,-1.42E-04,-1.41E-04,-1.41E-04,-1.42E-04,-1.42E-04,-1.42E-04,-1.43E-04,-1.45E-04,-1.45E-04,-1.44E-04,-1.44E-04,-1.44E-04,-1.43E-04,-1.43E-04,-1.44E-04,-1.47E-04,-1.49E-04,-1.51E-04,-1.53E-04,-1.54E-04,-1.56E-04,-1.57E-04,-1.61E-04,-1.62E-04,-1.66E-04,-1.67E-04,-1.69E-04,-1.71E-04,-1.71E-04,-1.71E-04,-1.71E-04,-1.71E-04,-1.73E-04,-1.72E-04,-1.73E-04,-1.74E-04,-1.75E-04,-1.75E-04,-1.74E-04,-1.73E-04,-1.74E-04,-1.75E-04,-1.75E-04,-1.76E-04,-1.73E-04,-1.60E-04,-1.42E-04,-1.26E-04,-1.16E-04,-1.16E-04,-1.28E-04,-1.41E-04,-1.52E-04,-1.60E-04,-1.65E-04,-1.66E-04,-1.68E-04,-1.69E-04,-1.67E-04,-1.67E-04,-1.68E-04,-1.67E-04,-1.68E-04,-1.69E-04,-1.69E-04,-1.72E-04,-1.73E-04,-1.73E-04,-1.74E-04,-1.76E-04,-1.76E-04,-1.77E-04,-1.79E-04,-1.83E-04,-1.86E-04,-1.87E-04,-1.89E-04,-1.92E-04,-1.95E-04,-1.98E-04,-2.02E-04,-2.04E-04,-2.06E-04,-2.07E-04,-2.09E-04,-2.11E-04,-2.14E-04,-2.16E-04,-2.16E-04,-2.16E-04,-2.17E-04,-2.18E-04,-2.19E-04,-2.21E-04,-2.24E-04,-2.28E-04,-2.31E-04,-2.35E-04,-2.38E-04,-2.39E-04,-2.38E-04,-2.36E-04,-2.34E-04,-2.32E-04,-2.31E-04,-2.33E-04,-2.34E-04,-2.35E-04,-2.35E-04,-2.35E-04,-2.37E-04,-2.38E-04,-2.35E-04,-2.32E-04,-2.31E-04,-2.31E-04,-2.32E-04,-2.32E-04,-2.33E-04,-2.33E-04,-2.35E-04,-2.38E-04,-2.42E-04,-2.47E-04,-2.50E-04,-2.53E-04,-2.54E-04,-2.56E-04,-2.59E-04,-2.62E-04,-2.62E-04,-2.61E-04,-2.60E-04,-2.62E-04,-2.64E-04,-2.65E-04,-2.65E-04,-2.65E-04,-2.63E-04,-2.60E-04,-2.57E-04,-2.55E-04,-2.57E-04,-2.59E-04,-2.61E-04,-2.61E-04,-2.59E-04,-2.50E-04,-2.36E-04,-2.21E-04,-2.08E-04,-1.97E-04,-1.93E-04,-2.02E-04,-2.17E-04,-2.34E-04,-2.48E-04,-2.56E-04,-2.59E-04,-2.59E-04,-2.58E-04,-2.57E-04,-2.57E-04,-2.58E-04,-2.61E-04,-2.63E-04,-2.64E-04,-2.64E-04,-2.64E-04,-2.67E-04,-2.70E-04,-2.71E-04,-2.72E-04,-2.75E-04,-2.75E-04,-2.73E-04,-2.72E-04,-2.73E-04,-2.74E-04,-2.76E-04,-2.78E-04,-2.80E-04,-2.81E-04,-2.83E-04,-2.84E-04,-2.87E-04,-2.90E-04,-2.93E-04,-2.97E-04,-3.01E-04,-3.04E-04,-3.06E-04,-3.08E-04,-3.08E-04,-3.09E-04,-3.11E-04,-3.13E-04,-3.15E-04,-3.16E-04,-3.18E-04,-3.19E-04,-3.19E-04,-3.20E-04,-3.22E-04,-3.22E-04,-3.22E-04,-3.22E-04,-3.22E-04,-3.22E-04,-3.23E-04,-3.23E-04,-3.22E-04,-3.20E-04,-3.19E-04,-3.18E-04,-3.20E-04,-3.19E-04,-3.18E-04,-3.18E-04,-3.21E-04,-3.23E-04,-3.24E-04,-3.22E-04,-3.21E-04,-3.20E-04,-3.16E-04,-3.13E-04,-3.12E-04,-3.14E-04,-3.16E-04
201,LFP1,38,0,46.80843258,-3.18E-04,-3.19E-04,-3.18E-04,-3.08E-04,-2.92E-04,-2.75E-04,-2.61E-04,-2.56E-04,-2.64E-04,-2.77E-04,-2.91E-04,-3.04E-04,-3.15E-04,-3.22E-04,-3.27E-04,-3.30E-04,-3.29E-04,-3.29E-04,-3.30E-04,-3.33E-04,-3.36E-04,-3.40E-04,-3.42E-04,-3.44E-04,-3.44E-04,-3.42E-04,-3.38E-04,-3.38E-04,-3.38E-04,-3.39E-04,-3.39E-04,-3.40E-04,-3.41E-04,-3.39E-04,-3.38E-04,-3.36E-04,-3.37E-04,-3.38E-04,-3.40E-04,-3.42E-04,-3.43E-04,-3.45E-04,-3.48E-04,-3.51E-04,-3.52E-04,-3.50E-04,-3.46E-04,-3.42E-04,-3.41E-04,-3.42E-04,-3.45E-04,-3.50E-04,-3.53E-04,-3.55E-04,-3.55E-04,-3.56E-04,-3.56E-04,-3.59E-04,-3.63E-04,-3.65E-04,-3.66E-04,-3.65E-04,-3.63E-04,-3.63E-04,-3.63E-04,-3.64E-04,-3.68E-04,-3.70E-04,-3.68E-04,-3.64E-04,-3.60E-04,-3.59E-04,-3.60E-04,-3.61E-04,-3.63E-04,-3.66E-04,-3.67E-04,-3.58E-04,-3.40E-04,-3.20E-04,-3.10E-04,-3.16E-04,-3.30E-04,-3.42E-04,-3.53E-04,-3.59E-04,-3.61E-04,-3.62E-04,-3.63E-04,-3.63E-04,-3.66E-04,-3.68E-04,-3.68E-04,-3.68E-04,-3.71E-04,-3.71E-04,-3.69E-04,-3.67E-04,-3.64E-04,-3.61E-04,-3.57E-04,-3.56E-04,-3.54E-04,-3.51E-04,-3.51E-04,-3.53E-04,-3.54E-04,-3.55E-04,-3.56E-04,-3.58E-04,-3.61E-04,-3.63E-04,-3.64E-04,-3.63E-04,-3.59E-04,-3.55E-04,-3.51E-04,-3.48E-04,-3.46E-04,-3.47E-04,-3.46E-04,-3.48E-04,-3.51E-04,-3.54E-04,-3.56E-04,-3.57E-04,-3.57E-04,-3.56E-04,-3.58E-04,-3.58E-04,-3.58E-04,-3.57E-04,-3.57E-04,-3.55E-04,-3.52E-04,-3.49E-04,-3.49E-04,-3.49E-04,-3.49E-04,-3.50E-04,-3.49E-04,-3.47E-04,-3.45E-04,-3.45E-04,-3.44E-04,-3.42E-04,-3.38E-04,-3.34E-04,-3.32E-04,-3.34E-04,-3.30E-04,-3.16E-04,-2.98E-04,-2.85E-04,-2.82E-04,-2.86E-04,-2.96E-04,-3.06E-04,-3.17E-04,-3.26E-04,-3.32E-04,-3.35E-04,-3.37E-04,-3.38E-04,-3.38E-04,-3.38E-04,-3.39E-04,-3.40E-04,-3.40E-04,-3.42E-04,-3.44E-04,-3.45E-04,-3.46E-04,-3.46E-04,-3.45E-04,-3.44E-04,-3.45E-04,-3.47E-04,-3.49E-04,-3.50E-04,-3.49E-04,-3.46E-04,-3.43E-04,-3.41E-04,-3.41E-04,-3.40E-04,-3.40E-04,-3.39E-04,-3.36E-04,-3.35E-04,-3.34E-04,-3.37E-04,-3.40E-04,-3.44E-04,-3.45E-04,-3.45E-04,-3.43E-04,-3.39E-04,-3.32E-04,-3.28E-04,-3.25E-04,-3.23E-04,-3.22E-04,-3.22E-04,-3.25E-04,-3.29E-04,-3.34E-04,-3.34E-04,-3.34E-04,-3.33E-04,-3.34E-04,-3.35E-04,-3.35E-04,-3.36E-04,-3.36E-04,-3.35E-04,-3.35E-04,-3.34E-04,-3.30E-04,-3.29E-04,-3.29E-04,-3.29E-04,-3.31E-04,-3.31E-04,-3.29E-04,-3.26E-04,-3.22E-04,-3.10E-04,-2.91E-04,-2.71E-04,-2.54E-04,-2.50E-04,-2.59E-04,-2.73E-04,-2.85E-04,-2.94E-04,-3.02E-04,-3.06E-04,-3.08E-04,-3.12E-04,-3.13E-04,-3.12E-04,-3.09E-04,-3.09E-04,-3.10E-04,-3.11E-04,-3.10E-04,-3.10E-04,-3.11E-04,-3.11E-04,-3.09E-04,-3.07E-04,-3.02E-04,-2.98E-04,-2.97E-04,-2.97E-04
202,LFP1,38,0,46.89231873,-2.99E-04,-3.00E-04,-3.01E-04,-3.00E-04,-2.99E-04,-3.01E-04,-3.02E-04,-3.03E-04,-3.03E-04,-3.01E-04,-2.98E-04,-2.97E-04,-2.96E-04,-2.95E-04,-2.95E-04,-2.93E-04,-2.92E-04,-2.92E-04,-2.93E-04,-2.94E-04,-2.93E-04,-2.93E-04,-2.93E-04,-2.90E-04,-2.87E-04,-2.85E-04,-2.85E-04,-2.84E-04,-2.83E-04,-2.83E-04,-2.82E-04,-2.82E-04,-2.82E-04,-2.84E-04,-2.85E-04,-2.83E-04,-2.83E-04,-2.82E-04,-2.78E-04,-2.74E-04,-2.73E-04,-2.73E-04,-2.77E-04,-2.77E-04,-2.74E-04,-2.72E-04,-2.69E-04,-2.66E-04,-2.66E-04,-2.69E-04,-2.72E-04,-2.76E-04,-2.77E-04,-2.77E-04,-2.78E-04,-2.78E-04,-2.76E-04,-2.75E-04,-2.76E-04,-2.75E-04,-2.75E-04,-2.75E-04,-2.73E-04,-2.72E-04,-2.70E-04,-2.58E-04,-2.39E-04,-2.20E-04,-2.06E-04,-1.95E-04,-1.91E-04,-1.99E-04,-2.15E-04,-2.19E-04,-2.01E-04,-1.69E-04,-1.37E-04,-1.13E-04,-9.89E-05,-9.50E-05,-9.62E-05,-1.00E-04,-1.04E-04,-1.10E-04,-1.15E-04,-1.19E-04,-1.23E-04,-1.26E-04,-1.31E-04,-1.36E-04,-1.38E-04,-1.40E-04,-1.40E-04,-1.40E-04,-1.40E-04,-1.41E-04,-1.41E-04,-1.41E-04,-1.41E-04,-1.42E-04,-1.44E-04,-1.46E-04,-1.49E-04,-1.54E-04,-1.66E-04,-1.83E-04,-2.00E-04,-2.16E-04,-2.29E-04,-2.36E-04,-2.40E-04,-2.45E-04,-2.50E-04,-2.53E-04,-2.52E-04,-2.53E-04,-2.56E-04,-2.60E-04,-2.65E-04,-2.69E-04,-2.71E-04,-2.74E-04,-2.78E-04,-2.83E-04,-2.86E-04,-2.88E-04,-2.89E-04,-2.93E-04,-2.98E-04,-3.03E-04,-3.08E-04,-3.11E-04,-3.13E-04,-3.11E-04,-3.10E-04,-3.10E-04,-3.12E-04,-3.14E-04,-3.17E-04,-3.20E-04,-3.23E-04,-3.25E-04,-3.28E-04,-3.29E-04,-3.18E-04,-2.99E-04,-2.80E-04,-2.69E-04,-2.70E-04,-2.79E-04,-2.91E-04,-3.02E-04,-3.06E-04,-3.08E-04,-3.07E-04,-3.04E-04,-3.02E-04,-3.02E-04,-3.02E-04,-3.02E-04,-3.04E-04,-3.08E-04,-3.12E-04,-3.13E-04,-3.14E-04,-3.14E-04,-3.15E-04,-3.17E-04,-3.20E-04,-3.23E-04,-3.28E-04,-3.32E-04,-3.35E-04,-3.36E-04,-3.38E-04,-3.39E-04,-3.42E-04,-3.43E-04,-3.46E-04,-3.48E-04,-3.50E-04,-3.51E-04,-3.52E-04,-3.53E-04,-3.53E-04,-3.54E-04,-3.56E-04,-3.59E-04,-3.63E-04,-3.66E-04,-3.69E-04,-3.71E-04,-3.72E-04,-3.72E-04,-3.72E-04,-3.71E-04,-3.67E-04,-3.66E-04,-3.67E-04,-3.70E-04,-3.71E-04,-3.72E-04,-3.70E-04,-3.65E-04,-3.62E-04,-3.60E-04,-3.60E-04,-3.60E-04,-3.61E-04,-3.63E-04,-3.64E-04,-3.63E-04,-3.62E-04,-3.60E-04,-3.61E-04,-3.62E-04,-3.63E-04,-3.64E-04,-3.66E-04,-3.68E-04,-3.71E-04,-3.70E-04,-3.58E-04,-3.42E-04,-3.29E-04,-3.25E-04,-3.31E-04,-3.43E-04,-3.56E-04,-3.69E-04,-3.78E-04,-3.84E-04,-3.90E-04,-3.93E-04,-3.95E-04,-3.97E-04,-3.98E-04,-3.96E-04,-3.97E-04,-3.98E-04,-4.01E-04,-4.03E-04,-4.04E-04,-4.02E-04,-4.00E-04,-3.99E-04,-3.96E-04,-3.94E-04,-3.93E-04,-3.92E-04,-3.89E-04,-3.88E-04,-3.88E-04,-3.88E-04,-3.88E-04,-3.88E-04
203,LFP1,38,0,46.97620487,-3.87E-04,-3.86E-04,-3.85E-04,-3.81E-04,-3.80E-04,-3.80E-04,-3.81E-04,-3.81E-04,-3.82E-04,-3.84E-04,-3.84E-04,-3.82E-04,-3.80E-04,-3.80E-04,-3.81E-04,-3.82E-04,-3.83E-04,-3.84E-04,-3.84E-04,-3.85E-04,-3.85E-04,-3.86E-04,-3.87E-04,-3.86E-04,-3.86E-04,-3.88E-04,-3.89E-04,-3.92E-04,-3.93E-04,-3.92E-04,-3.93E-04,-3.92E-04,-3.89E-04,-3.88E-04,-3.90E-04,-3.92E-04,-3.92E-04,-3.92E-04,-3.92E-04,-3.89E-04,-3.87E-04,-3.86E-04,-3.85E-04,-3.84E-04,-3.82E-04,-3.80E-04,-3.78E-04,-3.76E-04,-3.75E-04,-3.75E-04,-3.76E-04,-3.80E-04,-3.80E-04,-3.80E-04,-3.81E-04,-3.81E-04,-3.79E-04,-3.75E-04,-3.73E-04,-3.72E-04,-3.72E-04,-3.72E-04,-3.73E-04,-3.73E-04,-3.71E-04,-3.60E-04,-3.42E-04,-3.23E-04,-3.06E-04,-2.95E-04,-2.89E-04,-2.93E-04,-3.07E-04,-3.23E-04,-3.38E-04,-3.50E-04,-3.56E-04,-3.60E-04,-3.61E-04,-3.62E-04,-3.60E-04,-3.58E-04,-3.58E-04,-3.58E-04,-3.58E-04,-3.58E-04,-3.58E-04,-3.55E-04,-3.52E-04,-3.49E-04,-3.47E-04,-3.44E-04,-3.43E-04,-3.41E-04,-3.39E-04,-3.38E-04,-3.37E-04,-3.36E-04,-3.33E-04,-3.29E-04,-3.25E-04,-3.22E-04,-3.22E-04,-3.25E-04,-3.26E-04,-3.28E-04,-3.29E-04,-3.31E-04,-3.32E-04,-3.34E-04,-3.34E-04,-3.35E-04,-3.34E-04,-3.32E-04,-3.31E-04,-3.31E-04,-3.31E-04,-3.31E-04,-3.30E-04,-3.30E-04,-3.32E-04,-3.35E-04,-3.37E-04,-3.36E-04,-3.33E-04,-3.30E-04,-3.27E-04,-3.26E-04,-3.26E-04,-3.26E-04,-3.25E-04,-3.24E-04,-3.23E-04,-3.19E-04,-3.15E-04,-3.12E-04,-3.11E-04,-3.09E-04,-3.11E-04,-3.12E-04,-3.10E-04,-3.09E-04,-3.09E-04,-3.09E-04,-3.07E-04,-2.96E-04,-2.78E-04,-2.58E-04,-2.44E-04,-2.43E-04,-2.50E-04,-2.62E-04,-2.71E-04,-2.77E-04,-2.80E-04,-2.83E-04,-2.87E-04,-2.92E-04,-2.96E-04,-2.97E-04,-2.95E-04,-2.94E-04,-2.93E-04,-2.92E-04,-2.91E-04,-2.90E-04,-2.88E-04,-2.87E-04,-2.87E-04,-2.89E-04,-2.91E-04,-2.93E-04,-2.93E-04,-2.92E-04,-2.88E-04,-2.86E-04,-2.87E-04,-2.88E-04,-2.88E-04,-2.87E-04,-2.86E-04,-2.84E-04,-2.83E-04,-2.81E-04,-2.81E-04,-2.81E-04,-2.82E-04,-2.83E-04,-2.86E-04,-2.86E-04,-2.86E-04,-2.85E-04,-2.85E-04,-2.85E-04,-2.84E-04,-2.82E-04,-2.81E-04,-2.78E-04,-2.76E-04,-2.74E-04,-2.74E-04,-2.73E-04,-2.75E-04,-2.76E-04,-2.76E-04,-2.78E-04,-2.80E-04,-2.81E-04,-2.82E-04,-2.82E-04,-2.82E-04,-2.82E-04,-2.80E-04,-2.76E-04,-2.72E-04,-2.70E-04,-2.73E-04,-2.75E-04,-2.73E-04,-2.75E-04,-2.76E-04,-2.78E-04,-2.80E-04,-2.83E-04,-2.87E-04,-2.89E-04,-2.89E-04,-2.88E-04,-2.83E-04,-2.68E-04,-2.49E-04,-2.31E-04,-2.19E-04,-2.15E-04,-2.23E-04,-2.37E-04,-2.52E-04,-2.66E-04,-2.76E-04,-2.83E-04,-2.88E-04,-2.90E-04,-2.91E-04,-2.93E-04,-2.93E-04,-2.91E-04,-2.90E-04,-2.89E-04,-2.89E-04,-2.89E-04,-2.90E-04,-2.88E-04,-2.87E-04,-2.86E-04,-2.88E-04,-2.88E-04
204,LFP1,38,0,47.06009078,-2.91E-04,-2.92E-04,-2.93E-04,-2.93E-04,-2.92E-04,-2.92E-04,-2.91E-04,-2.92E-04,-2.96E-04,-3.00E-04,-3.01E-04,-3.03E-04,-3.08E-04,-3.13E-04,-3.16E-04,-3.17E-04,-3.19E-04,-3.22E-04,-3.24E-04,-3.24E-04,-3.22E-04,-3.18E-04,-3.14E-04,-3.13E-04,-3.14E-04,-3.14E-04,-3.15E-04,-3.17E-04,-3.19E-04,-3.18E-04,-3.16E-04,-3.16E-04,-3.18E-04,-3.18E-04,-3.19E-04,-3.18E-04,-3.18E-04,-3.16E-04,-3.14E-04,-3.15E-04,-3.15E-04,-3.14E-04,-3.14E-04,-3.14E-04,-3.17E-04,-3.20E-04,-3.20E-04,-3.19E-04,-3.18E-04,-3.17E-04,-3.17E-04,-3.16E-04,-3.16E-04,-3.13E-04,-3.12E-04,-3.13E-04,-3.15E-04,-3.12E-04,-2.98E-04,-2.67E-04,-2.33E-04,-2.03E-04,-1.83E-04,-1.71E-04,-1.64E-04,-1.62E-04,-1.64E-04,-1.65E-04,-1.67E-04,-1.70E-04,-1.72E-04,-1.75E-04,-1.77E-04,-1.81E-04,-1.85E-04,-1.87E-04,-1.85E-04,-1.83E-04,-1.81E-04,-1.80E-04,-1.78E-04,-1.76E-04,-1.77E-04,-1.73E-04,-1.68E-04,-1.65E-04,-1.65E-04,-1.65E-04,-1.66E-04,-1.71E-04,-1.81E-04,-1.96E-04,-2.11E-04,-2.23E-04,-2.31E-04,-2.34E-04,-2.35E-04,-2.34E-04,-2.34E-04,-2.36E-04,-2.38E-04,-2.36E-04,-2.33E-04,-2.33E-04,-2.34E-04,-2.35E-04,-2.36E-04,-2.39E-04,-2.42E-04,-2.45E-04,-2.48E-04,-2.48E-04,-2.49E-04,-2.49E-04,-2.51E-04,-2.53E-04,-2.56E-04,-2.61E-04,-2.64E-04,-2.67E-04,-2.71E-04,-2.73E-04,-2.71E-04,-2.71E-04,-2.72E-04,-2.71E-04,-2.72E-04,-2.73E-04,-2.71E-04,-2.68E-04,-2.65E-04,-2.65E-04,-2.67E-04,-2.69E-04,-2.70E-04,-2.70E-04,-2.69E-04,-2.69E-04,-2.70E-04,-2.72E-04,-2.71E-04,-2.69E-04,-2.68E-04,-2.64E-04,-2.59E-04,-2.57E-04,-2.59E-04,-2.60E-04,-2.59E-04,-2.58E-04,-2.56E-04,-2.56E-04,-2.57E-04,-2.60E-04,-2.63E-04,-2.66E-04,-2.69E-04,-2.69E-04,-2.69E-04,-2.67E-04,-2.67E-04,-2.70E-04,-2.71E-04,-2.73E-04,-2.75E-04,-2.79E-04,-2.82E-04,-2.80E-04,-2.79E-04,-2.82E-04,-2.84E-04,-2.86E-04,-2.86E-04,-2.86E-04,-2.86E-04,-2.87E-04,-2.88E-04,-2.89E-04,-2.88E-04,-2.88E-04,-2.89E-04,-2.92E-04,-2.95E-04,-2.96E-04,-2.98E-04,-2.98E-04,-2.97E-04,-2.95E-04,-2.95E-04,-2.94E-04,-2.94E-04,-2.92E-04,-2.91E-04,-2.91E-04,-2.89E-04,-2.86E-04,-2.83E-04,-2.82E-04,-2.83E-04,-2.84E-04,-2.83E-04,-2.80E-04,-2.81E-04,-2.81E-04,-2.83E-04,-2.86E-04,-2.89E-04,-2.92E-04,-2.92E-04,-2.88E-04,-2.73E-04,-2.52E-04,-2.35E-04,-2.23E-04,-2.17E-04,-2.16E-04,-2.17E-04,-2.20E-04,-2.22E-04,-2.22E-04,-2.23E-04,-2.25E-04,-2.26E-04,-2.27E-04,-2.31E-04,-2.43E-04,-2.56E-04,-2.64E-04,-2.67E-04,-2.69E-04,-2.70E-04,-2.70E-04,-2.65E-04,-2.59E-04,-2.55E-04,-2.54E-04,-2.54E-04,-2.54E-04,-2.53E-04,-2.54E-04,-2.53E-04,-2.51E-04,-2.49E-04,-2.45E-04,-2.41E-04,-2.36E-04,-2.30E-04,-2.25E-04,-2.24E-04,-2.23E-04,-2.24E-04,-2.23E-04,-2.21E-04,-2.19E-04,-2.20E-04,-2.21E-04
205,LFP1,38,0,47.14397693,-2.20E-04,-2.19E-04,-2.21E-04,-2.23E-04,-2.24E-04,-2.24E-04,-2.22E-04,-2.21E-04,-2.20E-04,-2.21E-04,-2.21E-04,-2.22E-04,-2.22E-04,-2.23E-04,-2.25E-04,-2.26E-04,-2.25E-04,-2.22E-04,-2.21E-04,-2.17E-04,-2.12E-04,-2.07E-04,-2.02E-04,-1.96E-04,-1.92E-04,-1.90E-04,-1.87E-04,-1.82E-04,-1.76E-04,-1.74E-04,-1.72E-04,-1.71E-04,-1.70E-04,-1.69E-04,-1.68E-04,-1.66E-04,-1.64E-04,-1.64E-04,-1.64E-04,-1.62E-04,-1.62E-04,-1.61E-04,-1.59E-04,-1.57E-04,-1.54E-04,-1.51E-04,-1.51E-04,-1.51E-04,-1.52E-04,-1.48E-04,-1.36E-04,-1.18E-04,-9.73E-05,-8.25E-05,-8.01E-05,-8.77E-05,-1.01E-04,-1.17E-04,-1.30E-04,-1.39E-04,-1.47E-04,-1.53E-04,-1.59E-04,-1.62E-04,-1.62E-04,-1.62E-04,-1.63E-04,-1.65E-04,-1.66E-04,-1.67E-04,-1.68E-04,-1.68E-04,-1.68E-04,-1.68E-04,-1.67E-04,-1.65E-04,-1.62E-04,-1.59E-04,-1.57E-04,-1.55E-04,-1.53E-04,-1.53E-04,-1.51E-04,-1.50E-04,-1.50E-04,-1.50E-04,-1.48E-04,-1.47E-04,-1.45E-04,-1.46E-04,-1.47E-04,-1.45E-04,-1.44E-04,-1.41E-04,-1.39E-04,-1.38E-04,-1.39E-04,-1.40E-04,-1.40E-04,-1.40E-04,-1.41E-04,-1.40E-04,-1.41E-04,-1.41E-04,-1.41E-04,-1.41E-04,-1.40E-04,-1.38E-04,-1.39E-04,-1.41E-04,-1.43E-04,-1.45E-04,-1.48E-04,-1.50E-04,-1.50E-04,-1.50E-04,-1.50E-04,-1.49E-04,-1.48E-04,-1.47E-04,-1.46E-04,-1.46E-04,-1.48E-04,-1.50E-04,-1.48E-04,-1.47E-04,-1.42E-04,-1.36E-04,-1.33E-04,-1.32E-04,-1.30E-04,-1.30E-04,-1.31E-04,-1.33E-04,-1.34E-04,-1.31E-04,-1.17E-04,-9.48E-05,-7.37E-05,-5.87E-05,-4.79E-05,-4.42E-05,-5.20E-05,-6.71E-05,-8.27E-05,-9.76E-05,-1.08E-04,-1.15E-04,-1.17E-04,-1.16E-04,-1.13E-04,-1.13E-04,-1.14E-04,-1.15E-04,-1.17E-04,-1.20E-04,-1.23E-04,-1.24E-04,-1.23E-04,-1.23E-04,-1.24E-04,-1.25E-04,-1.25E-04,-1.24E-04,-1.22E-04,-1.21E-04,-1.20E-04,-1.21E-04,-1.22E-04,-1.20E-04,-1.20E-04,-1.21E-04,-1.23E-04,-1.27E-04,-1.31E-04,-1.35E-04,-1.36E-04,-1.36E-04,-1.33E-04,-1.31E-04,-1.28E-04,-1.27E-04,-1.30E-04,-1.31E-04,-1.31E-04,-1.32E-04,-1.33E-04,-1.36E-04,-1.40E-04,-1.42E-04,-1.42E-04,-1.42E-04,-1.42E-04,-1.42E-04,-1.40E-04,-1.40E-04,-1.41E-04,-1.43E-04,-1.44E-04,-1.43E-04,-1.42E-04,-1.42E-04,-1.41E-04,-1.42E-04,-1.45E-04,-1.46E-04,-1.47E-04,-1.48E-04,-1.49E-04,-1.48E-04,-1.46E-04,-1.43E-04,-1.41E-04,-1.41E-04,-1.41E-04,-1.43E-04,-1.47E-04,-1.51E-04,-1.54E-04,-1.55E-04,-1.55E-04,-1.54E-04,-1.54E-04,-1.54E-04,-1.54E-04,-1.52E-04,-1.52E-04,-1.47E-04,-1.31E-04,-1.13E-04,-9.88E-05,-8.95E-05,-8.58E-05,-9.44E-05,-1.11E-04,-1.28E-04,-1.45E-04,-1.58E-04,-1.65E-04,-1.69E-04,-1.70E-04,-1.71E-04,-1.72E-04,-1.72E-04,-1.73E-04,-1.75E-04,-1.78E-04,-1.78E-04,-1.78E-04,-1.79E-04,-1.79E-04,-1.79E-04,-1.78E-04,-1.79E-04,-1.80E-04,-1.78E-04
206,LFP1,38,0,47.22786307,-1.74E-04,-1.70E-04,-1.68E-04,-1.70E-04,-1.73E-04,-1.75E-04,-1.79E-04,-1.83E-04,-1.86E-04,-1.87E-04,-1.86E-04,-1.88E-04,-1.91E-04,-1.93E-04,-1.94E-04,-1.95E-04,-1.99E-04,-2.01E-04,-2.01E-04,-2.01E-04,-2.01E-04,-2.02E-04,-2.02E-04,-2.04E-04,-2.07E-04,-2.10E-04,-2.11E-04,-2.09E-04,-2.09E-04,-2.09E-04,-2.08E-04,-2.09E-04,-2.10E-04,-2.13E-04,-2.17E-04,-2.17E-04,-2.18E-04,-2.19E-04,-2.19E-04,-2.18E-04,-2.17E-04,-2.18E-04,-2.20E-04,-2.22E-04,-2.22E-04,-2.20E-04,-2.17E-04,-2.17E-04,-2.18E-04,-2.20E-04,-2.21E-04,-2.23E-04,-2.25E-04,-2.26E-04,-2.26E-04,-2.27E-04,-2.27E-04,-2.15E-04,-1.97E-04,-1.80E-04,-1.68E-04,-1.63E-04,-1.69E-04,-1.81E-04,-1.94E-04,-2.07E-04,-2.17E-04,-2.24E-04,-2.27E-04,-2.28E-04,-2.28E-04,-2.29E-04,-2.27E-04,-2.22E-04,-2.17E-04,-2.15E-04,-2.14E-04,-2.15E-04,-2.16E-04,-2.17E-04,-2.19E-04,-2.22E-04,-2.24E-04,-2.23E-04,-2.23E-04,-2.20E-04,-2.17E-04,-2.17E-04,-2.15E-04,-2.14E-04,-2.14E-04,-2.13E-04,-2.11E-04,-2.09E-04,-2.08E-04,-2.06E-04,-2.04E-04,-2.03E-04,-2.04E-04,-2.08E-04,-2.13E-04,-2.17E-04,-2.20E-04,-2.17E-04,-2.11E-04,-2.08E-04,-2.08E-04,-2.09E-04,-2.09E-04,-2.09E-04,-2.12E-04,-2.14E-04,-2.15E-04,-2.16E-04,-2.14E-04,-2.12E-04,-2.10E-04,-2.09E-04,-2.10E-04,-2.10E-04,-2.08E-04,-2.06E-04,-2.04E-04,-2.04E-04,-2.03E-04,-2.04E-04,-2.03E-04,-2.03E-04,-2.03E-04,-2.04E-04,-2.05E-04,-1.94E-04,-1.70E-04,-1.42E-04,-1.16E-04,-9.66E-05,-8.59E-05,-8.22E-05,-8.03E-05,-8.09E-05,-8.30E-05,-8.79E-05,-9.42E-05,-9.92E-05,-1.04E-04,-1.07E-04,-1.10E-04,-1.11E-04,-1.12E-04,-1.15E-04,-1.19E-04,-1.23E-04,-1.26E-04,-1.36E-04,-1.50E-04,-1.66E-04,-1.80E-04,-1.89E-04,-1.91E-04,-1.87E-04,-1.72E-04,-1.54E-04,-1.39E-04,-1.27E-04,-1.21E-04,-1.21E-04,-1.28E-04,-1.43E-04,-1.59E-04,-1.73E-04,-1.83E-04,-1.92E-04,-1.98E-04,-2.01E-04,-2.02E-04,-2.02E-04,-2.02E-04,-2.03E-04,-2.05E-04,-2.08E-04,-2.10E-04,-2.14E-04,-2.18E-04,-2.21E-04,-2.26E-04,-2.33E-04,-2.39E-04,-2.45E-04,-2.48E-04,-2.49E-04,-2.49E-04,-2.52E-04,-2.54E-04,-2.53E-04,-2.51E-04,-2.51E-04,-2.51E-04,-2.51E-04,-2.49E-04,-2.47E-04,-2.48E-04,-2.50E-04,-2.52E-04,-2.53E-04,-2.53E-04,-2.50E-04,-2.43E-04,-2.35E-04,-2.25E-04,-2.19E-04,-2.16E-04,-2.16E-04,-2.14E-04,-2.12E-04,-2.12E-04,-2.09E-04,-2.06E-04,-2.03E-04,-2.01E-04,-1.99E-04,-1.98E-04,-1.99E-04,-1.98E-04,-1.94E-04,-1.87E-04,-1.79E-04,-1.76E-04,-1.78E-04,-1.84E-04,-1.91E-04,-1.99E-04,-2.04E-04,-2.09E-04,-2.14E-04,-2.17E-04,-2.19E-04,-2.21E-04,-2.22E-04,-2.24E-04,-2.26E-04,-2.26E-04,-2.21E-04,-2.07E-04,-1.88E-04,-1.71E-04,-1.60E-04,-1.63E-04,-1.73E-04,-1.86E-04,-1.95E-04,-2.03E-04,-2.10E-04,-2.14E-04,-2.06E-04,-1.87E-04,-1.65E-04
207,LFP1,38,0,47.31174922,-1.43E-04,-1.24E-04,-1.07E-04,-9.31E-05,-8.28E-05,-7.67E-05,-7.41E-05,-7.28E-05,-7.11E-05,-6.91E-05,-6.67E-05,-6.50E-05,-6.21E-05,-5.80E-05,-5.45E-05,-5.41E-05,-5.44E-05,-5.36E-05,-5.35E-05,-5.34E-05,-5.12E-05,-4.89E-05,-4.53E-05,-4.32E-05,-4.11E-05,-3.96E-05,-3.77E-05,-3.73E-05,-3.98E-05,-4.28E-05,-4.45E-05,-4.39E-05,-4.16E-05,-3.93E-05,-3.90E-05,-3.86E-05,-3.58E-05,-3.21E-05,-2.82E-05,-2.63E-05,-2.44E-05,-2.34E-05,-2.34E-05,-2.41E-05,-2.56E-05,-2.96E-05,-3.25E-05,-3.64E-05,-4.06E-05,-4.50E-05,-4.85E-05,-5.20E-05,-5.24E-05,-5.21E-05,-5.08E-05,-5.01E-05,-5.02E-05,-5.17E-05,-5.41E-05,-5.69E-05,-6.09E-05,-6.37E-05,-6.57E-05,-6.71E-05,-6.66E-05,-6.52E-05,-6.26E-05,-6.13E-05,-6.11E-05,-5.34E-05,-3.61E-05,-1.70E-05,-3.92E-06,4.16E-06,6.38E-06,-5.58E-07,-1.20E-05,-2.07E-05,-2.48E-05,-2.78E-05,-3.13E-05,-3.40E-05,-3.31E-05,-3.07E-05,-2.90E-05,-2.78E-05,-2.66E-05,-2.51E-05,-2.45E-05,-2.27E-05,-1.97E-05,-1.61E-05,-1.29E-05,-9.93E-06,-5.95E-06,-1.59E-06,3.39E-07,-8.87E-08,2.07E-06,6.96E-06,1.15E-05,1.56E-05,1.81E-05,1.86E-05,1.84E-05,1.66E-05,1.46E-05,1.48E-05,1.72E-05,2.05E-05,2.12E-05,2.08E-05,1.94E-05,1.92E-05,1.98E-05,2.03E-05,2.07E-05,2.16E-05,2.25E-05,2.22E-05,2.19E-05,2.22E-05,2.14E-05,2.07E-05,2.19E-05,2.37E-05,2.66E-05,2.85E-05,2.88E-05,3.02E-05,3.12E-05,3.16E-05,3.17E-05,3.34E-05,3.41E-05,3.35E-05,3.49E-05,3.73E-05,3.87E-05,3.78E-05,3.51E-05,3.23E-05,3.04E-05,3.00E-05,2.84E-05,2.72E-05,2.79E-05,3.20E-05,4.63E-05,6.43E-05,7.99E-05,8.76E-05,8.18E-05,7.07E-05,5.89E-05,4.84E-05,4.04E-05,3.35E-05,2.82E-05,2.41E-05,2.14E-05,1.99E-05,1.88E-05,1.96E-05,1.97E-05,2.02E-05,2.16E-05,2.33E-05,2.30E-05,2.29E-05,2.17E-05,2.19E-05,2.16E-05,2.16E-05,2.01E-05,2.05E-05,2.31E-05,2.62E-05,2.69E-05,2.71E-05,2.80E-05,2.89E-05,3.11E-05,3.28E-05,3.38E-05,3.44E-05,3.38E-05,3.40E-05,3.54E-05,3.66E-05,3.86E-05,4.15E-05,4.27E-05,4.29E-05,4.32E-05,4.19E-05,4.18E-05,4.26E-05,4.25E-05,4.09E-05,4.08E-05,4.13E-05,4.41E-05,4.89E-05,5.43E-05,5.56E-05,5.39E-05,5.06E-05,4.76E-05,4.56E-05,4.33E-05,4.20E-05,4.03E-05,3.98E-05,4.20E-05,4.48E-05,4.70E-05,4.47E-05,4.12E-05,3.94E-05,3.77E-05,3.59E-05,3.55E-05,3.47E-05,3.61E-05,3.73E-05,3.77E-05,3.88E-05,3.96E-05,3.77E-05,3.38E-05,2.93E-05,2.68E-05,2.58E-05,2.34E-05,1.92E-05,1.42E-05,1.01E-05,8.94E-06,7.27E-06,6.22E-06,6.97E-06,1.44E-05,2.53E-05,3.81E-05,4.98E-05,5.81E-05,6.37E-05,6.07E-05,5.11E-05,3.81E-05,2.55E-05,1.56E-05,8.25E-06,6.03E-06,5.77E-06
208,LFP1,38,0,47.39563513,5.70E-06,4.55E-06,2.50E-06,1.84E-06,3.49E-06,5.20E-06,9.26E-06,1.11E-05,9.21E-06,7.09E-06,2.84E-06,-7.96E-07,-2.97E-06,-2.94E-06,-1.84E-06,-2.16E-06,-2.30E-06,-1.45E-06,-2.20E-06,-2.07E-06,-1.66E-06,-2.80E-06,-2.51E-06,-2.93E-06,-4.77E-06,-6.93E-06,-8.72E-06,-9.13E-06,-1.11E-05,-1.31E-05,-1.53E-05,-1.66E-05,-1.47E-05,-1.15E-05,-6.48E-06,-3.09E-06,-1.42E-07,2.62E-07,5.83E-08,-2.23E-06,-4.92E-06,-6.02E-06,-5.12E-06,-3.87E-06,-2.93E-06,-1.75E-06,-3.32E-06,-5.04E-06,-6.75E-06,-8.16E-06,-9.02E-06,-8.81E-06,-8.12E-06,-6.08E-06,-4.31E-06,-3.46E-06,-4.52E-06,-4.99E-06,-7.17E-06,-9.11E-06,-9.16E-06,-7.62E-06,-3.65E-06,-8.66E-07,3.76E-07,-1.00E-06,-2.87E-06,-3.62E-06,-2.61E-06,-7.93E-07,8.27E-07,2.77E-06,5.56E-06,8.36E-06,9.81E-06,1.26E-05,1.67E-05,1.90E-05,1.88E-05,1.63E-05,1.16E-05,8.75E-06,8.18E-06,8.87E-06,8.08E-06,8.94E-06,8.44E-06,7.59E-06,7.98E-06,7.75E-06,7.90E-06,6.84E-06,4.08E-06,2.75E-06,1.58E-06,1.74E-06,2.95E-06,3.48E-06,2.19E-06,7.07E-07,-1.21E-07,8.83E-07,2.75E-06,4.03E-06,3.97E-06,3.88E-06,5.25E-06,8.89E-06,1.49E-05,3.04E-05,5.02E-05,6.81E-05,8.02E-05,8.95E-05,9.59E-05,1.01E-04,1.05E-04,1.03E-04,9.34E-05,8.13E-05,7.13E-05,6.43E-05,6.02E-05,6.12E-05,6.55E-05,7.11E-05,7.16E-05,6.88E-05,6.67E-05,6.40E-05,6.04E-05,5.68E-05,5.75E-05,6.03E-05,6.49E-05,6.98E-05,7.41E-05,7.84E-05,8.01E-05,7.99E-05,7.92E-05,7.99E-05,8.09E-05,8.29E-05,8.54E-05,8.70E-05,8.90E-05,9.14E-05,9.16E-05,9.03E-05,9.03E-05,9.24E-05,9.62E-05,9.75E-05,9.67E-05,9.46E-05,9.41E-05,9.46E-05,9.60E-05,9.40E-05,9.11E-05,9.02E-05,9.04E-05,9.27E-05,9.54E-05,9.74E-05,9.88E-05,1.00E-04,1.02E-04,1.02E-04,1.02E-04,1.00E-04,9.94E-05,9.78E-05,9.68E-05,9.87E-05,1.01E-04,1.00E-04,9.90E-05,1.00E-04,1.02E-04,1.03E-04,1.04E-04,1.04E-04,1.04E-04,1.04E-04,1.05E-04,1.07E-04,1.08E-04,1.08E-04,1.07E-04,1.07E-04,1.06E-04,1.04E-04,1.03E-04,1.05E-04,1.05E-04,1.04E-04,1.02E-04,9.76E-05,9.30E-05,9.04E-05,8.99E-05,9.09E-05,9.47E-05,9.86E-05,1.03E-04,1.07E-04,1.10E-04,1.14E-04,1.16E-04,1.17E-04,1.16E-04,1.13E-04,1.09E-04,1.04E-04,1.01E-04,9.96E-05,1.00E-04,1.02E-04,1.04E-04,1.06E-04,1.06E-04,1.07E-04,1.12E-04,1.29E-04,1.51E-04,1.72E-04,1.88E-04,1.97E-04,2.01E-04,2.02E-04,2.01E-04,1.95E-04,1.82E-04,1.68E-04,1.57E-04,1.50E-04,1.49E-04,1.49E-04,1.51E-04,1.55E-04,1.59E-04,1.62E-04,1.64E-04,1.64E-04,1.62E-04,1.60E-04,1.62E-04,1.64E-04,1.65E-04,1.64E-04,1.64E-04,1.62E-04,1.60E-04,1.59E-04
209,LFP1,38,0,47.47952127,1.59E-04,1.59E-04,1.61E-04,1.60E-04,1.58E-04,1.58E-04,1.57E-04,1.54E-04,1.52E-04,1.52E-04,1.51E-04,1.51E-04,1.54E-04,1.57E-04,1.57E-04,1.57E-04,1.56E-04,1.55E-04,1.56E-04,1.58E-04,1.58E-04,1.56E-04,1.55E-04,1.54E-04,1.54E-04,1.54E-04,1.55E-04,1.57E-04,1.60E-04,1.61E-04,1.63E-04,1.81E-04,2.11E-04,2.44E-04,2.72E-04,2.91E-04,3.00E-04,3.01E-04,2.99E-04,2.95E-04,2.92E-04,2.89E-04,2.85E-04,2.82E-04,2.80E-04,2.78E-04,2.78E-04,2.78E-04,2.78E-04,2.76E-04,2.73E-04,2.67E-04,2.56E-04,2.43E-04,2.30E-04,2.24E-04,2.21E-04,2.21E-04,2.23E-04,2.36E-04,2.54E-04,2.71E-04,2.84E-04,2.93E-04,2.91E-04,2.81E-04,2.70E-04,2.59E-04,2.50E-04,2.42E-04,2.36E-04,2.33E-04,2.32E-04,2.34E-04,2.36E-04,2.39E-04,2.41E-04,2.41E-04,2.40E-04,2.40E-04,2.40E-04,2.38E-04,2.37E-04,2.37E-04,2.36E-04,2.35E-04,2.34E-04,2.32E-04,2.29E-04,2.27E-04,2.27E-04,2.29E-04,2.33E-04,2.36E-04,2.36E-04,2.33E-04,2.29E-04,2.27E-04,2.29E-04,2.30E-04,2.31E-04,2.31E-04,2.31E-04,2.27E-04,2.25E-04,2.23E-04,2.24E-04,2.28E-04,2.31E-04,2.34E-04,2.39E-04,2.42E-04,2.45E-04,2.46E-04,2.44E-04,2.42E-04,2.40E-04,2.40E-04,2.40E-04,2.42E-04,2.45E-04,2.46E-04,2.45E-04,2.43E-04,2.38E-04,2.32E-04,2.29E-04,2.26E-04,2.24E-04,2.23E-04,2.21E-04,2.20E-04,2.20E-04,2.20E-04,2.18E-04,2.17E-04,2.16E-04,2.15E-04,2.15E-04,2.13E-04,2.10E-04,2.09E-04,2.08E-04,2.09E-04,2.09E-04,2.08E-04,2.06E-04,2.04E-04,2.00E-04,2.00E-04,2.11E-04,2.30E-04,2.48E-04,2.61E-04,2.66E-04,2.59E-04,2.46E-04,2.31E-04,2.20E-04,2.12E-04,2.06E-04,2.03E-04,2.03E-04,2.02E-04,2.03E-04,2.04E-04,2.06E-04,2.07E-04,2.08E-04,2.08E-04,2.07E-04,2.08E-04,2.11E-04,2.13E-04,2.13E-04,2.10E-04,2.06E-04,2.01E-04,1.98E-04,1.97E-04,1.97E-04,1.97E-04,1.96E-04,1.95E-04,1.92E-04,1.91E-04,1.91E-04,1.92E-04,1.95E-04,1.96E-04,1.95E-04,1.90E-04,1.85E-04,1.83E-04,1.82E-04,1.81E-04,1.81E-04,1.83E-04,1.83E-04,1.81E-04,1.79E-04,1.78E-04,1.78E-04,1.81E-04,1.84E-04,1.84E-04,1.82E-04,1.80E-04,1.81E-04,1.81E-04,1.80E-04,1.78E-04,1.75E-04,1.74E-04,1.73E-04,1.71E-04,1.73E-04,1.74E-04,1.74E-04,1.76E-04,1.77E-04,1.79E-04,1.80E-04,1.79E-04,1.77E-04,1.80E-04,1.82E-04,1.84E-04,1.86E-04,1.85E-04,1.88E-04,1.99E-04,2.16E-04,2.32E-04,2.42E-04,2.40E-04,2.30E-04,2.18E-04,2.04E-04,1.91E-04,1.79E-04,1.74E-04,1.71E-04,1.69E-04,1.69E-04,1.71E-04,1.72E-04,1.71E-04,1.67E-04,1.63E-04,1.60E-04,1.59E-04,1.61E-04,1.62E-04,1.61E-04,1.59E-04
210,LFP1,38,0,47.56340742,1.59E-04,1.61E-04,1.60E-04,1.58E-04,1.54E-04,1.53E-04,1.50E-04,1.49E-04,1.49E-04,1.48E-04,1.47E-04,1.46E-04,1.46E-04,1.47E-04,1.49E-04,1.51E-04,1.52E-04,1.50E-04,1.48E-04,1.46E-04,1.43E-04,1.38E-04,1.34E-04,1.30E-04,1.26E-04,1.24E-04,1.20E-04,1.16E-04,1.12E-04,1.06E-04,1.02E-04,1.01E-04,9.90E-05,9.70E-05,9.75E-05,9.76E-05,9.72E-05,9.48E-05,9.54E-05,9.57E-05,9.61E-05,9.70E-05,9.91E-05,1.01E-04,1.03E-04,1.03E-04,1.02E-04,1.01E-04,9.84E-05,9.65E-05,9.56E-05,9.45E-05,9.40E-05,9.47E-05,9.47E-05,9.69E-05,1.09E-04,1.24E-04,1.38E-04,1.49E-04,1.53E-04,1.47E-04,1.34E-04,1.21E-04,1.11E-04,1.03E-04,9.66E-05,9.27E-05,8.99E-05,8.76E-05,8.57E-05,8.39E-05,8.17E-05,7.95E-05,7.84E-05,7.71E-05,7.42E-05,7.03E-05,6.72E-05,6.40E-05,6.16E-05,6.11E-05,6.19E-05,6.12E-05,5.99E-05,5.86E-05,5.73E-05,5.47E-05,5.17E-05,4.81E-05,4.46E-05,4.30E-05,4.32E-05,4.13E-05,3.80E-05,3.35E-05,2.91E-05,2.61E-05,2.42E-05,2.16E-05,1.85E-05,1.64E-05,1.60E-05,1.63E-05,1.79E-05,1.87E-05,1.72E-05,1.44E-05,1.24E-05,1.06E-05,8.27E-06,7.56E-06,7.98E-06,9.56E-06,1.11E-05,1.23E-05,1.23E-05,1.07E-05,9.29E-06,8.94E-06,8.49E-06,8.17E-06,7.93E-06,7.77E-06,8.61E-06,7.30E-06,4.65E-06,3.05E-06,2.63E-06,2.22E-06,6.63E-07,-1.71E-06,-3.21E-06,-9.80E-07,-2.05E-07,-2.08E-06,-2.16E-06,7.48E-06,2.53E-05,4.30E-05,5.51E-05,5.87E-05,5.30E-05,4.20E-05,2.91E-05,1.80E-05,7.86E-06,2.22E-06,1.11E-06,-1.32E-06,-4.73E-06,-6.38E-06,-6.39E-06,-6.17E-06,-5.73E-06,-4.54E-06,-5.75E-06,-7.87E-06,-7.72E-06,-6.89E-06,-6.00E-06,-3.54E-06,-1.28E-06,-4.36E-07,-1.10E-06,-2.07E-06,-2.58E-06,-2.02E-06,-9.79E-08,3.04E-06,5.00E-06,5.44E-06,4.95E-06,2.69E-06,-2.01E-06,-6.90E-06,-9.29E-06,-8.76E-06,-7.94E-06,-9.45E-06,-1.12E-05,-1.19E-05,-1.20E-05,-1.16E-05,-1.06E-05,-9.39E-06,-6.40E-06,-4.02E-08,5.93E-06,7.04E-06,6.25E-06,4.94E-06,5.01E-06,5.07E-06,5.50E-06,4.31E-06,2.44E-06,4.41E-06,6.59E-06,7.48E-06,8.04E-06,8.47E-06,9.48E-06,9.68E-06,1.20E-05,1.43E-05,1.50E-05,1.48E-05,1.53E-05,1.64E-05,1.77E-05,1.90E-05,2.22E-05,2.63E-05,2.77E-05,2.86E-05,2.87E-05,3.05E-05,3.29E-05,3.43E-05,3.61E-05,3.70E-05,3.76E-05,3.96E-05,4.11E-05,4.44E-05,5.57E-05,7.15E-05,8.81E-05,1.00E-04,1.10E-04,1.11E-04,1.03E-04,8.94E-05,7.45E-05,6.43E-05,5.74E-05,5.41E-05,5.14E-05,4.95E-05,4.86E-05,4.83E-05,4.87E-05,5.23E-05,5.53E-05,5.79E-05,6.10E-05,6.26E-05,6.25E-05,5.93E-05,5.77E-05,5.70E-05,5.49E-05,5.55E-05,5.70E-05,5.60E-05
211,LFP1,38,0,47.64729333,5.40E-05,5.56E-05,5.53E-05,5.64E-05,5.70E-05,5.81E-05,5.86E-05,5.69E-05,5.60E-05,5.55E-05,5.47E-05,5.45E-05,5.42E-05,5.36E-05,5.37E-05,5.51E-05,5.75E-05,6.04E-05,6.25E-05,6.18E-05,6.04E-05,6.12E-05,6.36E-05,6.66E-05,6.96E-05,6.97E-05,7.13E-05,7.43E-05,7.59E-05,7.75E-05,7.94E-05,8.14E-05,8.24E-05,8.36E-05,8.48E-05,8.84E-05,9.80E-05,1.08E-04,1.14E-04,1.15E-04,1.14E-04,1.12E-04,1.10E-04,1.09E-04,1.07E-04,1.07E-04,1.06E-04,1.05E-04,1.07E-04,1.11E-04,1.16E-04,1.19E-04,1.21E-04,1.20E-04,1.19E-04,1.18E-04,1.17E-04,1.17E-04,1.19E-04,1.22E-04,1.33E-04,1.50E-04,1.67E-04,1.79E-04,1.86E-04,1.87E-04,1.80E-04,1.69E-04,1.58E-04,1.48E-04,1.41E-04,1.35E-04,1.30E-04,1.27E-04,1.25E-04,1.27E-04,1.31E-04,1.34E-04,1.37E-04,1.39E-04,1.41E-04,1.42E-04,1.42E-04,1.43E-04,1.45E-04,1.47E-04,1.47E-04,1.45E-04,1.43E-04,1.42E-04,1.43E-04,1.43E-04,1.44E-04,1.43E-04,1.43E-04,1.43E-04,1.43E-04,1.44E-04,1.46E-04,1.49E-04,1.52E-04,1.55E-04,1.55E-04,1.55E-04,1.58E-04,1.60E-04,1.60E-04,1.58E-04,1.56E-04,1.57E-04,1.59E-04,1.60E-04,1.61E-04,1.65E-04,1.68E-04,1.70E-04,1.69E-04,1.65E-04,1.63E-04,1.61E-04,1.62E-04,1.63E-04,1.63E-04,1.64E-04,1.65E-04,1.64E-04,1.65E-04,1.66E-04,1.67E-04,1.65E-04,1.62E-04,1.61E-04,1.61E-04,1.61E-04,1.62E-04,1.63E-04,1.64E-04,1.64E-04,1.66E-04,1.70E-04,1.73E-04,1.76E-04,1.78E-04,1.80E-04,1.81E-04,1.80E-04,1.80E-04,1.80E-04,1.81E-04,1.84E-04,1.86E-04,1.88E-04,1.90E-04,1.91E-04,1.92E-04,1.91E-04,1.90E-04,1.96E-04,2.11E-04,2.28E-04,2.42E-04,2.52E-04,2.59E-04,2.59E-04,2.50E-04,2.38E-04,2.25E-04,2.12E-04,2.01E-04,1.93E-04,1.89E-04,1.89E-04,1.91E-04,1.94E-04,1.98E-04,1.99E-04,1.98E-04,1.98E-04,1.99E-04,2.01E-04,2.04E-04,2.06E-04,2.08E-04,2.10E-04,2.10E-04,2.09E-04,2.08E-04,2.07E-04,2.04E-04,2.06E-04,2.09E-04,2.11E-04,2.12E-04,2.11E-04,2.11E-04,2.11E-04,2.13E-04,2.14E-04,2.16E-04,2.14E-04,2.12E-04,2.12E-04,2.10E-04,2.10E-04,2.14E-04,2.18E-04,2.21E-04,2.23E-04,2.22E-04,2.18E-04,2.16E-04,2.16E-04,2.16E-04,2.17E-04,2.17E-04,2.19E-04,2.20E-04,2.22E-04,2.22E-04,2.22E-04,2.22E-04,2.22E-04,2.25E-04,2.30E-04,2.32E-04,2.33E-04,2.35E-04,2.35E-04,2.35E-04,2.35E-04,2.36E-04,2.38E-04,2.38E-04,2.37E-04,2.37E-04,2.38E-04,2.38E-04,2.40E-04,2.40E-04,2.40E-04,2.40E-04,2.39E-04,2.40E-04,2.40E-04,2.40E-04,2.42E-04,2.42E-04,2.40E-04,2.38E-04,2.38E-04,2.39E-04,2.41E-04,2.42E-04,2.43E-04,2.42E-04,2.40E-04
212,LFP1,38,0,47.73117948,2.38E-04,2.38E-04,2.38E-04,2.37E-04,2.34E-04,2.32E-04,2.30E-04,2.30E-04,2.30E-04,2.30E-04,2.29E-04,2.27E-04,2.26E-04,2.25E-04,2.23E-04,2.21E-04,2.21E-04,2.21E-04,2.22E-04,2.23E-04,2.22E-04,2.22E-04,2.22E-04,2.22E-04,2.23E-04,2.23E-04,2.25E-04,2.27E-04,2.30E-04,2.29E-04,2.29E-04,2.27E-04,2.24E-04,2.22E-04,2.20E-04,2.19E-04,2.21E-04,2.23E-04,2.25E-04,2.23E-04,2.21E-04,2.21E-04,2.21E-04,2.22E-04,2.24E-04,2.23E-04,2.24E-04,2.24E-04,2.23E-04,2.22E-04,2.20E-04,2.18E-04,2.17E-04,2.17E-04,2.20E-04,2.22E-04,2.23E-04,2.21E-04,2.19E-04,2.21E-04,2.32E-04,2.50E-04,2.67E-04,2.80E-04,2.88E-04,2.93E-04,2.96E-04,2.98E-04,2.99E-04,2.98E-04,2.97E-04,2.95E-04,2.94E-04,2.94E-04,2.95E-04,2.95E-04,2.93E-04,2.93E-04,2.94E-04,2.96E-04,2.98E-04,2.99E-04,2.97E-04,2.90E-04,2.78E-04,2.67E-04,2.58E-04,2.52E-04,2.49E-04,2.47E-04,2.48E-04,2.49E-04,2.50E-04,2.49E-04,2.49E-04,2.52E-04,2.54E-04,2.56E-04,2.58E-04,2.59E-04,2.58E-04,2.56E-04,2.54E-04,2.55E-04,2.59E-04,2.63E-04,2.66E-04,2.68E-04,2.69E-04,2.69E-04,2.70E-04,2.70E-04,2.70E-04,2.69E-04,2.66E-04,2.62E-04,2.59E-04,2.57E-04,2.55E-04,2.55E-04,2.53E-04,2.53E-04,2.54E-04,2.55E-04,2.56E-04,2.57E-04,2.58E-04,2.59E-04,2.61E-04,2.65E-04,2.69E-04,2.73E-04,2.77E-04,2.80E-04,2.81E-04,2.80E-04,2.77E-04,2.75E-04,2.77E-04,2.79E-04,2.83E-04,2.85E-04,2.85E-04,2.84E-04,2.83E-04,2.85E-04,2.87E-04,2.86E-04,2.84E-04,2.83E-04,2.81E-04,2.80E-04,2.79E-04,2.78E-04,2.77E-04,2.76E-04,2.75E-04,2.73E-04,2.71E-04,2.69E-04,2.65E-04,2.61E-04,2.57E-04,2.53E-04,2.50E-04,2.49E-04,2.46E-04,2.43E-04,2.40E-04,2.38E-04,2.38E-04,2.37E-04,2.36E-04,2.37E-04,2.46E-04,2.59E-04,2.73E-04,2.84E-04,2.91E-04,2.90E-04,2.81E-04,2.68E-04,2.56E-04,2.46E-04,2.40E-04,2.36E-04,2.33E-04,2.31E-04,2.29E-04,2.27E-04,2.27E-04,2.30E-04,2.49E-04,2.81E-04,3.14E-04,3.38E-04,3.52E-04,3.61E-04,3.61E-04,3.54E-04,3.44E-04,3.32E-04,3.20E-04,3.11E-04,3.03E-04,2.96E-04,2.89E-04,2.82E-04,2.75E-04,2.70E-04,2.68E-04,2.65E-04,2.61E-04,2.55E-04,2.49E-04,2.39E-04,2.26E-04,2.12E-04,2.01E-04,1.94E-04,1.88E-04,1.86E-04,1.83E-04,1.81E-04,1.79E-04,1.77E-04,1.76E-04,1.74E-04,1.72E-04,1.71E-04,1.71E-04,1.71E-04,1.69E-04,1.66E-04,1.61E-04,1.59E-04,1.57E-04,1.54E-04,1.52E-04,1.50E-04,1.47E-04,1.43E-04,1.39E-04,1.36E-04,1.30E-04,1.23E-04,1.19E-04,1.19E-04,1.19E-04,1.20E-04,1.19E-04,1.16E-04,1.13E-04,1.11E-04,1.09E-04,1.06E-04
213,LFP1,38,0,47.81506562,1.03E-04,1.02E-04,9.92E-05,9.73E-05,9.59E-05,9.36E-05,9.21E-05,9.27E-05,9.34E-05,9.37E-05,9.55E-05,9.78E-05,1.01E-04,1.04E-04,1.06E-04,1.04E-04,1.00E-04,9.72E-05,9.62E-05,9.60E-05,9.99E-05,1.13E-04,1.29E-04,1.43E-04,1.55E-04,1.63E-04,1.67E-04,1.69E-04,1.67E-04,1.67E-04,1.60E-04,1.48E-04,1.35E-04,1.22E-04,1.13E-04,1.08E-04,1.06E-04,1.03E-04,1.02E-04,1.05E-04,1.09E-04,1.11E-04,1.12E-04,1.11E-04,1.08E-04,1.06E-04,1.05E-04,1.04E-04,1.01E-04,9.93E-05,9.78E-05,9.62E-05,9.53E-05,9.50E-05,9.40E-05,9.20E-05,9.07E-05,8.88E-05,8.53E-05,8.25E-05,8.12E-05,8.04E-05,8.00E-05,7.95E-05,7.79E-05,7.73E-05,7.71E-05,7.71E-05,7.53E-05,7.27E-05,6.96E-05,6.47E-05,6.01E-05,5.88E-05,5.79E-05,5.60E-05,5.44E-05,5.28E-05,5.36E-05,5.35E-05,5.13E-05,4.83E-05,4.50E-05,4.28E-05,4.14E-05,4.19E-05,4.34E-05,4.35E-05,4.15E-05,3.86E-05,3.48E-05,3.33E-05,3.45E-05,3.47E-05,3.65E-05,3.73E-05,3.71E-05,3.52E-05,3.41E-05,3.37E-05,3.41E-05,3.35E-05,3.34E-05,3.39E-05,3.48E-05,3.74E-05,4.10E-05,5.14E-05,6.72E-05,8.18E-05,9.41E-05,1.03E-04,1.09E-04,1.10E-04,1.05E-04,9.46E-05,8.54E-05,7.90E-05,7.36E-05,6.86E-05,6.43E-05,6.21E-05,6.14E-05,5.93E-05,5.73E-05,5.65E-05,5.61E-05,5.68E-05,5.68E-05,5.84E-05,6.13E-05,6.34E-05,6.61E-05,6.90E-05,7.09E-05,7.24E-05,7.24E-05,7.19E-05,7.24E-05,7.26E-05,7.20E-05,7.09E-05,7.25E-05,7.49E-05,7.55E-05,7.45E-05,7.22E-05,6.94E-05,6.73E-05,6.70E-05,6.66E-05,6.74E-05,6.71E-05,6.47E-05,6.19E-05,6.14E-05,6.40E-05,6.66E-05,7.04E-05,7.24E-05,7.37E-05,7.32E-05,7.23E-05,7.24E-05,7.44E-05,7.79E-05,8.13E-05,8.29E-05,8.42E-05,8.48E-05,8.55E-05,8.61E-05,8.76E-05,8.79E-05,8.77E-05,8.83E-05,8.84E-05,8.92E-05,9.27E-05,9.76E-05,1.03E-04,1.07E-04,1.10E-04,1.12E-04,1.12E-04,1.11E-04,1.12E-04,1.13E-04,1.15E-04,1.18E-04,1.18E-04,1.16E-04,1.15E-04,1.16E-04,1.16E-04,1.17E-04,1.21E-04,1.24E-04,1.30E-04,1.45E-04,1.62E-04,1.77E-04,1.89E-04,1.98E-04,2.02E-04,1.99E-04,1.90E-04,1.78E-04,1.67E-04,1.58E-04,1.52E-04,1.47E-04,1.44E-04,1.46E-04,1.49E-04,1.51E-04,1.54E-04,1.58E-04,1.60E-04,1.59E-04,1.58E-04,1.57E-04,1.57E-04,1.58E-04,1.59E-04,1.61E-04,1.64E-04,1.65E-04,1.65E-04,1.67E-04,1.68E-04,1.70E-04,1.71E-04,1.71E-04,1.70E-04,1.70E-04,1.72E-04,1.74E-04,1.78E-04,1.81E-04,1.83E-04,1.83E-04,1.81E-04,1.80E-04,1.82E-04,1.86E-04,1.89E-04,1.90E-04,1.87E-04,1.84E-04,1.82E-04,1.80E-04,1.78E-04,1.77E-04,1.78E-04,1.77E-04
214,LFP1,38,0,47.89895177,1.77E-04,1.75E-04,1.76E-04,1.77E-04,1.77E-04,1.76E-04,1.75E-04,1.73E-04,1.73E-04,1.73E-04,1.74E-04,1.75E-04,1.76E-04,1.78E-04,1.81E-04,1.80E-04,1.77E-04,1.74E-04,1.72E-04,1.71E-04,1.72E-04,1.74E-04,1.76E-04,1.78E-04,1.79E-04,1.81E-04,1.83E-04,1.85E-04,1.85E-04,1.84E-04,1.84E-04,1.84E-04,1.86E-04,1.88E-04,1.90E-04,1.91E-04,1.90E-04,1.90E-04,1.90E-04,1.89E-04,1.87E-04,1.86E-04,1.85E-04,1.86E-04,1.89E-04,1.91E-04,1.92E-04,1.92E-04,1.91E-04,1.92E-04,2.04E-04,2.21E-04,2.37E-04,2.48E-04,2.56E-04,2.60E-04,2.62E-04,2.62E-04,2.64E-04,2.63E-04,2.56E-04,2.43E-04,2.30E-04,2.22E-04,2.19E-04,2.20E-04,2.19E-04,2.22E-04,2.22E-04,2.22E-04,2.21E-04,2.21E-04,2.21E-04,2.21E-04,2.21E-04,2.21E-04,2.21E-04,2.21E-04,2.23E-04,2.23E-04,2.21E-04,2.21E-04,2.23E-04,2.25E-04,2.27E-04,2.28E-04,2.25E-04,2.21E-04,2.18E-04,2.15E-04,2.11E-04,2.10E-04,2.08E-04,2.07E-04,2.07E-04,2.06E-04,2.05E-04,2.05E-04,2.04E-04,2.03E-04,2.01E-04,1.99E-04,1.98E-04,1.96E-04,1.96E-04,1.97E-04,1.96E-04,1.96E-04,1.94E-04,1.92E-04,1.94E-04,1.96E-04,1.98E-04,1.99E-04,1.99E-04,1.98E-04,1.97E-04,1.96E-04,1.99E-04,2.02E-04,2.06E-04,2.07E-04,2.08E-04,2.07E-04,2.07E-04,2.09E-04,2.08E-04,2.08E-04,2.09E-04,2.08E-04,2.08E-04,2.08E-04,2.07E-04,2.07E-04,2.07E-04,2.08E-04,2.07E-04,2.06E-04,2.05E-04,2.10E-04,2.22E-04,2.36E-04,2.48E-04,2.55E-04,2.60E-04,2.63E-04,2.57E-04,2.46E-04,2.31E-04,2.19E-04,2.11E-04,2.07E-04,2.06E-04,2.06E-04,2.08E-04,2.09E-04,2.10E-04,2.12E-04,2.15E-04,2.14E-04,2.15E-04,2.17E-04,2.19E-04,2.22E-04,2.24E-04,2.27E-04,2.31E-04,2.33E-04,2.34E-04,2.35E-04,2.36E-04,2.35E-04,2.34E-04,2.34E-04,2.32E-04,2.30E-04,2.30E-04,2.31E-04,2.32E-04,2.32E-04,2.30E-04,2.31E-04,2.35E-04,2.39E-04,2.43E-04,2.47E-04,2.47E-04,2.46E-04,2.43E-04,2.42E-04,2.42E-04,2.42E-04,2.42E-04,2.42E-04,2.42E-04,2.41E-04,2.39E-04,2.37E-04,2.35E-04,2.35E-04,2.34E-04,2.33E-04,2.33E-04,2.32E-04,2.33E-04,2.35E-04,2.36E-04,2.35E-04,2.33E-04,2.33E-04,2.32E-04,2.33E-04,2.37E-04,2.42E-04,2.45E-04,2.49E-04,2.52E-04,2.54E-04,2.56E-04,2.55E-04,2.55E-04,2.56E-04,2.55E-04,2.53E-04,2.50E-04,2.49E-04,2.50E-04,2.53E-04,2.53E-04,2.54E-04,2.53E-04,2.49E-04,2.47E-04,2.43E-04,2.40E-04,2.37E-04,2.37E-04,2.38E-04,2.39E-04,2.39E-04,2.36E-04,2.32E-04,2.25E-04,2.18E-04,2.12E-04,2.11E-04,2.20E-04,2.36E-04,2.53E-04,2.67E-04,2.75E-04,2.76E-04,2.74E-04,2.69E-04,2.61E-04,2.50E-04
215,LFP1,38,0,47.98283768,2.35E-04,2.21E-04,2.10E-04,2.04E-04,2.01E-04,1.99E-04,1.97E-04,1.95E-04,1.94E-04,1.93E-04,1.95E-04,1.97E-04,1.99E-04,1.97E-04,1.95E-04,1.94E-04,1.91E-04,1.89E-04,1.86E-04,1.82E-04,1.80E-04,1.78E-04,1.76E-04,1.74E-04,1.73E-04,1.72E-04,1.72E-04,1.70E-04,1.68E-04,1.66E-04,1.64E-04,1.62E-04,1.60E-04,1.61E-04,1.60E-04,1.56E-04,1.53E-04,1.49E-04,1.47E-04,1.46E-04,1.44E-04,1.42E-04,1.39E-04,1.37E-04,1.34E-04,1.30E-04,1.27E-04,1.23E-04,1.19E-04,1.15E-04,1.08E-04,1.02E-04,9.87E-05,9.60E-05,9.29E-05,9.03E-05,8.66E-05,8.40E-05,8.08E-05,7.78E-05,7.67E-05,7.40E-05,7.37E-05,7.58E-05,7.56E-05,7.37E-05,7.09E-05,7.06E-05,6.83E-05,6.64E-05,6.60E-05,6.42E-05,6.22E-05,5.89E-05,5.70E-05,5.45E-05,5.24E-05,5.18E-05,4.90E-05,4.49E-05,4.03E-05,3.79E-05,3.70E-05,3.64E-05,3.59E-05,4.07E-05,5.02E-05,5.96E-05,6.55E-05,6.79E-05,6.97E-05,6.69E-05,5.58E-05,4.22E-05,3.12E-05,2.27E-05,1.72E-05,1.38E-05,1.28E-05,1.24E-05,1.28E-05,1.31E-05,1.44E-05,1.66E-05,1.93E-05,1.91E-05,1.72E-05,1.63E-05,1.56E-05,1.52E-05,1.41E-05,1.24E-05,1.14E-05,1.16E-05,1.37E-05,1.56E-05,1.65E-05,1.64E-05,1.62E-05,1.66E-05,1.61E-05,1.66E-05,1.70E-05,1.71E-05,1.43E-05,1.05E-05,8.18E-06,6.56E-06,5.52E-06,5.17E-06,4.16E-06,3.17E-06,1.81E-06,-1.01E-06,-3.97E-06,-6.03E-06,-6.37E-06,-7.59E-06,-9.69E-06,-1.23E-05,-1.37E-05,-1.47E-05,-1.68E-05,-1.87E-05,-1.83E-05,-1.90E-05,-1.94E-05,-1.65E-05,-1.41E-05,-1.27E-05,-1.17E-05,-1.11E-05,-1.02E-05,-9.15E-06,-8.56E-06,-7.67E-06,-6.93E-06,-8.17E-06,-9.98E-06,-1.16E-05,-1.07E-05,-9.01E-06,-8.90E-06,-1.03E-05,-1.26E-05,-1.40E-05,-1.53E-05,-1.74E-05,-1.87E-05,-1.85E-05,-1.79E-05,-1.71E-05,-1.42E-05,-3.05E-06,1.23E-05,2.69E-05,3.75E-05,4.48E-05,5.01E-05,4.93E-05,3.95E-05,2.53E-05,1.29E-05,2.53E-06,-5.75E-06,-1.12E-05,-1.46E-05,-1.58E-05,-1.82E-05,-2.06E-05,-2.14E-05,-2.18E-05,-2.17E-05,-2.11E-05,-1.66E-05,-9.77E-06,-5.45E-06,-4.95E-06,-5.44E-06,-6.81E-06,-6.79E-06,-6.11E-06,-5.35E-06,-5.31E-06,-5.79E-06,-5.41E-06,-3.12E-06,-2.21E-06,-4.25E-06,-6.37E-06,-5.85E-06,-3.31E-06,-2.70E-06,-4.54E-08,4.39E-06,8.26E-06,1.16E-05,1.29E-05,1.18E-05,9.31E-06,6.43E-06,2.75E-06,3.43E-07,-9.65E-07,-7.82E-07,-2.96E-06,-3.33E-06,-1.16E-06,1.04E-06,1.96E-06,2.56E-06,-2.18E-07,-3.54E-06,-5.68E-06,-6.59E-06,-7.94E-06,-4.51E-06,-4.82E-07,2.29E-06,3.10E-06,2.08E-06,7.52E-07,-3.06E-07,-1.27E-06,-2.10E-06,-3.07E-06,-4.74E-06,-7.41E-06,-1.19E-05,-1.48E-05,-1.64E-05,-1.67E-05,-1.73E-05,-1.72E-05,-1.93E-05,-2.08E-05
216,LFP1,38,0,48.06672382,-2.19E-05,-2.22E-05,-2.14E-05,-1.88E-05,-1.66E-05,-1.64E-05,-1.81E-05,-2.06E-05,-2.32E-05,-2.46E-05,-2.65E-05,-2.42E-05,-1.34E-05,1.64E-06,1.54E-05,2.58E-05,3.04E-05,2.93E-05,2.66E-05,1.90E-05,8.65E-06,-1.97E-06,-1.11E-05,-1.61E-05,-2.08E-05,-2.62E-05,-2.92E-05,-3.02E-05,-3.16E-05,-3.20E-05,-3.16E-05,-3.35E-05,-3.54E-05,-3.63E-05,-3.55E-05,-3.31E-05,-3.24E-05,-3.16E-05,-2.96E-05,-2.74E-05,-2.53E-05,-2.43E-05,-2.56E-05,-2.78E-05,-3.14E-05,-3.43E-05,-3.44E-05,-3.46E-05,-3.56E-05,-3.62E-05,-3.61E-05,-3.61E-05,-3.65E-05,-3.83E-05,-3.89E-05,-3.76E-05,-3.57E-05,-3.51E-05,-3.48E-05,-3.49E-05,-3.29E-05,-3.15E-05,-3.22E-05,-3.53E-05,-3.85E-05,-4.25E-05,-4.58E-05,-4.68E-05,-4.68E-05,-4.71E-05,-4.93E-05,-4.86E-05,-4.67E-05,-4.38E-05,-4.32E-05,-3.80E-05,-1.52E-05,1.75E-05,4.78E-05,7.21E-05,8.66E-05,9.13E-05,9.01E-05,8.61E-05,8.29E-05,7.84E-05,7.44E-05,7.15E-05,6.99E-05,6.88E-05,6.97E-05,6.97E-05,6.90E-05,6.60E-05,6.19E-05,5.76E-05,5.48E-05,5.45E-05,5.10E-05,3.95E-05,2.49E-05,1.23E-05,6.04E-06,1.07E-05,2.30E-05,3.59E-05,4.68E-05,5.45E-05,5.75E-05,5.71E-05,4.85E-05,3.52E-05,2.24E-05,1.26E-05,7.68E-06,3.72E-06,-6.41E-07,-7.25E-06,-1.40E-05,-1.77E-05,-2.07E-05,-2.28E-05,-2.49E-05,-2.50E-05,-2.37E-05,-2.24E-05,-2.26E-05,-2.38E-05,-2.45E-05,-2.48E-05,-2.34E-05,-2.31E-05,-2.38E-05,-2.37E-05,-2.32E-05,-2.39E-05,-2.68E-05,-2.88E-05,-2.93E-05,-2.77E-05,-2.49E-05,-2.28E-05,-2.16E-05,-2.13E-05,-1.93E-05,-1.76E-05,-1.75E-05,-1.66E-05,-1.56E-05,-1.57E-05,-1.42E-05,-1.14E-05,-9.90E-06,-8.77E-06,-6.46E-06,-3.46E-06,-2.37E-06,-2.74E-06,-1.89E-06,8.62E-07,2.89E-06,8.10E-06,1.25E-05,1.22E-05,1.13E-05,9.47E-06,6.80E-06,4.56E-06,3.67E-06,4.64E-06,4.55E-06,1.42E-06,-3.48E-06,-8.63E-06,-1.19E-05,-1.19E-05,-8.52E-06,-6.12E-06,-5.97E-06,-5.70E-06,-6.42E-06,-9.41E-06,-1.38E-05,-1.84E-05,-2.15E-05,-2.51E-05,-2.96E-05,-3.35E-05,-3.70E-05,-3.80E-05,-3.59E-05,-3.30E-05,-2.87E-05,-2.23E-05,-1.83E-05,-1.61E-05,-1.37E-05,-1.07E-05,-9.26E-06,-8.54E-06,-9.49E-06,-1.19E-05,-1.44E-05,-1.66E-05,-1.95E-05,-1.89E-05,-1.67E-05,-1.44E-05,-7.89E-06,5.25E-06,2.04E-05,3.63E-05,4.86E-05,5.84E-05,6.30E-05,6.32E-05,6.39E-05,5.85E-05,4.60E-05,3.21E-05,2.07E-05,1.48E-05,1.22E-05,1.02E-05,9.86E-06,1.03E-05,9.69E-06,1.15E-05,1.35E-05,1.60E-05,1.85E-05,2.24E-05,2.62E-05,2.77E-05,2.75E-05,2.59E-05,2.62E-05,2.69E-05,2.47E-05,2.25E-05,2.32E-05,2.51E-05,2.67E-05,2.80E-05,2.97E-05,3.11E-05,3.44E-05,4.11E-05,4.80E-05,5.21E-05,5.19E-05,5.12E-05,4.82E-05,4.65E-05,4.63E-05,4.89E-05
217,LFP1,38,0,48.15060997,4.97E-05,4.97E-05,5.08E-05,5.43E-05,5.59E-05,5.73E-05,5.83E-05,6.05E-05,6.17E-05,6.19E-05,6.07E-05,5.90E-05,5.93E-05,6.02E-05,6.12E-05,6.18E-05,6.06E-05,6.02E-05,5.93E-05,5.72E-05,5.64E-05,5.70E-05,5.92E-05,6.22E-05,6.44E-05,6.60E-05,6.76E-05,7.05E-05,7.41E-05,7.66E-05,7.67E-05,7.47E-05,7.24E-05,6.95E-05,6.71E-05,6.71E-05,6.71E-05,6.81E-05,7.15E-05,7.52E-05,7.68E-05,7.69E-05,7.33E-05,7.26E-05,7.08E-05,6.84E-05,6.77E-05,6.80E-05,6.79E-05,6.79E-05,6.84E-05,6.97E-05,7.12E-05,7.09E-05,7.21E-05,7.37E-05,7.69E-05,8.01E-05,8.05E-05,7.96E-05,7.96E-05,7.92E-05,7.67E-05,7.47E-05,7.40E-05,7.32E-05,7.22E-05,7.10E-05,7.25E-05,7.41E-05,7.50E-05,7.43E-05,7.36E-05,7.29E-05,7.22E-05,7.38E-05,8.40E-05,9.98E-05,1.16E-04,1.29E-04,1.36E-04,1.40E-04,1.42E-04,1.42E-04,1.41E-04,1.38E-04,1.31E-04,1.22E-04,1.10E-04,1.00E-04,9.34E-05,8.79E-05,8.44E-05,8.26E-05,8.07E-05,7.82E-05,7.62E-05,7.59E-05,7.72E-05,7.89E-05,8.13E-05,8.45E-05,8.64E-05,8.73E-05,8.86E-05,8.94E-05,9.06E-05,9.15E-05,9.24E-05,9.49E-05,9.54E-05,9.29E-05,9.14E-05,8.93E-05,8.69E-05,8.67E-05,8.66E-05,8.64E-05,8.54E-05,8.47E-05,8.48E-05,8.32E-05,8.20E-05,8.15E-05,7.91E-05,7.69E-05,7.54E-05,7.36E-05,7.31E-05,7.19E-05,7.03E-05,6.99E-05,6.75E-05,6.59E-05,6.46E-05,6.13E-05,5.80E-05,5.81E-05,6.12E-05,6.34E-05,6.45E-05,6.49E-05,6.51E-05,6.49E-05,6.48E-05,6.25E-05,6.16E-05,6.40E-05,6.72E-05,6.98E-05,7.14E-05,7.00E-05,6.90E-05,6.64E-05,6.32E-05,6.17E-05,6.14E-05,6.28E-05,6.32E-05,6.24E-05,6.29E-05,6.56E-05,7.02E-05,7.30E-05,7.48E-05,7.70E-05,7.83E-05,7.92E-05,7.93E-05,8.05E-05,8.10E-05,8.09E-05,8.31E-05,8.31E-05,8.13E-05,7.85E-05,7.72E-05,7.91E-05,8.88E-05,1.03E-04,1.17E-04,1.28E-04,1.35E-04,1.38E-04,1.37E-04,1.28E-04,1.15E-04,1.02E-04,9.20E-05,8.46E-05,8.11E-05,8.01E-05,8.02E-05,8.06E-05,8.08E-05,7.99E-05,8.05E-05,8.14E-05,8.10E-05,8.25E-05,8.45E-05,8.91E-05,9.30E-05,9.57E-05,9.59E-05,9.49E-05,9.26E-05,9.00E-05,8.79E-05,8.73E-05,8.54E-05,8.37E-05,8.29E-05,8.35E-05,8.18E-05,7.83E-05,7.59E-05,7.35E-05,7.07E-05,6.97E-05,6.86E-05,6.77E-05,6.79E-05,6.83E-05,6.76E-05,6.70E-05,6.68E-05,6.56E-05,6.55E-05,6.69E-05,6.75E-05,6.63E-05,6.40E-05,6.09E-05,5.78E-05,5.46E-05,5.09E-05,4.81E-05,4.71E-05,4.82E-05,4.83E-05,4.93E-05,4.99E-05,5.01E-05,5.00E-05,5.01E-05,4.92E-05,4.88E-05,4.95E-05,4.96E-05,5.14E-05,5.16E-05,5.21E-05,5.21E-05,5.00E-05,4.75E-05
218,LFP1,38,0,48.23449612,4.71E-05,4.57E-05,4.36E-05,4.11E-05,3.83E-05,3.69E-05,3.77E-05,3.78E-05,3.66E-05,3.31E-05,2.95E-05,2.54E-05,2.14E-05,2.16E-05,2.46E-05,2.69E-05,3.01E-05,3.20E-05,3.30E-05,3.41E-05,3.32E-05,3.13E-05,2.84E-05,2.65E-05,2.54E-05,2.64E-05,3.02E-05,3.26E-05,4.03E-05,5.47E-05,6.78E-05,7.80E-05,8.47E-05,8.81E-05,8.82E-05,8.57E-05,8.07E-05,7.04E-05,5.76E-05,4.63E-05,3.76E-05,3.24E-05,3.16E-05,3.00E-05,2.87E-05,2.84E-05,2.95E-05,3.24E-05,3.72E-05,4.16E-05,4.30E-05,4.16E-05,3.99E-05,3.99E-05,3.99E-05,3.93E-05,3.77E-05,3.69E-05,3.64E-05,3.56E-05,3.22E-05,2.80E-05,2.27E-05,1.90E-05,1.66E-05,1.48E-05,1.26E-05,8.84E-06,5.14E-06,1.37E-06,-1.80E-06,-4.05E-06,-4.81E-06,-4.90E-06,-6.75E-06,-7.31E-06,-8.52E-06,-1.07E-05,-1.22E-05,-1.42E-05,-1.55E-05,-1.53E-05,-1.68E-05,-2.00E-05,-2.20E-05,-2.30E-05,-2.18E-05,-2.07E-05,-1.94E-05,-1.99E-05,-2.21E-05,-2.44E-05,-2.36E-05,-2.18E-05,-2.09E-05,-1.96E-05,-1.71E-05,-1.48E-05,-1.20E-05,-8.91E-06,-7.01E-06,-6.58E-06,-6.39E-06,-5.94E-06,-4.43E-06,-2.65E-06,-1.87E-06,-1.05E-06,1.19E-06,4.48E-06,5.88E-06,5.11E-06,3.69E-06,2.99E-06,3.68E-06,3.59E-06,4.17E-06,6.46E-06,1.30E-05,2.76E-05,4.48E-05,5.76E-05,6.61E-05,7.21E-05,7.24E-05,6.35E-05,5.07E-05,3.84E-05,3.13E-05,2.77E-05,2.50E-05,2.37E-05,2.20E-05,2.13E-05,2.23E-05,2.33E-05,2.52E-05,2.72E-05,2.95E-05,3.25E-05,3.58E-05,3.83E-05,4.04E-05,4.32E-05,4.71E-05,4.90E-05,5.09E-05,5.16E-05,5.21E-05,5.32E-05,5.44E-05,5.54E-05,5.60E-05,5.75E-05,5.86E-05,5.89E-05,6.19E-05,6.49E-05,6.72E-05,7.01E-05,7.21E-05,7.22E-05,7.19E-05,7.22E-05,7.08E-05,6.70E-05,6.45E-05,6.33E-05,6.20E-05,5.91E-05,5.79E-05,5.71E-05,5.69E-05,5.95E-05,6.12E-05,6.22E-05,6.27E-05,6.33E-05,6.64E-05,7.14E-05,7.59E-05,7.77E-05,7.72E-05,7.97E-05,8.26E-05,8.55E-05,8.94E-05,8.99E-05,8.73E-05,8.50E-05,8.37E-05,8.22E-05,8.18E-05,8.27E-05,8.51E-05,8.49E-05,8.23E-05,7.99E-05,7.88E-05,7.88E-05,8.05E-05,8.26E-05,8.56E-05,8.50E-05,8.31E-05,8.24E-05,8.20E-05,8.38E-05,8.68E-05,8.58E-05,8.39E-05,8.30E-05,8.11E-05,7.97E-05,7.90E-05,7.73E-05,7.38E-05,7.01E-05,6.67E-05,6.67E-05,6.76E-05,6.78E-05,6.78E-05,6.78E-05,6.72E-05,6.77E-05,6.86E-05,6.92E-05,7.04E-05,6.99E-05,6.81E-05,6.71E-05,6.59E-05,6.70E-05,6.85E-05,6.94E-05,6.85E-05,6.44E-05,6.18E-05,6.04E-05,6.02E-05,6.20E-05,6.25E-05,6.32E-05,6.40E-05,6.60E-05,6.87E-05,6.93E-05,7.12E-05,7.29E-05,7.54E-05,8.08E-05,9.01E-05,1.01E-04,1.09E-04,1.15E-04
219,LFP1,38,0,48.31838202,1.19E-04,1.21E-04,1.21E-04,1.24E-04,1.29E-04,1.33E-04,1.36E-04,1.35E-04,1.31E-04,1.28E-04,1.29E-04,1.31E-04,1.33E-04,1.34E-04,1.35E-04,1.45E-04,1.62E-04,1.80E-04,1.94E-04,2.06E-04,2.14E-04,2.17E-04,2.14E-04,2.12E-04,2.12E-04,2.13E-04,2.13E-04,2.12E-04,2.08E-04,1.98E-04,1.86E-04,1.75E-04,1.64E-04,1.58E-04,1.56E-04,1.57E-04,1.57E-04,1.58E-04,1.59E-04,1.61E-04,1.63E-04,1.65E-04,1.66E-04,1.66E-04,1.66E-04,1.66E-04,1.63E-04,1.60E-04,1.55E-04,1.52E-04,1.50E-04,1.50E-04,1.50E-04,1.49E-04,1.47E-04,1.43E-04,1.38E-04,1.32E-04,1.25E-04,1.19E-04,1.16E-04,1.15E-04,1.17E-04,1.18E-04,1.18E-04,1.15E-04,1.11E-04,1.07E-04,1.03E-04,9.90E-05,9.68E-05,9.62E-05,9.37E-05,9.22E-05,9.19E-05,9.21E-05,9.32E-05,9.34E-05,9.24E-05,9.24E-05,9.26E-05,9.02E-05,8.69E-05,8.45E-05,8.53E-05,8.89E-05,9.03E-05,8.87E-05,8.83E-05,8.85E-05,8.94E-05,8.89E-05,8.86E-05,8.98E-05,9.34E-05,9.75E-05,9.99E-05,1.01E-04,1.04E-04,1.05E-04,1.06E-04,1.06E-04,1.08E-04,1.08E-04,1.08E-04,1.07E-04,1.07E-04,1.06E-04,1.07E-04,1.07E-04,1.04E-04,1.02E-04,1.00E-04,1.00E-04,9.99E-05,1.01E-04,1.04E-04,1.06E-04,1.07E-04,1.08E-04,1.07E-04,1.05E-04,1.07E-04,1.09E-04,1.09E-04,1.10E-04,1.10E-04,1.13E-04,1.15E-04,1.18E-04,1.22E-04,1.25E-04,1.27E-04,1.28E-04,1.30E-04,1.30E-04,1.31E-04,1.33E-04,1.40E-04,1.45E-04,1.51E-04,1.68E-04,1.86E-04,2.03E-04,2.15E-04,2.21E-04,2.25E-04,2.27E-04,2.28E-04,2.28E-04,2.24E-04,2.13E-04,2.00E-04,1.87E-04,1.78E-04,1.74E-04,1.74E-04,1.76E-04,1.80E-04,1.81E-04,1.80E-04,1.81E-04,1.80E-04,1.78E-04,1.76E-04,1.76E-04,1.76E-04,1.78E-04,1.80E-04,1.81E-04,1.80E-04,1.78E-04,1.78E-04,1.78E-04,1.79E-04,1.80E-04,1.84E-04,1.88E-04,1.90E-04,1.89E-04,1.87E-04,1.87E-04,1.90E-04,1.92E-04,1.91E-04,1.88E-04,1.86E-04,1.83E-04,1.81E-04,1.81E-04,1.82E-04,1.83E-04,1.85E-04,1.89E-04,1.87E-04,1.83E-04,1.82E-04,1.82E-04,1.87E-04,1.97E-04,2.08E-04,2.14E-04,2.13E-04,2.10E-04,2.05E-04,2.01E-04,2.00E-04,2.01E-04,2.04E-04,2.05E-04,2.06E-04,2.06E-04,2.04E-04,2.04E-04,2.05E-04,2.05E-04,2.07E-04,2.12E-04,2.16E-04,2.17E-04,2.16E-04,2.14E-04,2.12E-04,2.10E-04,2.11E-04,2.10E-04,2.10E-04,2.10E-04,2.12E-04,2.14E-04,2.15E-04,2.14E-04,2.13E-04,2.19E-04,2.38E-04,2.60E-04,2.76E-04,2.83E-04,2.85E-04,2.82E-04,2.73E-04,2.59E-04,2.45E-04,2.33E-04,2.24E-04,2.20E-04,2.17E-04,2.15E-04,2.14E-04,2.14E-04,2.16E-04,2.18E-04,2.19E-04,2.17E-04,2.19E-04,2.26E-04
220,LFP1,38,0,48.40226817,2.37E-04,2.46E-04,2.49E-04,2.45E-04,2.39E-04,2.33E-04,2.25E-04,2.18E-04,2.13E-04,2.09E-04,2.08E-04,2.09E-04,2.08E-04,2.07E-04,2.04E-04,2.01E-04,2.02E-04,2.03E-04,2.04E-04,2.04E-04,2.08E-04,2.12E-04,2.13E-04,2.12E-04,2.08E-04,2.01E-04,1.95E-04,1.91E-04,1.88E-04,1.86E-04,1.86E-04,1.86E-04,1.87E-04,1.87E-04,1.86E-04,1.85E-04,1.85E-04,1.84E-04,1.83E-04,1.84E-04,1.86E-04,1.88E-04,1.85E-04,1.80E-04,1.75E-04,1.71E-04,1.69E-04,1.68E-04,1.68E-04,1.66E-04,1.66E-04,1.65E-04,1.63E-04,1.61E-04,1.59E-04,1.61E-04,1.59E-04,1.59E-04,1.60E-04,1.60E-04,1.61E-04,1.66E-04,1.72E-04,1.83E-04,1.98E-04,2.13E-04,2.25E-04,2.31E-04,2.31E-04,2.22E-04,2.05E-04,1.89E-04,1.73E-04,1.62E-04,1.53E-04,1.50E-04,1.48E-04,1.46E-04,1.43E-04,1.40E-04,1.39E-04,1.42E-04,1.48E-04,1.57E-04,1.68E-04,1.78E-04,1.84E-04,1.83E-04,1.75E-04,1.67E-04,1.58E-04,1.52E-04,1.47E-04,1.43E-04,1.44E-04,1.46E-04,1.46E-04,1.45E-04,1.41E-04,1.39E-04,1.38E-04,1.37E-04,1.34E-04,1.31E-04,1.27E-04,1.27E-04,1.28E-04,1.31E-04,1.35E-04,1.43E-04,1.53E-04,1.60E-04,1.64E-04,1.66E-04,1.65E-04,1.63E-04,1.60E-04,1.58E-04,1.69E-04,1.96E-04,2.28E-04,2.55E-04,2.75E-04,2.84E-04,2.88E-04,2.87E-04,2.83E-04,2.78E-04,2.75E-04,2.73E-04,2.71E-04,2.69E-04,2.64E-04,2.62E-04,2.61E-04,2.61E-04,2.59E-04,2.57E-04,2.55E-04,2.50E-04,2.38E-04,2.19E-04,1.99E-04,1.82E-04,1.70E-04,1.62E-04,1.56E-04,1.54E-04,1.55E-04,1.58E-04,1.60E-04,1.61E-04,1.61E-04,1.63E-04,1.65E-04,1.67E-04,1.68E-04,1.65E-04,1.58E-04,1.54E-04,1.50E-04,1.46E-04,1.43E-04,1.40E-04,1.46E-04,1.58E-04,1.70E-04,1.79E-04,1.85E-04,1.87E-04,1.85E-04,1.81E-04,1.69E-04,1.52E-04,1.36E-04,1.22E-04,1.12E-04,1.05E-04,9.80E-05,9.18E-05,8.70E-05,8.45E-05,8.36E-05,8.35E-05,8.19E-05,8.12E-05,8.12E-05,8.34E-05,8.55E-05,8.70E-05,8.88E-05,9.15E-05,9.14E-05,8.88E-05,8.77E-05,8.79E-05,8.93E-05,9.19E-05,9.40E-05,9.44E-05,9.49E-05,9.47E-05,9.37E-05,9.32E-05,9.20E-05,9.24E-05,9.16E-05,8.90E-05,8.42E-05,7.87E-05,7.38E-05,6.94E-05,6.57E-05,6.26E-05,6.07E-05,5.83E-05,5.48E-05,4.95E-05,4.61E-05,4.30E-05,3.83E-05,3.26E-05,2.64E-05,2.21E-05,1.95E-05,1.79E-05,1.83E-05,2.01E-05,2.07E-05,2.04E-05,1.82E-05,1.54E-05,1.29E-05,1.08E-05,8.40E-06,7.70E-06,8.02E-06,8.43E-06,9.92E-06,1.28E-05,1.48E-05,1.78E-05,2.01E-05,2.02E-05,1.99E-05,2.09E-05,2.29E-05,2.55E-05,2.91E-05,2.98E-05,3.09E-05,3.16E-05,3.21E-05,3.24E-05,3.14E-05,3.10E-05
221,LFP1,38,0,48.48615432,3.05E-05,2.90E-05,2.64E-05,2.30E-05,2.65E-05,3.88E-05,5.19E-05,6.22E-05,6.88E-05,7.23E-05,7.02E-05,5.89E-05,4.59E-05,3.46E-05,2.52E-05,1.86E-05,1.44E-05,1.13E-05,8.71E-06,8.36E-06,8.97E-06,6.54E-06,2.98E-06,1.34E-06,2.12E-06,5.06E-06,7.97E-06,8.99E-06,1.31E-05,1.92E-05,2.38E-05,2.57E-05,2.75E-05,2.87E-05,3.03E-05,3.21E-05,3.34E-05,3.57E-05,3.75E-05,4.04E-05,4.40E-05,4.51E-05,4.43E-05,4.45E-05,4.50E-05,4.59E-05,4.62E-05,4.62E-05,4.59E-05,4.51E-05,4.57E-05,4.64E-05,4.48E-05,4.26E-05,4.02E-05,3.83E-05,3.77E-05,3.75E-05,3.75E-05,3.80E-05,3.78E-05,3.72E-05,3.86E-05,4.27E-05,4.55E-05,4.65E-05,4.36E-05,4.04E-05,4.02E-05,4.33E-05,4.77E-05,5.08E-05,5.25E-05,5.38E-05,5.64E-05,5.86E-05,6.01E-05,6.06E-05,6.20E-05,6.51E-05,6.89E-05,7.24E-05,7.71E-05,8.19E-05,8.41E-05,8.44E-05,8.54E-05,8.51E-05,8.26E-05,7.97E-05,7.77E-05,7.79E-05,7.80E-05,7.87E-05,8.31E-05,8.75E-05,9.06E-05,9.74E-05,1.11E-04,1.28E-04,1.42E-04,1.51E-04,1.54E-04,1.56E-04,1.52E-04,1.39E-04,1.24E-04,1.09E-04,9.80E-05,9.08E-05,8.85E-05,8.68E-05,8.52E-05,8.51E-05,8.72E-05,8.83E-05,8.82E-05,8.85E-05,8.85E-05,8.69E-05,8.49E-05,8.26E-05,7.99E-05,8.19E-05,8.52E-05,8.62E-05,8.42E-05,8.06E-05,7.91E-05,7.79E-05,7.85E-05,8.05E-05,8.12E-05,8.03E-05,7.91E-05,7.83E-05,7.65E-05,7.62E-05,7.87E-05,8.16E-05,8.24E-05,8.12E-05,7.96E-05,7.95E-05,8.16E-05,8.47E-05,8.67E-05,8.89E-05,9.07E-05,9.12E-05,9.10E-05,9.05E-05,9.03E-05,9.12E-05,9.11E-05,9.16E-05,9.05E-05,8.85E-05,8.55E-05,8.36E-05,8.31E-05,8.14E-05,8.22E-05,8.30E-05,8.36E-05,8.31E-05,8.27E-05,8.28E-05,8.53E-05,8.60E-05,8.62E-05,8.53E-05,8.47E-05,8.55E-05,8.66E-05,8.77E-05,8.65E-05,8.50E-05,8.16E-05,7.81E-05,7.68E-05,7.88E-05,8.09E-05,8.24E-05,8.38E-05,8.45E-05,8.33E-05,8.10E-05,7.96E-05,8.35E-05,9.78E-05,1.17E-04,1.33E-04,1.43E-04,1.46E-04,1.43E-04,1.32E-04,1.17E-04,1.01E-04,9.06E-05,8.58E-05,8.24E-05,8.06E-05,8.17E-05,8.22E-05,8.25E-05,8.27E-05,8.19E-05,8.16E-05,8.02E-05,7.94E-05,7.89E-05,7.68E-05,7.58E-05,7.47E-05,7.24E-05,7.16E-05,7.30E-05,7.35E-05,7.20E-05,6.92E-05,6.65E-05,6.57E-05,6.56E-05,6.50E-05,6.34E-05,6.13E-05,5.90E-05,5.75E-05,5.68E-05,5.76E-05,5.82E-05,5.89E-05,5.93E-05,6.05E-05,6.14E-05,6.22E-05,6.15E-05,5.96E-05,5.84E-05,5.72E-05,5.63E-05,5.50E-05,5.33E-05,5.36E-05,5.41E-05,5.45E-05,5.41E-05,5.34E-05,5.24E-05,5.07E-05,4.99E-05,5.07E-05,5.02E-05,5.02E-05,5.03E-05
222,LFP1,38,0,48.57004023,5.23E-05,5.41E-05,5.42E-05,5.45E-05,5.45E-05,5.43E-05,5.44E-05,5.25E-05,4.91E-05,4.68E-05,4.54E-05,4.39E-05,4.20E-05,4.02E-05,3.74E-05,3.66E-05,3.55E-05,3.54E-05,3.75E-05,4.03E-05,4.15E-05,4.23E-05,4.18E-05,3.89E-05,3.57E-05,4.03E-05,5.56E-05,7.26E-05,8.61E-05,9.67E-05,1.02E-04,1.02E-04,9.49E-05,8.44E-05,7.48E-05,6.66E-05,6.19E-05,5.98E-05,5.97E-05,5.98E-05,5.77E-05,5.54E-05,5.38E-05,5.13E-05,4.92E-05,4.97E-05,5.16E-05,5.34E-05,5.58E-05,5.70E-05,5.90E-05,6.15E-05,6.25E-05,6.31E-05,6.40E-05,6.38E-05,6.19E-05,6.01E-05,5.82E-05,5.52E-05,5.38E-05,5.27E-05,5.30E-05,5.25E-05,5.04E-05,4.69E-05,4.20E-05,3.93E-05,3.77E-05,3.72E-05,3.73E-05,3.53E-05,3.16E-05,2.70E-05,2.47E-05,2.36E-05,2.31E-05,2.40E-05,2.61E-05,2.94E-05,2.86E-05,2.56E-05,2.31E-05,2.04E-05,1.86E-05,1.76E-05,1.52E-05,1.33E-05,1.12E-05,9.55E-06,7.33E-06,5.89E-06,5.35E-06,6.97E-06,8.05E-06,8.18E-06,9.21E-06,1.11E-05,1.19E-05,1.24E-05,1.30E-05,1.37E-05,1.54E-05,1.66E-05,1.65E-05,1.34E-05,1.02E-05,5.62E-06,2.24E-06,9.10E-07,4.00E-07,1.41E-06,8.96E-06,2.07E-05,3.35E-05,4.64E-05,5.68E-05,6.28E-05,5.87E-05,4.48E-05,2.81E-05,1.49E-05,7.11E-06,2.20E-06,-1.09E-06,-4.68E-06,-7.52E-06,-8.98E-06,-8.65E-06,-8.45E-06,-9.54E-06,-9.44E-06,-8.22E-06,-9.61E-06,-1.14E-05,-1.26E-05,-1.59E-05,-1.97E-05,-2.08E-05,-2.19E-05,-2.26E-05,-2.23E-05,-2.30E-05,-2.37E-05,-2.44E-05,-2.59E-05,-2.88E-05,-3.38E-05,-3.66E-05,-3.68E-05,-3.45E-05,-3.31E-05,-3.33E-05,-3.35E-05,-3.47E-05,-3.81E-05,-4.00E-05,-4.17E-05,-4.43E-05,-4.66E-05,-4.70E-05,-4.62E-05,-4.49E-05,-4.41E-05,-4.26E-05,-3.96E-05,-3.76E-05,-3.98E-05,-4.26E-05,-4.69E-05,-5.07E-05,-5.26E-05,-5.33E-05,-5.17E-05,-4.98E-05,-5.02E-05,-5.32E-05,-5.65E-05,-5.87E-05,-5.81E-05,-5.51E-05,-5.28E-05,-5.15E-05,-5.13E-05,-5.29E-05,-5.59E-05,-5.78E-05,-5.86E-05,-5.91E-05,-5.96E-05,-5.90E-05,-5.92E-05,-5.84E-05,-5.47E-05,-5.11E-05,-5.04E-05,-4.99E-05,-4.83E-05,-3.73E-05,-2.13E-05,-5.42E-06,6.70E-06,1.33E-05,9.99E-06,-1.91E-06,-1.69E-05,-3.06E-05,-4.15E-05,-4.97E-05,-5.42E-05,-5.56E-05,-5.71E-05,-5.93E-05,-5.77E-05,-5.50E-05,-5.35E-05,-5.33E-05,-5.30E-05,-5.06E-05,-4.70E-05,-4.26E-05,-3.93E-05,-3.64E-05,-3.53E-05,-3.65E-05,-4.02E-05,-4.21E-05,-4.09E-05,-3.50E-05,-2.67E-05,-2.12E-05,-1.70E-05,-1.87E-05,-2.21E-05,-2.47E-05,-2.63E-05,-2.78E-05,-2.89E-05,-3.09E-05,-3.32E-05,-3.57E-05,-3.70E-05,-3.81E-05,-3.81E-05,-3.56E-05,-3.50E-05,-3.65E-05,-3.75E-05,-3.74E-05,-3.65E-05,-3.44E-05,-3.36E-05,-3.52E-05,-3.74E-05,-4.00E-05,-4.25E-05
223,LFP1,38,0,48.65392637,-4.54E-05,-4.78E-05,-4.98E-05,-5.29E-05,-5.47E-05,-5.50E-05,-5.47E-05,-5.44E-05,-5.51E-05,-5.58E-05,-5.53E-05,-5.33E-05,-5.13E-05,-4.98E-05,-4.88E-05,-5.16E-05,-5.58E-05,-5.83E-05,-5.96E-05,-6.01E-05,-5.98E-05,-5.80E-05,-5.66E-05,-5.61E-05,-5.67E-05,-5.64E-05,-5.58E-05,-5.43E-05,-5.40E-05,-5.53E-05,-5.79E-05,-6.00E-05,-6.22E-05,-5.94E-05,-4.77E-05,-3.09E-05,-1.48E-05,-3.23E-06,4.17E-06,5.09E-06,-2.22E-06,-1.43E-05,-2.83E-05,-4.01E-05,-4.57E-05,-4.88E-05,-5.08E-05,-5.05E-05,-4.95E-05,-4.91E-05,-5.00E-05,-5.02E-05,-4.93E-05,-4.97E-05,-5.05E-05,-5.07E-05,-5.15E-05,-5.27E-05,-5.44E-05,-5.55E-05,-5.53E-05,-5.44E-05,-5.32E-05,-5.14E-05,-4.78E-05,-4.55E-05,-4.56E-05,-4.42E-05,-4.27E-05,-4.04E-05,-3.74E-05,-3.66E-05,-3.68E-05,-3.89E-05,-4.15E-05,-4.34E-05,-4.30E-05,-4.13E-05,-3.93E-05,-3.55E-05,-3.30E-05,-3.19E-05,-3.20E-05,-3.26E-05,-3.33E-05,-3.33E-05,-3.22E-05,-3.06E-05,-2.80E-05,-2.50E-05,-2.23E-05,-2.00E-05,-1.71E-05,-1.22E-05,3.63E-06,2.82E-05,5.66E-05,8.28E-05,1.05E-04,1.24E-04,1.39E-04,1.49E-04,1.56E-04,1.62E-04,1.70E-04,1.75E-04,1.80E-04,1.83E-04,1.89E-04,1.95E-04,2.01E-04,2.06E-04,2.10E-04,2.14E-04,2.17E-04,2.22E-04,2.30E-04,2.43E-04,2.60E-04,2.76E-04,2.89E-04,2.98E-04,2.97E-04,2.92E-04,2.85E-04,2.79E-04,2.73E-04,2.71E-04,2.71E-04,2.74E-04,2.78E-04,2.83E-04,2.86E-04,2.86E-04,2.87E-04,2.87E-04,2.87E-04,2.87E-04,2.88E-04,2.88E-04,2.89E-04,2.89E-04,2.89E-04,2.89E-04,2.87E-04,2.88E-04,2.88E-04,2.89E-04,2.89E-04,2.89E-04,2.89E-04,2.90E-04,2.89E-04,2.88E-04,2.87E-04,2.86E-04,2.82E-04,2.79E-04,2.75E-04,2.73E-04,2.72E-04,2.70E-04,2.69E-04,2.68E-04,2.67E-04,2.67E-04,2.66E-04,2.64E-04,2.64E-04,2.66E-04,2.68E-04,2.70E-04,2.73E-04,2.74E-04,2.75E-04,2.76E-04,2.74E-04,2.71E-04,2.71E-04,2.72E-04,2.72E-04,2.70E-04,2.70E-04,2.69E-04,2.67E-04,2.65E-04,2.66E-04,2.65E-04,2.62E-04,2.60E-04,2.58E-04,2.57E-04,2.56E-04,2.56E-04,2.53E-04,2.50E-04,2.47E-04,2.46E-04,2.46E-04,2.44E-04,2.41E-04,2.40E-04,2.39E-04,2.36E-04,2.34E-04,2.38E-04,2.47E-04,2.56E-04,2.63E-04,2.69E-04,2.71E-04,2.65E-04,2.54E-04,2.43E-04,2.33E-04,2.25E-04,2.17E-04,2.13E-04,2.12E-04,2.13E-04,2.14E-04,2.12E-04,2.12E-04,2.12E-04,2.14E-04,2.16E-04,2.17E-04,2.16E-04,2.15E-04,2.14E-04,2.12E-04,2.12E-04,2.10E-04,2.07E-04,2.05E-04,2.04E-04,2.04E-04,2.05E-04,2.06E-04,2.07E-04,2.08E-04,2.08E-04,2.13E-04,2.23E-04,2.36E-04,2.47E-04,2.53E-04,2.59E-04,2.77E-04,3.05E-04,3.31E-04,3.53E-04,3.66E-04,3.71E-04,3.69E-04,3.63E-04
224,LFP1,38,0,48.73781252,3.54E-04,3.45E-04,3.36E-04,3.27E-04,3.19E-04,3.10E-04,3.02E-04,2.96E-04,2.91E-04,2.87E-04,2.85E-04,2.84E-04,2.82E-04,2.79E-04,2.74E-04,2.66E-04,2.52E-04,2.36E-04,2.22E-04,2.11E-04,2.05E-04,2.00E-04,1.94E-04,1.90E-04,1.87E-04,1.84E-04,1.83E-04,1.83E-04,1.83E-04,1.84E-04,1.79E-04,1.73E-04,1.69E-04,1.66E-04,1.69E-04,1.78E-04,1.86E-04,1.91E-04,1.94E-04,1.91E-04,1.80E-04,1.65E-04,1.47E-04,1.31E-04,1.19E-04,1.10E-04,1.03E-04,9.88E-05,9.54E-05,9.45E-05,9.21E-05,9.13E-05,9.18E-05,9.10E-05,8.97E-05,8.89E-05,8.92E-05,9.05E-05,9.26E-05,9.33E-05,9.38E-05,9.64E-05,1.01E-04,1.06E-04,1.10E-04,1.12E-04,1.14E-04,1.19E-04,1.23E-04,1.23E-04,1.25E-04,1.26E-04,1.26E-04,1.29E-04,1.30E-04,1.30E-04,1.29E-04,1.28E-04,1.26E-04,1.24E-04,1.21E-04,1.17E-04,1.14E-04,1.12E-04,1.12E-04,1.13E-04,1.13E-04,1.11E-04,1.08E-04,1.01E-04,9.49E-05,8.80E-05,8.03E-05,7.53E-05,7.28E-05,7.24E-05,7.27E-05,7.29E-05,7.24E-05,7.08E-05,6.83E-05,6.57E-05,6.32E-05,6.03E-05,5.87E-05,5.98E-05,6.29E-05,6.63E-05,6.68E-05,6.55E-05,6.51E-05,6.46E-05,6.62E-05,6.66E-05,6.51E-05,6.48E-05,6.27E-05,6.03E-05,5.93E-05,6.09E-05,6.43E-05,6.84E-05,7.15E-05,7.50E-05,7.65E-05,7.47E-05,7.13E-05,6.64E-05,6.13E-05,5.77E-05,5.56E-05,5.33E-05,5.31E-05,5.47E-05,5.73E-05,5.64E-05,5.43E-05,5.10E-05,4.71E-05,4.75E-05,5.64E-05,6.73E-05,7.93E-05,8.86E-05,9.45E-05,9.39E-05,9.11E-05,8.19E-05,6.60E-05,5.05E-05,3.85E-05,2.99E-05,2.33E-05,1.90E-05,1.42E-05,1.02E-05,7.53E-06,5.74E-06,4.16E-06,5.12E-06,7.36E-06,1.08E-05,1.26E-05,1.17E-05,9.73E-06,8.06E-06,5.46E-06,5.91E-06,9.27E-06,1.10E-05,1.27E-05,1.29E-05,1.42E-05,1.61E-05,1.91E-05,2.15E-05,2.39E-05,2.51E-05,2.38E-05,2.37E-05,2.34E-05,2.26E-05,2.31E-05,2.16E-05,1.90E-05,1.67E-05,1.38E-05,1.12E-05,8.82E-06,7.84E-06,7.12E-06,5.13E-06,2.65E-06,-1.60E-06,-3.30E-06,-2.82E-06,-2.76E-06,-2.87E-06,-1.28E-06,9.23E-07,1.44E-06,7.93E-07,-8.80E-07,-2.77E-06,-5.09E-06,-7.46E-06,-9.08E-06,-8.60E-06,-6.86E-06,-5.67E-06,-4.64E-06,-2.63E-06,-1.40E-07,2.40E-06,5.02E-06,6.80E-06,7.67E-06,6.27E-06,3.28E-06,1.84E-06,6.65E-07,-2.40E-07,-2.15E-06,-1.62E-06,-9.79E-07,6.14E-07,1.92E-06,3.85E-06,4.03E-06,2.29E-06,2.46E-06,4.38E-06,6.57E-06,7.83E-06,8.48E-06,9.10E-06,1.00E-05,9.80E-06,7.79E-06,5.74E-06,3.52E-06,1.60E-06,7.31E-06,1.81E-05,3.03E-05,4.15E-05,4.92E-05,5.38E-05,5.42E-05,4.65E-05,3.26E-05,1.92E-05,7.89E-06,-8.67E-07,-5.74E-06,-8.07E-06
225,LFP1,38,0,48.82169867,-7.86E-06,-9.20E-06,-1.13E-05,-1.44E-05,-1.72E-05,-1.69E-05,-1.58E-05,-1.53E-05,-1.32E-05,-1.41E-05,-1.71E-05,-1.87E-05,-1.82E-05,-1.73E-05,-1.51E-05,-1.29E-05,-1.22E-05,-1.47E-05,-1.97E-05,-2.56E-05,-3.17E-05,-3.64E-05,-3.70E-05,-3.55E-05,-3.57E-05,-3.45E-05,-3.58E-05,-4.01E-05,-4.40E-05,-4.54E-05,-4.67E-05,-4.83E-05,-4.97E-05,-5.16E-05,-5.51E-05,-5.91E-05,-6.36E-05,-6.67E-05,-6.96E-05,-7.39E-05,-7.64E-05,-7.80E-05,-8.00E-05,-8.39E-05,-8.68E-05,-8.87E-05,-9.01E-05,-9.04E-05,-9.10E-05,-9.19E-05,-9.15E-05,-9.10E-05,-8.96E-05,-8.73E-05,-8.57E-05,-8.45E-05,-8.38E-05,-8.34E-05,-8.38E-05,-8.40E-05,-8.48E-05,-8.36E-05,-8.21E-05,-7.91E-05,-7.50E-05,-7.26E-05,-7.08E-05,-6.96E-05,-6.94E-05,-7.04E-05,-7.34E-05,-7.65E-05,-7.84E-05,-8.01E-05,-8.14E-05,-8.11E-05,-7.97E-05,-7.17E-05,-5.64E-05,-3.92E-05,-2.57E-05,-1.72E-05,-1.43E-05,-1.93E-05,-3.38E-05,-4.82E-05,-6.11E-05,-7.06E-05,-7.56E-05,-7.83E-05,-7.93E-05,-8.13E-05,-8.31E-05,-8.47E-05,-8.47E-05,-8.32E-05,-8.21E-05,-8.08E-05,-7.88E-05,-7.76E-05,-8.01E-05,-8.29E-05,-8.47E-05,-8.48E-05,-8.50E-05,-8.50E-05,-8.33E-05,-8.02E-05,-7.85E-05,-7.69E-05,-7.64E-05,-7.68E-05,-7.61E-05,-7.67E-05,-7.72E-05,-7.63E-05,-7.65E-05,-7.75E-05,-7.81E-05,-7.75E-05,-7.65E-05,-7.57E-05,-7.62E-05,-7.62E-05,-7.51E-05,-7.59E-05,-7.67E-05,-7.76E-05,-7.66E-05,-7.58E-05,-7.46E-05,-7.69E-05,-8.04E-05,-8.08E-05,-7.92E-05,-7.78E-05,-7.73E-05,-7.58E-05,-7.16E-05,-6.91E-05,-6.94E-05,-7.13E-05,-7.23E-05,-7.27E-05,-7.35E-05,-7.44E-05,-7.56E-05,-7.63E-05,-7.72E-05,-7.63E-05,-7.38E-05,-7.19E-05,-7.16E-05,-7.17E-05,-7.21E-05,-7.21E-05,-7.29E-05,-7.39E-05,-7.43E-05,-7.52E-05,-7.54E-05,-7.44E-05,-7.34E-05,-7.27E-05,-7.21E-05,-7.09E-05,-6.94E-05,-6.84E-05,-6.75E-05,-6.67E-05,-6.59E-05,-6.68E-05,-6.85E-05,-7.05E-05,-7.04E-05,-6.84E-05,-6.71E-05,-6.61E-05,-6.57E-05,-6.48E-05,-5.78E-05,-4.58E-05,-3.35E-05,-2.31E-05,-1.65E-05,-1.33E-05,-1.52E-05,-2.40E-05,-3.68E-05,-4.96E-05,-5.82E-05,-6.33E-05,-6.58E-05,-6.59E-05,-6.70E-05,-6.71E-05,-6.61E-05,-6.61E-05,-6.56E-05,-6.43E-05,-6.42E-05,-6.46E-05,-6.44E-05,-6.32E-05,-6.16E-05,-6.08E-05,-6.13E-05,-6.14E-05,-6.13E-05,-6.03E-05,-5.89E-05,-5.81E-05,-5.70E-05,-5.68E-05,-5.59E-05,-5.73E-05,-5.88E-05,-5.85E-05,-5.75E-05,-5.91E-05,-6.23E-05,-6.36E-05,-6.36E-05,-6.10E-05,-5.93E-05,-5.85E-05,-5.72E-05,-5.70E-05,-5.79E-05,-5.86E-05,-5.87E-05,-6.01E-05,-6.22E-05,-6.41E-05,-6.51E-05,-6.38E-05,-6.30E-05,-6.38E-05,-6.50E-05,-6.61E-05,-6.67E-05,-6.63E-05,-6.53E-05,-6.46E-05,-6.40E-05,-6.17E-05,-5.94E-05,-5.96E-05,-5.97E-05,-5.86E-05,-5.52E-05,-5.29E-05,-5.09E-05,-5.04E-05,-5.03E-05,-4.82E-05
226,LFP1,38,0,48.90558457,-4.52E-05,-4.24E-05,-4.10E-05,-3.96E-05,-3.93E-05,-3.94E-05,-3.90E-05,-3.94E-05,-3.94E-05,-3.93E-05,-3.80E-05,-3.86E-05,-3.92E-05,-3.72E-05,-3.53E-05,-3.21E-05,-2.07E-05,-5.71E-06,7.40E-06,1.54E-05,2.00E-05,1.74E-05,7.48E-06,-4.75E-06,-1.53E-05,-2.31E-05,-2.95E-05,-3.47E-05,-3.77E-05,-4.08E-05,-4.13E-05,-4.23E-05,-4.43E-05,-4.72E-05,-4.79E-05,-4.61E-05,-4.29E-05,-4.00E-05,-3.82E-05,-3.71E-05,-3.70E-05,-3.62E-05,-3.53E-05,-3.22E-05,-2.81E-05,-2.54E-05,-2.52E-05,-2.45E-05,-2.30E-05,-2.14E-05,-2.08E-05,-2.03E-05,-2.13E-05,-2.32E-05,-2.42E-05,-2.31E-05,-2.05E-05,-1.89E-05,-1.71E-05,-1.49E-05,-1.42E-05,-1.43E-05,-1.48E-05,-1.29E-05,-8.53E-06,-1.37E-06,5.91E-06,8.50E-06,8.33E-06,7.72E-06,7.31E-06,7.85E-06,6.84E-06,6.74E-06,7.48E-06,9.93E-06,1.15E-05,1.32E-05,1.45E-05,1.43E-05,1.20E-05,1.04E-05,1.06E-05,1.11E-05,1.14E-05,1.27E-05,1.54E-05,1.74E-05,1.89E-05,2.16E-05,2.26E-05,2.30E-05,2.35E-05,2.40E-05,2.42E-05,2.47E-05,2.57E-05,2.59E-05,2.43E-05,2.45E-05,2.44E-05,2.50E-05,2.68E-05,2.89E-05,2.95E-05,2.98E-05,2.75E-05,2.59E-05,2.44E-05,2.97E-05,4.60E-05,6.52E-05,7.95E-05,9.00E-05,9.57E-05,9.39E-05,8.41E-05,7.01E-05,5.64E-05,4.60E-05,3.75E-05,3.23E-05,3.10E-05,2.89E-05,2.66E-05,2.36E-05,2.24E-05,2.28E-05,2.39E-05,2.58E-05,2.85E-05,3.09E-05,3.29E-05,3.26E-05,3.14E-05,3.04E-05,3.16E-05,3.43E-05,3.74E-05,3.91E-05,4.20E-05,4.45E-05,4.66E-05,4.78E-05,5.00E-05,5.13E-05,4.91E-05,4.63E-05,4.12E-05,3.69E-05,3.56E-05,3.35E-05,3.14E-05,3.05E-05,3.03E-05,2.95E-05,2.97E-05,2.96E-05,2.94E-05,3.02E-05,3.03E-05,2.67E-05,2.50E-05,2.35E-05,2.50E-05,2.77E-05,2.81E-05,2.71E-05,2.50E-05,2.31E-05,2.09E-05,2.06E-05,2.15E-05,2.38E-05,2.64E-05,2.89E-05,3.06E-05,3.21E-05,3.33E-05,3.17E-05,2.90E-05,2.69E-05,2.52E-05,2.42E-05,2.39E-05,2.42E-05,2.53E-05,2.55E-05,2.39E-05,2.45E-05,2.64E-05,3.02E-05,3.48E-05,3.67E-05,3.75E-05,3.74E-05,3.60E-05,3.38E-05,3.23E-05,3.06E-05,3.80E-05,5.21E-05,6.56E-05,7.74E-05,8.46E-05,8.60E-05,7.89E-05,6.62E-05,5.33E-05,4.10E-05,3.41E-05,2.91E-05,2.52E-05,2.38E-05,2.16E-05,2.03E-05,2.04E-05,2.18E-05,2.23E-05,2.30E-05,2.29E-05,2.21E-05,2.18E-05,2.06E-05,2.00E-05,1.91E-05,1.95E-05,2.21E-05,2.61E-05,2.97E-05,3.37E-05,3.53E-05,3.45E-05,3.25E-05,3.14E-05,2.89E-05,2.63E-05,2.51E-05,2.53E-05,2.58E-05,2.43E-05,2.07E-05,1.81E-05,1.61E-05,1.38E-05,1.20E-05,1.23E-05,1.28E-05,1.46E-05,1.36E-05,1.12E-05,8.96E-06,5.73E-06,4.48E-06,5.43E-06,5.63E-06
227,LFP1,38,0,48.98947072,5.17E-06,4.37E-06,2.57E-06,1.50E-06,1.47E-06,1.75E-06,9.03E-07,1.12E-07,1.28E-06,3.92E-06,5.90E-06,6.70E-06,7.99E-06,9.72E-06,1.14E-05,1.04E-05,9.06E-06,7.35E-06,5.38E-06,5.14E-06,6.30E-06,6.80E-06,6.93E-06,7.48E-06,7.47E-06,6.57E-06,6.27E-06,6.65E-06,6.99E-06,1.33E-05,3.50E-05,6.90E-05,1.10E-04,1.48E-04,1.77E-04,1.95E-04,2.02E-04,2.00E-04,1.88E-04,1.70E-04,1.53E-04,1.39E-04,1.29E-04,1.22E-04,1.16E-04,1.12E-04,1.09E-04,1.08E-04,1.08E-04,1.10E-04,1.10E-04,1.06E-04,9.57E-05,8.44E-05,7.37E-05,6.48E-05,5.76E-05,5.05E-05,4.68E-05,4.55E-05,4.55E-05,4.60E-05,4.80E-05,5.08E-05,5.33E-05,5.55E-05,5.49E-05,5.33E-05,5.09E-05,4.90E-05,4.95E-05,5.05E-05,5.06E-05,5.19E-05,5.37E-05,5.53E-05,5.60E-05,5.61E-05,5.50E-05,5.38E-05,5.31E-05,5.28E-05,5.34E-05,5.48E-05,5.42E-05,5.12E-05,4.84E-05,4.71E-05,4.60E-05,4.43E-05,4.35E-05,4.42E-05,4.70E-05,5.00E-05,5.12E-05,5.27E-05,5.33E-05,5.18E-05,5.30E-05,5.47E-05,5.60E-05,6.01E-05,6.38E-05,6.89E-05,7.50E-05,7.78E-05,7.74E-05,7.68E-05,7.57E-05,7.64E-05,7.92E-05,8.27E-05,8.85E-05,9.28E-05,9.29E-05,9.28E-05,9.26E-05,9.56E-05,9.69E-05,9.41E-05,9.00E-05,8.82E-05,8.82E-05,9.02E-05,9.34E-05,9.50E-05,9.36E-05,9.32E-05,1.01E-04,1.14E-04,1.27E-04,1.37E-04,1.43E-04,1.46E-04,1.44E-04,1.35E-04,1.25E-04,1.15E-04,1.06E-04,1.01E-04,9.95E-05,9.78E-05,9.90E-05,9.90E-05,9.97E-05,1.02E-04,1.04E-04,1.04E-04,1.02E-04,1.01E-04,9.89E-05,9.67E-05,9.66E-05,9.74E-05,9.95E-05,1.03E-04,1.06E-04,1.09E-04,1.11E-04,1.12E-04,1.13E-04,1.15E-04,1.15E-04,1.17E-04,1.16E-04,1.15E-04,1.12E-04,1.11E-04,1.10E-04,1.08E-04,1.06E-04,1.03E-04,1.01E-04,1.00E-04,9.92E-05,9.74E-05,9.65E-05,9.42E-05,9.19E-05,9.06E-05,8.90E-05,8.62E-05,8.32E-05,8.00E-05,7.61E-05,7.25E-05,7.15E-05,7.02E-05,6.91E-05,6.73E-05,6.62E-05,6.53E-05,6.53E-05,6.56E-05,6.43E-05,6.41E-05,6.59E-05,6.64E-05,6.79E-05,6.91E-05,7.03E-05,6.99E-05,6.72E-05,6.53E-05,6.36E-05,6.19E-05,6.32E-05,6.75E-05,7.03E-05,7.32E-05,7.61E-05,7.57E-05,7.44E-05,7.57E-05,7.87E-05,8.28E-05,8.57E-05,8.58E-05,8.60E-05,9.07E-05,1.02E-04,1.13E-04,1.24E-04,1.33E-04,1.36E-04,1.31E-04,1.17E-04,1.01E-04,8.61E-05,7.38E-05,6.55E-05,6.16E-05,6.05E-05,5.97E-05,5.83E-05,5.81E-05,5.66E-05,5.43E-05,5.30E-05,5.24E-05,5.29E-05,5.37E-05,5.71E-05,6.22E-05,6.65E-05,6.85E-05,6.93E-05,6.84E-05,6.75E-05,6.69E-05,6.64E-05,6.54E-05,6.51E-05,6.42E-05,6.40E-05,6.36E-05
228,LFP1,38,0,49.07335687,6.44E-05,6.58E-05,6.80E-05,6.91E-05,7.04E-05,7.02E-05,7.03E-05,7.20E-05,7.28E-05,7.53E-05,7.55E-05,7.43E-05,7.45E-05,7.35E-05,7.15E-05,6.94E-05,6.83E-05,6.81E-05,7.01E-05,7.31E-05,7.49E-05,7.35E-05,7.20E-05,6.86E-05,6.53E-05,6.26E-05,6.12E-05,6.22E-05,6.30E-05,6.36E-05,6.53E-05,6.46E-05,6.29E-05,6.17E-05,6.19E-05,6.41E-05,6.61E-05,6.84E-05,7.02E-05,7.41E-05,7.83E-05,8.26E-05,8.61E-05,8.99E-05,9.14E-05,9.23E-05,9.21E-05,9.13E-05,9.18E-05,9.31E-05,9.40E-05,9.59E-05,9.79E-05,9.91E-05,9.83E-05,9.58E-05,9.49E-05,9.48E-05,9.43E-05,9.38E-05,9.42E-05,9.55E-05,9.34E-05,9.10E-05,9.02E-05,8.83E-05,8.39E-05,8.01E-05,7.89E-05,7.96E-05,8.04E-05,8.14E-05,8.30E-05,8.53E-05,8.84E-05,9.00E-05,9.11E-05,9.14E-05,8.96E-05,8.82E-05,8.59E-05,8.23E-05,7.99E-05,7.75E-05,7.32E-05,7.28E-05,8.03E-05,8.73E-05,9.77E-05,1.11E-04,1.24E-04,1.34E-04,1.43E-04,1.47E-04,1.45E-04,1.40E-04,1.37E-04,1.31E-04,1.17E-04,1.05E-04,9.41E-05,8.54E-05,8.01E-05,8.03E-05,8.28E-05,8.48E-05,8.50E-05,8.42E-05,8.50E-05,8.74E-05,9.14E-05,9.44E-05,9.52E-05,9.54E-05,9.62E-05,9.59E-05,9.50E-05,9.40E-05,9.37E-05,9.27E-05,9.08E-05,8.78E-05,8.39E-05,8.19E-05,8.07E-05,7.89E-05,7.46E-05,6.98E-05,6.65E-05,6.27E-05,5.95E-05,5.59E-05,5.28E-05,5.03E-05,4.97E-05,5.04E-05,5.09E-05,5.10E-05,5.01E-05,4.99E-05,5.17E-05,5.44E-05,5.69E-05,5.72E-05,5.77E-05,5.75E-05,5.90E-05,5.99E-05,5.88E-05,5.81E-05,5.89E-05,6.08E-05,6.12E-05,6.27E-05,6.37E-05,6.47E-05,6.62E-05,6.65E-05,6.69E-05,6.57E-05,6.32E-05,6.15E-05,6.17E-05,6.23E-05,6.25E-05,6.21E-05,6.15E-05,6.06E-05,6.08E-05,6.36E-05,6.41E-05,6.38E-05,6.29E-05,6.08E-05,5.97E-05,5.92E-05,5.89E-05,5.77E-05,5.53E-05,5.29E-05,5.25E-05,5.25E-05,5.20E-05,5.16E-05,5.14E-05,5.02E-05,5.13E-05,5.24E-05,5.41E-05,5.43E-05,5.45E-05,5.68E-05,6.14E-05,6.84E-05,8.14E-05,9.94E-05,1.15E-04,1.29E-04,1.36E-04,1.39E-04,1.39E-04,1.33E-04,1.22E-04,1.10E-04,9.92E-05,9.10E-05,8.49E-05,8.14E-05,8.03E-05,8.23E-05,8.36E-05,8.53E-05,8.73E-05,8.95E-05,9.16E-05,9.33E-05,9.64E-05,9.84E-05,1.01E-04,1.03E-04,1.03E-04,1.02E-04,1.01E-04,9.74E-05,9.48E-05,9.42E-05,9.42E-05,9.37E-05,9.50E-05,9.48E-05,9.38E-05,9.52E-05,9.68E-05,9.69E-05,9.72E-05,9.65E-05,9.52E-05,9.26E-05,9.27E-05,9.47E-05,9.76E-05,9.90E-05,1.01E-04,1.01E-04,1.00E-04,1.01E-04,1.01E-04,1.01E-04,9.91E-05,9.81E-05,9.60E-05,9.60E-05,9.64E-05,9.88E-05,1.01E-04,1.03E-04
229,LFP1,38,0,49.15724278,1.03E-04,1.04E-04,1.05E-04,1.10E-04,1.13E-04,1.14E-04,1.16E-04,1.19E-04,1.21E-04,1.22E-04,1.24E-04,1.26E-04,1.30E-04,1.33E-04,1.37E-04,1.39E-04,1.41E-04,1.40E-04,1.39E-04,1.37E-04,1.35E-04,1.35E-04,1.35E-04,1.33E-04,1.32E-04,1.32E-04,1.34E-04,1.36E-04,1.38E-04,1.41E-04,1.50E-04,1.64E-04,1.82E-04,1.96E-04,2.06E-04,2.11E-04,2.07E-04,1.97E-04,1.86E-04,1.76E-04,1.70E-04,1.67E-04,1.67E-04,1.68E-04,1.69E-04,1.68E-04,1.68E-04,1.68E-04,1.70E-04,1.71E-04,1.72E-04,1.72E-04,1.76E-04,1.79E-04,1.81E-04,1.83E-04,1.84E-04,1.86E-04,1.87E-04,1.88E-04,1.88E-04,1.90E-04,1.90E-04,1.89E-04,1.89E-04,1.90E-04,1.91E-04,1.91E-04,1.89E-04,1.89E-04,1.89E-04,1.87E-04,1.85E-04,1.83E-04,1.81E-04,1.79E-04,1.79E-04,1.78E-04,1.77E-04,1.75E-04,1.74E-04,1.73E-04,1.73E-04,1.73E-04,1.72E-04,1.71E-04,1.73E-04,1.74E-04,1.74E-04,1.73E-04,1.73E-04,1.75E-04,1.76E-04,1.77E-04,1.76E-04,1.77E-04,1.77E-04,1.80E-04,1.85E-04,1.89E-04,1.90E-04,1.88E-04,1.87E-04,1.86E-04,1.84E-04,1.84E-04,1.83E-04,1.83E-04,1.84E-04,1.87E-04,1.90E-04,1.94E-04,1.96E-04,1.97E-04,1.98E-04,2.01E-04,2.02E-04,2.05E-04,2.06E-04,2.05E-04,2.02E-04,2.01E-04,1.99E-04,1.97E-04,1.99E-04,2.12E-04,2.28E-04,2.41E-04,2.50E-04,2.53E-04,2.51E-04,2.43E-04,2.31E-04,2.16E-04,2.01E-04,1.87E-04,1.78E-04,1.74E-04,1.70E-04,1.65E-04,1.62E-04,1.62E-04,1.63E-04,1.63E-04,1.64E-04,1.64E-04,1.64E-04,1.61E-04,1.58E-04,1.57E-04,1.55E-04,1.56E-04,1.67E-04,1.92E-04,2.19E-04,2.42E-04,2.61E-04,2.72E-04,2.73E-04,2.70E-04,2.64E-04,2.57E-04,2.49E-04,2.44E-04,2.36E-04,2.28E-04,2.21E-04,2.15E-04,2.10E-04,2.07E-04,2.04E-04,2.01E-04,1.98E-04,1.96E-04,1.90E-04,1.75E-04,1.56E-04,1.38E-04,1.26E-04,1.18E-04,1.15E-04,1.15E-04,1.14E-04,1.14E-04,1.15E-04,1.15E-04,1.14E-04,1.13E-04,1.12E-04,1.10E-04,1.06E-04,1.02E-04,9.90E-05,9.82E-05,9.60E-05,9.28E-05,9.15E-05,8.95E-05,8.64E-05,8.13E-05,7.61E-05,7.03E-05,6.53E-05,6.29E-05,6.06E-05,5.80E-05,5.51E-05,5.31E-05,5.35E-05,5.54E-05,5.86E-05,6.31E-05,6.51E-05,6.23E-05,5.69E-05,5.10E-05,4.52E-05,4.27E-05,4.16E-05,4.22E-05,4.29E-05,4.22E-05,4.29E-05,4.46E-05,5.40E-05,6.98E-05,8.38E-05,9.53E-05,1.02E-04,1.07E-04,1.09E-04,1.05E-04,9.58E-05,8.44E-05,7.44E-05,6.52E-05,5.79E-05,5.38E-05,5.21E-05,5.11E-05,5.12E-05,5.04E-05,4.90E-05,5.00E-05,4.94E-05,4.81E-05,4.64E-05,4.39E-05,4.08E-05,3.98E-05,3.88E-05,3.84E-05,3.76E-05,3.62E-05,3.54E-05,3.24E-05
230,LFP1,38,0,49.24112892,3.02E-05,2.81E-05,2.42E-05,2.12E-05,2.19E-05,2.40E-05,2.53E-05,2.45E-05,2.47E-05,2.48E-05,2.49E-05,2.23E-05,2.03E-05,2.02E-05,2.18E-05,2.28E-05,2.24E-05,2.39E-05,2.40E-05,2.38E-05,2.53E-05,2.61E-05,2.76E-05,2.94E-05,3.23E-05,3.29E-05,3.25E-05,3.17E-05,3.20E-05,3.21E-05,3.21E-05,3.19E-05,3.26E-05,3.43E-05,3.74E-05,4.04E-05,4.35E-05,4.59E-05,4.92E-05,5.08E-05,4.93E-05,4.82E-05,4.68E-05,4.49E-05,4.37E-05,4.29E-05,4.31E-05,4.36E-05,4.45E-05,4.51E-05,4.56E-05,4.57E-05,4.61E-05,4.57E-05,4.61E-05,4.67E-05,4.66E-05,4.72E-05,4.61E-05,4.41E-05,4.31E-05,4.40E-05,4.46E-05,4.26E-05,3.84E-05,3.61E-05,3.63E-05,4.01E-05,4.51E-05,4.92E-05,5.18E-05,6.02E-05,7.34E-05,8.60E-05,9.69E-05,1.04E-04,1.07E-04,1.07E-04,1.06E-04,9.81E-05,8.60E-05,7.27E-05,6.31E-05,5.81E-05,5.48E-05,5.42E-05,5.53E-05,5.84E-05,6.19E-05,6.69E-05,7.09E-05,7.29E-05,7.17E-05,7.19E-05,7.14E-05,7.08E-05,7.00E-05,6.79E-05,6.57E-05,6.48E-05,6.36E-05,6.32E-05,6.42E-05,6.42E-05,6.36E-05,6.19E-05,6.13E-05,6.19E-05,6.30E-05,6.23E-05,6.08E-05,5.94E-05,5.62E-05,5.21E-05,4.98E-05,4.89E-05,4.80E-05,4.75E-05,4.78E-05,4.89E-05,4.87E-05,4.83E-05,4.95E-05,5.21E-05,5.46E-05,5.52E-05,5.50E-05,5.55E-05,5.52E-05,5.50E-05,5.59E-05,5.57E-05,5.48E-05,5.35E-05,5.27E-05,5.46E-05,5.71E-05,5.89E-05,5.90E-05,5.97E-05,6.30E-05,6.51E-05,6.60E-05,6.56E-05,6.45E-05,6.32E-05,6.13E-05,6.09E-05,6.02E-05,5.75E-05,5.61E-05,5.68E-05,6.04E-05,6.47E-05,6.89E-05,7.18E-05,7.27E-05,7.19E-05,7.26E-05,7.34E-05,7.40E-05,7.73E-05,8.69E-05,9.94E-05,1.10E-04,1.17E-04,1.19E-04,1.18E-04,1.11E-04,1.02E-04,9.45E-05,8.67E-05,8.09E-05,7.68E-05,7.41E-05,7.07E-05,7.01E-05,7.24E-05,7.39E-05,7.33E-05,7.39E-05,7.65E-05,7.98E-05,8.02E-05,7.98E-05,7.90E-05,8.09E-05,8.33E-05,8.53E-05,8.88E-05,9.15E-05,9.21E-05,9.24E-05,9.26E-05,9.18E-05,8.86E-05,8.56E-05,8.29E-05,8.28E-05,8.43E-05,8.59E-05,8.68E-05,8.77E-05,8.90E-05,9.04E-05,9.26E-05,9.35E-05,9.35E-05,9.26E-05,9.15E-05,9.23E-05,9.23E-05,9.21E-05,9.11E-05,8.98E-05,8.76E-05,8.63E-05,8.67E-05,8.78E-05,9.00E-05,9.19E-05,9.27E-05,9.10E-05,8.97E-05,8.90E-05,8.96E-05,9.04E-05,9.20E-05,9.18E-05,9.23E-05,9.45E-05,9.65E-05,9.75E-05,9.88E-05,1.01E-04,1.03E-04,1.05E-04,1.06E-04,1.07E-04,1.10E-04,1.14E-04,1.19E-04,1.22E-04,1.23E-04,1.22E-04,1.20E-04,1.19E-04,1.19E-04,1.19E-04,1.20E-04,1.23E-04,1.26E-04,1.27E-04,1.28E-04,1.29E-04,1.31E-04
231,LFP1,38,0,49.32501507,1.41E-04,1.56E-04,1.70E-04,1.81E-04,1.88E-04,1.93E-04,1.95E-04,1.91E-04,1.82E-04,1.71E-04,1.60E-04,1.51E-04,1.45E-04,1.43E-04,1.42E-04,1.43E-04,1.46E-04,1.48E-04,1.48E-04,1.49E-04,1.49E-04,1.50E-04,1.51E-04,1.52E-04,1.52E-04,1.50E-04,1.48E-04,1.49E-04,1.51E-04,1.52E-04,1.52E-04,1.57E-04,1.59E-04,1.60E-04,1.60E-04,1.61E-04,1.63E-04,1.64E-04,1.64E-04,1.62E-04,1.58E-04,1.53E-04,1.50E-04,1.49E-04,1.50E-04,1.52E-04,1.52E-04,1.51E-04,1.48E-04,1.47E-04,1.44E-04,1.44E-04,1.43E-04,1.44E-04,1.46E-04,1.47E-04,1.47E-04,1.49E-04,1.50E-04,1.49E-04,1.47E-04,1.46E-04,1.45E-04,1.43E-04,1.43E-04,1.42E-04,1.42E-04,1.44E-04,1.44E-04,1.43E-04,1.44E-04,1.44E-04,1.44E-04,1.44E-04,1.44E-04,1.46E-04,1.49E-04,1.52E-04,1.51E-04,1.49E-04,1.49E-04,1.51E-04,1.54E-04,1.56E-04,1.57E-04,1.58E-04,1.67E-04,1.80E-04,1.92E-04,2.01E-04,2.06E-04,2.08E-04,2.04E-04,1.95E-04,1.81E-04,1.67E-04,1.55E-04,1.49E-04,1.46E-04,1.44E-04,1.43E-04,1.44E-04,1.41E-04,1.40E-04,1.39E-04,1.40E-04,1.41E-04,1.40E-04,1.40E-04,1.40E-04,1.38E-04,1.37E-04,1.37E-04,1.35E-04,1.33E-04,1.32E-04,1.31E-04,1.30E-04,1.32E-04,1.35E-04,1.37E-04,1.37E-04,1.37E-04,1.35E-04,1.34E-04,1.35E-04,1.34E-04,1.31E-04,1.31E-04,1.32E-04,1.31E-04,1.30E-04,1.30E-04,1.31E-04,1.32E-04,1.34E-04,1.37E-04,1.41E-04,1.46E-04,1.49E-04,1.49E-04,1.48E-04,1.46E-04,1.44E-04,1.42E-04,1.39E-04,1.37E-04,1.36E-04,1.37E-04,1.43E-04,1.49E-04,1.54E-04,1.60E-04,1.64E-04,1.66E-04,1.68E-04,1.69E-04,1.71E-04,1.73E-04,1.75E-04,1.78E-04,1.79E-04,1.80E-04,1.81E-04,1.82E-04,1.84E-04,1.88E-04,1.93E-04,2.00E-04,2.06E-04,2.11E-04,2.13E-04,2.15E-04,2.24E-04,2.38E-04,2.51E-04,2.61E-04,2.66E-04,2.68E-04,2.67E-04,2.62E-04,2.53E-04,2.43E-04,2.36E-04,2.33E-04,2.30E-04,2.28E-04,2.27E-04,2.25E-04,2.24E-04,2.24E-04,2.23E-04,2.24E-04,2.25E-04,2.26E-04,2.26E-04,2.25E-04,2.23E-04,2.21E-04,2.19E-04,2.18E-04,2.21E-04,2.23E-04,2.24E-04,2.27E-04,2.30E-04,2.32E-04,2.33E-04,2.37E-04,2.44E-04,2.52E-04,2.59E-04,2.63E-04,2.65E-04,2.66E-04,2.66E-04,2.67E-04,2.68E-04,2.69E-04,2.73E-04,2.75E-04,2.77E-04,2.77E-04,2.74E-04,2.69E-04,2.59E-04,2.47E-04,2.38E-04,2.32E-04,2.30E-04,2.29E-04,2.30E-04,2.29E-04,2.29E-04,2.27E-04,2.28E-04,2.29E-04,2.28E-04,2.28E-04,2.27E-04,2.26E-04,2.25E-04,2.23E-04,2.20E-04,2.15E-04,2.11E-04,2.10E-04,2.11E-04,2.12E-04,2.11E-04,2.09E-04,2.08E-04,2.08E-04,2.07E-04,2.05E-04,2.04E-04
232,LFP1,38,0,49.40890121,2.05E-04,2.04E-04,2.03E-04,2.03E-04,2.12E-04,2.26E-04,2.37E-04,2.46E-04,2.51E-04,2.52E-04,2.50E-04,2.43E-04,2.30E-04,2.19E-04,2.10E-04,2.04E-04,1.99E-04,1.95E-04,1.91E-04,1.89E-04,1.89E-04,1.90E-04,1.94E-04,1.97E-04,1.99E-04,2.01E-04,2.00E-04,2.00E-04,1.99E-04,2.01E-04,2.03E-04,2.07E-04,2.09E-04,2.10E-04,2.12E-04,2.13E-04,2.14E-04,2.13E-04,2.12E-04,2.09E-04,2.09E-04,2.12E-04,2.13E-04,2.14E-04,2.14E-04,2.12E-04,2.10E-04,2.07E-04,2.03E-04,2.00E-04,2.00E-04,1.99E-04,1.98E-04,1.96E-04,1.93E-04,1.92E-04,1.91E-04,1.90E-04,1.88E-04,1.86E-04,1.86E-04,1.90E-04,1.95E-04,1.98E-04,2.00E-04,2.02E-04,1.98E-04,1.90E-04,1.83E-04,1.80E-04,1.79E-04,1.79E-04,1.80E-04,1.83E-04,1.84E-04,1.86E-04,1.88E-04,1.87E-04,1.84E-04,1.81E-04,1.83E-04,1.84E-04,1.84E-04,1.84E-04,1.83E-04,1.82E-04,1.81E-04,1.80E-04,1.78E-04,1.76E-04,1.76E-04,1.74E-04,1.71E-04,1.70E-04,1.66E-04,1.63E-04,1.63E-04,1.64E-04,1.72E-04,1.83E-04,1.95E-04,2.06E-04,2.13E-04,2.17E-04,2.18E-04,2.16E-04,2.05E-04,1.92E-04,1.78E-04,1.66E-04,1.56E-04,1.49E-04,1.47E-04,1.44E-04,1.41E-04,1.41E-04,1.41E-04,1.41E-04,1.38E-04,1.33E-04,1.28E-04,1.23E-04,1.22E-04,1.23E-04,1.21E-04,1.19E-04,1.19E-04,1.18E-04,1.17E-04,1.14E-04,1.11E-04,1.08E-04,1.06E-04,1.02E-04,1.00E-04,9.90E-05,9.69E-05,9.53E-05,9.28E-05,8.72E-05,8.28E-05,7.93E-05,7.59E-05,7.27E-05,7.05E-05,6.88E-05,6.83E-05,6.86E-05,6.88E-05,7.00E-05,6.91E-05,6.82E-05,6.82E-05,6.71E-05,7.02E-05,7.42E-05,7.84E-05,8.02E-05,7.86E-05,7.59E-05,7.33E-05,7.08E-05,6.98E-05,6.80E-05,6.64E-05,6.66E-05,6.59E-05,6.58E-05,6.63E-05,6.81E-05,7.37E-05,8.06E-05,8.65E-05,9.00E-05,9.20E-05,9.26E-05,9.54E-05,9.88E-05,1.02E-04,1.03E-04,1.03E-04,1.04E-04,1.04E-04,1.05E-04,1.06E-04,1.07E-04,1.10E-04,1.20E-04,1.33E-04,1.43E-04,1.48E-04,1.51E-04,1.54E-04,1.55E-04,1.54E-04,1.55E-04,1.57E-04,1.59E-04,1.65E-04,1.77E-04,1.91E-04,2.04E-04,2.14E-04,2.19E-04,2.24E-04,2.28E-04,2.30E-04,2.27E-04,2.20E-04,2.14E-04,2.12E-04,2.16E-04,2.24E-04,2.32E-04,2.40E-04,2.45E-04,2.49E-04,2.53E-04,2.57E-04,2.60E-04,2.63E-04,2.69E-04,2.73E-04,2.75E-04,2.75E-04,2.71E-04,2.65E-04,2.58E-04,2.49E-04,2.41E-04,2.34E-04,2.28E-04,2.24E-04,2.22E-04,2.22E-04,2.24E-04,2.26E-04,2.26E-04,2.27E-04,2.29E-04,2.28E-04,2.26E-04,2.27E-04,2.31E-04,2.36E-04,2.39E-04,2.41E-04,2.44E-04,2.45E-04,2.44E-04,2.44E-04,2.43E-04,2.42E-04,2.39E-04,2.36E-04,2.35E-04
233,LFP1,38,0,49.49278712,2.34E-04,2.33E-04,2.31E-04,2.28E-04,2.21E-04,2.12E-04,2.04E-04,1.97E-04,1.90E-04,1.86E-04,1.86E-04,1.89E-04,1.92E-04,1.94E-04,1.95E-04,1.94E-04,1.92E-04,1.90E-04,1.87E-04,1.85E-04,1.85E-04,1.86E-04,1.88E-04,1.91E-04,1.94E-04,1.96E-04,1.99E-04,1.99E-04,2.00E-04,1.99E-04,1.97E-04,1.95E-04,1.93E-04,1.92E-04,1.92E-04,1.92E-04,1.89E-04,1.89E-04,1.88E-04,1.84E-04,1.83E-04,1.85E-04,1.85E-04,1.87E-04,1.98E-04,2.16E-04,2.35E-04,2.49E-04,2.57E-04,2.60E-04,2.61E-04,2.57E-04,2.47E-04,2.34E-04,2.22E-04,2.12E-04,2.05E-04,2.02E-04,2.02E-04,2.02E-04,2.02E-04,2.03E-04,2.03E-04,2.05E-04,2.07E-04,2.07E-04,2.03E-04,1.99E-04,1.94E-04,1.91E-04,1.90E-04,1.90E-04,1.88E-04,1.89E-04,1.90E-04,1.90E-04,1.89E-04,1.90E-04,1.93E-04,1.96E-04,1.95E-04,1.93E-04,1.91E-04,1.91E-04,1.90E-04,1.87E-04,1.84E-04,1.80E-04,1.76E-04,1.72E-04,1.68E-04,1.65E-04,1.64E-04,1.61E-04,1.57E-04,1.55E-04,1.53E-04,1.51E-04,1.49E-04,1.48E-04,1.47E-04,1.46E-04,1.46E-04,1.44E-04,1.43E-04,1.41E-04,1.39E-04,1.44E-04,1.66E-04,1.96E-04,2.26E-04,2.47E-04,2.60E-04,2.63E-04,2.62E-04,2.61E-04,2.59E-04,2.58E-04,2.57E-04,2.57E-04,2.56E-04,2.55E-04,2.53E-04,2.51E-04,2.48E-04,2.47E-04,2.46E-04,2.45E-04,2.43E-04,2.44E-04,2.49E-04,2.60E-04,2.68E-04,2.70E-04,2.69E-04,2.65E-04,2.61E-04,2.54E-04,2.42E-04,2.28E-04,2.16E-04,2.05E-04,1.97E-04,1.92E-04,1.87E-04,1.83E-04,1.81E-04,1.79E-04,1.74E-04,1.69E-04,1.67E-04,1.66E-04,1.64E-04,1.62E-04,1.58E-04,1.55E-04,1.49E-04,1.45E-04,1.41E-04,1.38E-04,1.35E-04,1.35E-04,1.34E-04,1.33E-04,1.33E-04,1.32E-04,1.33E-04,1.33E-04,1.33E-04,1.35E-04,1.36E-04,1.35E-04,1.33E-04,1.31E-04,1.31E-04,1.31E-04,1.33E-04,1.37E-04,1.42E-04,1.47E-04,1.53E-04,1.57E-04,1.61E-04,1.60E-04,1.61E-04,1.64E-04,1.65E-04,1.67E-04,1.68E-04,1.69E-04,1.68E-04,1.66E-04,1.61E-04,1.56E-04,1.55E-04,1.56E-04,1.56E-04,1.56E-04,1.55E-04,1.53E-04,1.54E-04,1.54E-04,1.52E-04,1.51E-04,1.50E-04,1.47E-04,1.44E-04,1.40E-04,1.38E-04,1.36E-04,1.34E-04,1.30E-04,1.27E-04,1.25E-04,1.25E-04,1.27E-04,1.26E-04,1.26E-04,1.26E-04,1.27E-04,1.29E-04,1.31E-04,1.33E-04,1.34E-04,1.34E-04,1.35E-04,1.35E-04,1.34E-04,1.34E-04,1.35E-04,1.38E-04,1.41E-04,1.46E-04,1.49E-04,1.52E-04,1.54E-04,1.60E-04,1.72E-04,1.85E-04,1.94E-04,2.00E-04,2.06E-04,2.10E-04,2.12E-04,2.12E-04,2.10E-04,2.06E-04,1.99E-04,1.88E-04,1.77E-04,1.68E-04,1.64E-04,1.63E-04,1.64E-04,1.68E-04,1.74E-04
234,LFP1,38,0,49.57667327,1.78E-04,1.81E-04,1.80E-04,1.78E-04,1.76E-04,1.75E-04,1.73E-04,1.73E-04,1.75E-04,1.78E-04,1.80E-04,1.81E-04,1.81E-04,1.80E-04,1.81E-04,1.80E-04,1.79E-04,1.80E-04,1.81E-04,1.82E-04,1.84E-04,1.83E-04,1.83E-04,1.82E-04,1.82E-04,1.83E-04,1.84E-04,1.85E-04,1.86E-04,1.88E-04,1.90E-04,1.92E-04,1.93E-04,1.94E-04,1.94E-04,1.94E-04,1.92E-04,1.89E-04,1.85E-04,1.85E-04,1.84E-04,1.84E-04,1.83E-04,1.81E-04,1.81E-04,1.81E-04,1.81E-04,1.81E-04,1.81E-04,1.80E-04,1.80E-04,1.81E-04,1.84E-04,1.86E-04,1.88E-04,1.89E-04,1.86E-04,1.84E-04,1.83E-04,1.81E-04,1.82E-04,1.81E-04,1.81E-04,1.81E-04,1.83E-04,1.85E-04,1.88E-04,1.89E-04,1.88E-04,1.88E-04,1.87E-04,1.87E-04,1.88E-04,1.90E-04,1.93E-04,1.95E-04,1.94E-04,1.95E-04,1.97E-04,1.99E-04,1.99E-04,1.99E-04,1.99E-04,2.01E-04,2.03E-04,2.05E-04,2.07E-04,2.15E-04,2.28E-04,2.41E-04,2.52E-04,2.60E-04,2.61E-04,2.61E-04,2.60E-04,2.54E-04,2.43E-04,2.31E-04,2.21E-04,2.14E-04,2.09E-04,2.10E-04,2.13E-04,2.17E-04,2.18E-04,2.17E-04,2.14E-04,2.07E-04,2.02E-04,1.99E-04,1.99E-04,1.97E-04,1.95E-04,1.94E-04,1.93E-04,1.92E-04,1.92E-04,1.92E-04,1.91E-04,1.88E-04,1.85E-04,1.83E-04,1.81E-04,1.78E-04,1.75E-04,1.76E-04,1.75E-04,1.73E-04,1.70E-04,1.68E-04,1.66E-04,1.64E-04,1.64E-04,1.64E-04,1.65E-04,1.64E-04,1.62E-04,1.59E-04,1.59E-04,1.59E-04,1.58E-04,1.57E-04,1.57E-04,1.58E-04,1.57E-04,1.56E-04,1.55E-04,1.55E-04,1.57E-04,1.58E-04,1.57E-04,1.56E-04,1.55E-04,1.54E-04,1.54E-04,1.51E-04,1.47E-04,1.42E-04,1.40E-04,1.39E-04,1.41E-04,1.44E-04,1.46E-04,1.49E-04,1.50E-04,1.51E-04,1.51E-04,1.51E-04,1.52E-04,1.51E-04,1.47E-04,1.44E-04,1.44E-04,1.43E-04,1.44E-04,1.43E-04,1.49E-04,1.62E-04,1.77E-04,1.88E-04,1.95E-04,2.00E-04,1.97E-04,1.87E-04,1.74E-04,1.61E-04,1.51E-04,1.44E-04,1.40E-04,1.37E-04,1.35E-04,1.33E-04,1.34E-04,1.35E-04,1.37E-04,1.40E-04,1.44E-04,1.47E-04,1.49E-04,1.47E-04,1.46E-04,1.45E-04,1.45E-04,1.44E-04,1.45E-04,1.47E-04,1.49E-04,1.51E-04,1.50E-04,1.49E-04,1.49E-04,1.49E-04,1.49E-04,1.49E-04,1.50E-04,1.51E-04,1.51E-04,1.50E-04,1.49E-04,1.47E-04,1.45E-04,1.45E-04,1.47E-04,1.50E-04,1.52E-04,1.52E-04,1.51E-04,1.50E-04,1.52E-04,1.54E-04,1.57E-04,1.61E-04,1.66E-04,1.71E-04,1.74E-04,1.76E-04,1.77E-04,1.75E-04,1.72E-04,1.69E-04,1.67E-04,1.65E-04,1.63E-04,1.62E-04,1.63E-04,1.64E-04,1.62E-04,1.62E-04,1.62E-04,1.63E-04,1.64E-04,1.63E-04,1.64E-04,1.63E-04,1.65E-04,1.66E-04
235,LFP1,38,0,49.66055942,1.66E-04,1.65E-04,1.64E-04,1.65E-04,1.63E-04,1.61E-04,1.61E-04,1.61E-04,1.63E-04,1.64E-04,1.65E-04,1.64E-04,1.63E-04,1.62E-04,1.60E-04,1.57E-04,1.56E-04,1.55E-04,1.53E-04,1.52E-04,1.51E-04,1.49E-04,1.49E-04,1.48E-04,1.47E-04,1.47E-04,1.49E-04,1.51E-04,1.51E-04,1.49E-04,1.50E-04,1.50E-04,1.49E-04,1.49E-04,1.48E-04,1.47E-04,1.47E-04,1.46E-04,1.46E-04,1.45E-04,1.45E-04,1.46E-04,1.48E-04,1.48E-04,1.49E-04,1.51E-04,1.54E-04,1.56E-04,1.56E-04,1.58E-04,1.57E-04,1.56E-04,1.56E-04,1.56E-04,1.54E-04,1.52E-04,1.50E-04,1.47E-04,1.46E-04,1.49E-04,1.51E-04,1.52E-04,1.52E-04,1.51E-04,1.53E-04,1.56E-04,1.58E-04,1.56E-04,1.55E-04,1.57E-04,1.60E-04,1.72E-04,1.87E-04,2.00E-04,2.09E-04,2.14E-04,2.17E-04,2.16E-04,2.14E-04,2.11E-04,2.11E-04,2.11E-04,2.09E-04,2.05E-04,2.03E-04,2.02E-04,2.00E-04,2.01E-04,2.03E-04,2.06E-04,2.09E-04,2.14E-04,2.18E-04,2.20E-04,2.22E-04,2.23E-04,2.22E-04,2.21E-04,2.21E-04,2.22E-04,2.25E-04,2.27E-04,2.29E-04,2.28E-04,2.26E-04,2.20E-04,2.11E-04,2.01E-04,1.92E-04,1.85E-04,1.80E-04,1.77E-04,1.76E-04,1.75E-04,1.73E-04,1.71E-04,1.67E-04,1.64E-04,1.60E-04,1.58E-04,1.57E-04,1.55E-04,1.55E-04,1.55E-04,1.54E-04,1.54E-04,1.53E-04,1.49E-04,1.45E-04,1.42E-04,1.40E-04,1.40E-04,1.40E-04,1.37E-04,1.34E-04,1.31E-04,1.28E-04,1.28E-04,1.27E-04,1.29E-04,1.30E-04,1.30E-04,1.30E-04,1.29E-04,1.30E-04,1.33E-04,1.36E-04,1.38E-04,1.39E-04,1.38E-04,1.38E-04,1.39E-04,1.41E-04,1.42E-04,1.44E-04,1.47E-04,1.48E-04,1.47E-04,1.44E-04,1.44E-04,1.43E-04,1.42E-04,1.42E-04,1.42E-04,1.42E-04,1.40E-04,1.41E-04,1.41E-04,1.39E-04,1.35E-04,1.34E-04,1.35E-04,1.35E-04,1.35E-04,1.35E-04,1.36E-04,1.35E-04,1.32E-04,1.30E-04,1.28E-04,1.27E-04,1.27E-04,1.26E-04,1.24E-04,1.22E-04,1.20E-04,1.18E-04,1.15E-04,1.12E-04,1.09E-04,1.08E-04,1.07E-04,1.07E-04,1.07E-04,1.09E-04,1.12E-04,1.16E-04,1.26E-04,1.39E-04,1.50E-04,1.59E-04,1.66E-04,1.71E-04,1.65E-04,1.52E-04,1.39E-04,1.29E-04,1.21E-04,1.17E-04,1.16E-04,1.16E-04,1.18E-04,1.20E-04,1.22E-04,1.23E-04,1.23E-04,1.24E-04,1.24E-04,1.23E-04,1.22E-04,1.21E-04,1.20E-04,1.20E-04,1.20E-04,1.19E-04,1.19E-04,1.19E-04,1.19E-04,1.19E-04,1.20E-04,1.24E-04,1.26E-04,1.26E-04,1.26E-04,1.25E-04,1.22E-04,1.17E-04,1.14E-04,1.11E-04,1.09E-04,1.09E-04,1.09E-04,1.10E-04,1.09E-04,1.10E-04,1.13E-04,1.14E-04,1.17E-04,1.19E-04,1.19E-04,1.19E-04,1.18E-04,1.19E-04,1.19E-04,1.20E-04,1.20E-04
236,LFP1,38,0,49.74444532,1.18E-04,1.17E-04,1.15E-04,1.14E-04,1.15E-04,1.18E-04,1.23E-04,1.30E-04,1.36E-04,1.37E-04,1.33E-04,1.29E-04,1.26E-04,1.23E-04,1.24E-04,1.25E-04,1.26E-04,1.28E-04,1.30E-04,1.31E-04,1.32E-04,1.31E-04,1.30E-04,1.36E-04,1.46E-04,1.58E-04,1.72E-04,1.83E-04,1.89E-04,1.88E-04,1.77E-04,1.61E-04,1.49E-04,1.39E-04,1.34E-04,1.32E-04,1.33E-04,1.37E-04,1.40E-04,1.42E-04,1.42E-04,1.42E-04,1.41E-04,1.40E-04,1.42E-04,1.43E-04,1.42E-04,1.42E-04,1.44E-04,1.46E-04,1.51E-04,1.55E-04,1.55E-04,1.55E-04,1.55E-04,1.57E-04,1.62E-04,1.67E-04,1.74E-04,1.81E-04,1.87E-04,1.90E-04,1.89E-04,1.88E-04,1.86E-04,1.85E-04,1.87E-04,1.88E-04,1.91E-04,1.92E-04,1.90E-04,1.87E-04,1.82E-04,1.77E-04,1.75E-04,1.73E-04,1.73E-04,1.71E-04,1.68E-04,1.64E-04,1.60E-04,1.56E-04,1.53E-04,1.52E-04,1.51E-04,1.50E-04,1.49E-04,1.50E-04,1.50E-04,1.51E-04,1.51E-04,1.50E-04,1.48E-04,1.46E-04,1.47E-04,1.48E-04,1.47E-04,1.45E-04,1.43E-04,1.43E-04,1.45E-04,1.44E-04,1.44E-04,1.46E-04,1.48E-04,1.48E-04,1.47E-04,1.53E-04,1.63E-04,1.77E-04,1.90E-04,1.97E-04,1.99E-04,1.97E-04,1.88E-04,1.75E-04,1.62E-04,1.52E-04,1.44E-04,1.38E-04,1.34E-04,1.34E-04,1.33E-04,1.32E-04,1.32E-04,1.33E-04,1.35E-04,1.38E-04,1.39E-04,1.39E-04,1.38E-04,1.38E-04,1.37E-04,1.37E-04,1.37E-04,1.36E-04,1.35E-04,1.36E-04,1.36E-04,1.36E-04,1.37E-04,1.36E-04,1.35E-04,1.35E-04,1.34E-04,1.33E-04,1.35E-04,1.37E-04,1.38E-04,1.37E-04,1.37E-04,1.35E-04,1.30E-04,1.27E-04,1.24E-04,1.23E-04,1.23E-04,1.25E-04,1.25E-04,1.24E-04,1.22E-04,1.20E-04,1.18E-04,1.18E-04,1.18E-04,1.20E-04,1.19E-04,1.19E-04,1.18E-04,1.17E-04,1.16E-04,1.15E-04,1.14E-04,1.14E-04,1.16E-04,1.19E-04,1.23E-04,1.27E-04,1.33E-04,1.37E-04,1.39E-04,1.39E-04,1.38E-04,1.34E-04,1.29E-04,1.25E-04,1.22E-04,1.20E-04,1.19E-04,1.19E-04,1.20E-04,1.28E-04,1.42E-04,1.56E-04,1.67E-04,1.72E-04,1.72E-04,1.66E-04,1.57E-04,1.47E-04,1.35E-04,1.25E-04,1.15E-04,1.08E-04,1.04E-04,1.02E-04,1.00E-04,9.85E-05,9.67E-05,9.67E-05,9.63E-05,9.51E-05,9.29E-05,8.97E-05,8.91E-05,9.17E-05,9.39E-05,9.44E-05,9.42E-05,9.34E-05,9.06E-05,8.87E-05,8.78E-05,8.78E-05,8.54E-05,8.35E-05,8.31E-05,8.18E-05,8.06E-05,7.94E-05,7.69E-05,7.35E-05,6.96E-05,6.71E-05,6.63E-05,6.58E-05,6.31E-05,6.10E-05,5.77E-05,5.64E-05,5.49E-05,4.99E-05,4.43E-05,4.08E-05,4.08E-05,4.15E-05,4.23E-05,4.30E-05,4.23E-05,4.20E-05,4.26E-05,4.22E-05,4.15E-05,4.09E-05,4.06E-05,3.92E-05
237,LFP1,38,0,49.82833147,3.89E-05,3.95E-05,3.83E-05,3.65E-05,3.55E-05,3.51E-05,3.41E-05,3.42E-05,3.52E-05,3.57E-05,3.52E-05,3.26E-05,3.15E-05,3.16E-05,3.23E-05,3.42E-05,3.55E-05,3.43E-05,3.33E-05,3.22E-05,3.54E-05,3.98E-05,4.28E-05,4.22E-05,4.01E-05,3.84E-05,3.61E-05,3.50E-05,3.80E-05,4.78E-05,6.01E-05,7.00E-05,7.66E-05,7.83E-05,7.63E-05,6.88E-05,5.82E-05,4.60E-05,3.43E-05,2.66E-05,2.23E-05,2.21E-05,2.21E-05,2.27E-05,2.20E-05,1.95E-05,1.60E-05,1.32E-05,1.19E-05,1.13E-05,1.11E-05,1.07E-05,8.89E-06,8.64E-06,1.03E-05,1.06E-05,1.22E-05,1.12E-05,8.89E-06,8.60E-06,1.04E-05,1.10E-05,9.44E-06,6.67E-06,5.42E-06,4.06E-06,1.69E-06,3.96E-07,-1.51E-06,-1.88E-06,-8.70E-07,1.09E-06,2.05E-06,1.72E-06,-1.64E-07,-3.04E-06,-7.02E-06,-7.65E-06,-6.99E-06,-7.35E-06,-9.35E-06,-1.39E-05,-1.79E-05,-2.25E-05,-2.73E-05,-3.11E-05,-3.25E-05,-3.15E-05,-2.91E-05,-2.80E-05,-2.96E-05,-3.33E-05,-3.65E-05,-3.78E-05,-3.79E-05,-3.49E-05,-3.12E-05,-2.78E-05,-2.73E-05,-2.57E-05,-2.52E-05,-2.62E-05,-2.88E-05,-3.16E-05,-3.27E-05,-3.43E-05,-3.50E-05,-3.39E-05,-3.18E-05,-2.92E-05,-2.83E-05,-2.24E-05,-1.06E-05,8.14E-07,7.94E-06,1.23E-05,1.17E-05,3.42E-06,-7.71E-06,-1.97E-05,-3.02E-05,-3.70E-05,-3.91E-05,-4.02E-05,-4.00E-05,-3.97E-05,-4.00E-05,-4.01E-05,-4.03E-05,-4.18E-05,-4.33E-05,-4.40E-05,-4.63E-05,-5.04E-05,-5.30E-05,-5.50E-05,-5.50E-05,-5.58E-05,-5.75E-05,-5.67E-05,-5.40E-05,-5.21E-05,-5.31E-05,-5.51E-05,-5.97E-05,-6.51E-05,-6.85E-05,-6.77E-05,-6.74E-05,-6.66E-05,-6.54E-05,-6.63E-05,-6.75E-05,-7.03E-05,-7.17E-05,-7.37E-05,-7.61E-05,-7.83E-05,-8.03E-05,-7.99E-05,-7.84E-05,-7.65E-05,-7.63E-05,-7.89E-05,-8.19E-05,-8.63E-05,-9.10E-05,-9.43E-05,-9.63E-05,-9.77E-05,-1.00E-04,-1.02E-04,-1.05E-04,-1.05E-04,-1.05E-04,-1.06E-04,-1.08E-04,-1.10E-04,-1.12E-04,-1.14E-04,-1.18E-04,-1.22E-04,-1.25E-04,-1.27E-04,-1.28E-04,-1.30E-04,-1.33E-04,-1.37E-04,-1.39E-04,-1.40E-04,-1.40E-04,-1.40E-04,-1.38E-04,-1.37E-04,-1.37E-04,-1.30E-04,-1.16E-04,-1.02E-04,-9.03E-05,-8.32E-05,-8.44E-05,-9.54E-05,-1.11E-04,-1.26E-04,-1.38E-04,-1.48E-04,-1.54E-04,-1.57E-04,-1.58E-04,-1.60E-04,-1.62E-04,-1.63E-04,-1.64E-04,-1.65E-04,-1.68E-04,-1.71E-04,-1.75E-04,-1.78E-04,-1.79E-04,-1.82E-04,-1.83E-04,-1.83E-04,-1.84E-04,-1.84E-04,-1.83E-04,-1.82E-04,-1.81E-04,-1.80E-04,-1.79E-04,-1.80E-04,-1.80E-04,-1.82E-04,-1.85E-04,-1.90E-04,-1.93E-04,-1.96E-04,-2.00E-04,-2.04E-04,-2.06E-04,-2.08E-04,-2.09E-04,-2.09E-04,-2.09E-04,-2.10E-04,-2.11E-04,-2.12E-04,-2.12E-04,-2.13E-04,-2.14E-04,-2.16E-04,-2.15E-04,-2.14E-04,-2.16E-04,-2.18E-04,-2.23E-04,-2.29E-04
238,LFP1,38,0,49.91221762,-2.32E-04,-2.33E-04,-2.34E-04,-2.35E-04,-2.33E-04,-2.33E-04,-2.34E-04,-2.35E-04,-2.38E-04,-2.41E-04,-2.43E-04,-2.45E-04,-2.47E-04,-2.51E-04,-2.53E-04,-2.55E-04,-2.57E-04,-2.59E-04,-2.58E-04,-2.55E-04,-2.53E-04,-2.51E-04,-2.51E-04,-2.50E-04,-2.45E-04,-2.35E-04,-2.26E-04,-2.19E-04,-2.15E-04,-2.14E-04,-2.19E-04,-2.32E-04,-2.47E-04,-2.60E-04,-2.71E-04,-2.75E-04,-2.77E-04,-2.77E-04,-2.76E-04,-2.75E-04,-2.76E-04,-2.76E-04,-2.76E-04,-2.77E-04,-2.78E-04,-2.77E-04,-2.80E-04,-2.84E-04,-2.87E-04,-2.90E-04,-2.93E-04,-2.95E-04,-2.95E-04,-2.96E-04,-2.97E-04,-2.96E-04,-2.95E-04,-2.95E-04,-2.96E-04,-2.98E-04,-2.99E-04,-3.00E-04,-3.00E-04,-3.01E-04,-3.02E-04,-3.02E-04,-3.02E-04,-3.02E-04,-3.03E-04,-3.07E-04,-3.11E-04,-3.14E-04,-3.16E-04,-3.15E-04,-3.15E-04,-3.14E-04,-3.12E-04,-3.13E-04,-3.15E-04,-3.18E-04,-3.19E-04,-3.19E-04,-3.19E-04,-3.16E-04,-3.14E-04,-3.14E-04,-3.15E-04,-3.18E-04,-3.19E-04,-3.20E-04,-3.19E-04,-3.16E-04,-3.13E-04,-3.10E-04,-3.06E-04,-3.05E-04,-3.04E-04,-3.04E-04,-3.06E-04,-3.09E-04,-3.09E-04,-3.07E-04,-3.02E-04,-2.98E-04,-2.96E-04,-2.97E-04,-2.97E-04,-2.96E-04,-2.92E-04,-2.88E-04,-2.85E-04,-2.85E-04,-2.89E-04,-2.92E-04,-2.95E-04,-2.90E-04,-2.77E-04,-2.61E-04,-2.47E-04,-2.37E-04,-2.32E-04,-2.30E-04,-2.37E-04,-2.50E-04,-2.60E-04,-2.69E-04,-2.74E-04,-2.79E-04,-2.83E-04,-2.86E-04,-2.87E-04,-2.87E-04,-2.86E-04,-2.86E-04,-2.84E-04,-2.79E-04,-2.77E-04,-2.76E-04,-2.76E-04,-2.75E-04,-2.72E-04,-2.69E-04,-2.67E-04,-2.67E-04,-2.65E-04,-2.64E-04,-2.64E-04,-2.63E-04,-2.60E-04,-2.61E-04,-2.62E-04,-2.65E-04,-2.67E-04,-2.68E-04,-2.65E-04,-2.63E-04,-2.62E-04,-2.62E-04,-2.62E-04,-2.63E-04,-2.62E-04,-2.61E-04,-2.61E-04,-2.60E-04,-2.58E-04,-2.57E-04,-2.59E-04,-2.59E-04,-2.61E-04,-2.64E-04,-2.65E-04,-2.64E-04,-2.65E-04,-2.67E-04,-2.67E-04,-2.64E-04,-2.61E-04,-2.59E-04,-2.58E-04,-2.57E-04,-2.56E-04,-2.57E-04,-2.60E-04,-2.61E-04,-2.59E-04,-2.58E-04,-2.57E-04,-2.58E-04,-2.58E-04,-2.56E-04,-2.55E-04,-2.53E-04,-2.53E-04,-2.51E-04,-2.47E-04,-2.45E-04,-2.44E-04,-2.44E-04,-2.44E-04,-2.43E-04,-2.43E-04,-2.45E-04,-2.51E-04,-2.54E-04,-2.55E-04,-2.54E-04,-2.47E-04,-2.34E-04,-2.19E-04,-2.04E-04,-1.96E-04,-1.94E-04,-1.93E-04,-1.96E-04,-2.08E-04,-2.23E-04,-2.37E-04,-2.46E-04,-2.50E-04,-2.55E-04,-2.59E-04,-2.61E-04,-2.60E-04,-2.60E-04,-2.58E-04,-2.55E-04,-2.54E-04,-2.52E-04,-2.52E-04,-2.52E-04,-2.52E-04,-2.54E-04,-2.55E-04,-2.57E-04,-2.62E-04,-2.67E-04,-2.70E-04,-2.72E-04,-2.72E-04,-2.72E-04,-2.72E-04,-2.72E-04,-2.72E-04,-2.71E-04,-2.70E-04,-2.69E-04,-2.70E-04,-2.69E-04,-2.69E-04,-2.70E-04,-2.71E-04,-2.73E-04,-2.77E-04,-2.79E-04,-2.80E-04,-2.81E-04
239,LFP1,38,0,49.99610376,-2.79E-04,-2.79E-04,-2.81E-04,-2.82E-04,-2.84E-04,-2.85E-04,-2.85E-04,-2.84E-04,-2.84E-04,-2.84E-04,-2.85E-04,-2.86E-04,-2.86E-04,-2.86E-04,-2.88E-04,-2.88E-04,-2.89E-04,-2.88E-04,-2.88E-04,-2.86E-04,-2.83E-04,-2.81E-04,-2.79E-04,-2.79E-04,-2.83E-04,-2.87E-04,-2.90E-04,-2.91E-04,-2.91E-04,-2.92E-04,-2.93E-04,-2.93E-04,-2.94E-04,-2.95E-04,-2.95E-04,-2.87E-04,-2.74E-04,-2.60E-04,-2.49E-04,-2.43E-04,-2.45E-04,-2.54E-04,-2.67E-04,-2.80E-04,-2.90E-04,-2.97E-04,-3.01E-04,-3.06E-04,-3.10E-04,-3.11E-04,-3.12E-04,-3.13E-04,-3.13E-04,-3.14E-04,-3.15E-04,-3.15E-04,-3.17E-04,-3.19E-04,-3.20E-04,-3.20E-04,-3.21E-04,-3.23E-04,-3.27E-04,-3.30E-04,-3.31E-04,-3.31E-04,-3.31E-04,-3.33E-04,-3.34E-04,-3.32E-04,-3.32E-04,-3.34E-04,-3.35E-04,-3.36E-04,-3.36E-04,-3.37E-04,-3.37E-04,-3.35E-04,-3.33E-04,-3.31E-04,-3.30E-04,-3.30E-04,-3.32E-04,-3.32E-04,-3.31E-04,-3.29E-04,-3.29E-04,-3.32E-04,-3.32E-04,-3.30E-04,-3.30E-04,-3.32E-04,-3.27E-04,-3.03E-04,-2.70E-04,-2.37E-04,-2.13E-04,-2.02E-04,-2.00E-04,-2.05E-04,-2.10E-04,-2.15E-04,-2.20E-04,-2.24E-04,-2.27E-04,-2.31E-04,-2.34E-04,-2.36E-04,-2.35E-04,-2.36E-04,-2.37E-04,-2.39E-04,-2.41E-04,-2.43E-04,-2.46E-04,-2.50E-04,-2.51E-04,-2.52E-04,-2.54E-04,-2.60E-04,-2.67E-04,-2.69E-04,-2.67E-04,-2.64E-04,-2.61E-04,-2.59E-04,-2.62E-04,-2.70E-04,-2.80E-04,-2.89E-04,-2.98E-04,-3.07E-04,-3.14E-04,-3.20E-04,-3.27E-04,-3.30E-04,-3.32E-04,-3.30E-04,-3.30E-04,-3.31E-04,-3.32E-04,-3.33E-04,-3.34E-04,-3.36E-04,-3.37E-04,-3.39E-04,-3.42E-04,-3.45E-04,-3.48E-04,-3.53E-04,-3.56E-04,-3.59E-04,-3.62E-04,-3.64E-04,-3.65E-04,-3.68E-04,-3.67E-04,-3.66E-04,-3.67E-04,-3.67E-04,-3.66E-04,-3.64E-04,-3.64E-04,-3.64E-04,-3.63E-04,-3.60E-04,-3.55E-04,-3.52E-04,-3.51E-04,-3.50E-04,-3.47E-04,-3.45E-04,-3.45E-04,-3.45E-04,-3.44E-04,-3.43E-04,-3.42E-04,-3.41E-04,-3.40E-04,-3.41E-04,-3.42E-04,-3.46E-04,-3.47E-04,-3.46E-04,-3.44E-04,-3.44E-04,-3.45E-04,-3.47E-04,-3.46E-04,-3.46E-04,-3.48E-04,-3.50E-04,-3.50E-04,-3.49E-04,-3.48E-04,-3.49E-04,-3.51E-04,-3.54E-04,-3.54E-04,-3.56E-04,-3.58E-04,-3.60E-04,-3.61E-04,-3.63E-04,-3.65E-04,-3.67E-04,-3.68E-04,-3.67E-04,-3.62E-04,-3.48E-04,-3.32E-04,-3.20E-04,-3.11E-04,-3.05E-04,-3.07E-04,-3.15E-04,-3.26E-04,-3.38E-04,-3.44E-04,-3.45E-04,-3.44E-04,-3.39E-04,-3.36E-04,-3.34E-04,-3.34E-04,-3.33E-04,-3.32E-04,-3.30E-04,-3.29E-04,-3.31E-04,-3.34E-04,-3.36E-04,-3.39E-04,-3.42E-04,-3.43E-04,-3.45E-04,-3.48E-04,-3.50E-04,-3.49E-04,-3.49E-04,-3.48E-04,-3.48E-04,-3.49E-04,-3.48E-04,-3.48E-04,-3.46E-04,-3.47E-04,-3.51E-04,-3.55E-04,-3.59E-04,-3.62E-04,-3.66E-04,-3.69E-04,-3.72E-04,-3.71E-04,-3.71E-04
